-- phpMyAdmin SQL Dump
-- version 4.5.1
-- http://www.phpmyadmin.net
--
-- Host: 127.0.0.1
-- Generation Time: Oct 31, 2016 at 03:04 AM
-- Server version: 10.1.16-MariaDB
-- PHP Version: 5.6.24

SET SQL_MODE = "NO_AUTO_VALUE_ON_ZERO";
SET time_zone = "+00:00";


/*!40101 SET @OLD_CHARACTER_SET_CLIENT=@@CHARACTER_SET_CLIENT */;
/*!40101 SET @OLD_CHARACTER_SET_RESULTS=@@CHARACTER_SET_RESULTS */;
/*!40101 SET @OLD_COLLATION_CONNECTION=@@COLLATION_CONNECTION */;
/*!40101 SET NAMES utf8mb4 */;

--
-- Database: `simpus`
--

-- --------------------------------------------------------

--
-- Table structure for table `action`
--

CREATE TABLE `action` (
  `id` int(11) NOT NULL,
  `controller_id` varchar(50) NOT NULL,
  `action_id` varchar(50) NOT NULL,
  `name` varchar(50) NOT NULL
) ENGINE=InnoDB DEFAULT CHARSET=latin1;

--
-- Dumping data for table `action`
--

INSERT INTO `action` (`id`, `controller_id`, `action_id`, `name`) VALUES
(12, 'site', 'index', 'Index'),
(13, 'site', 'profile', 'Profile'),
(14, 'site', 'login', 'Login'),
(15, 'site', 'logout', 'Logout'),
(16, 'site', 'contact', 'Contact'),
(17, 'site', 'about', 'About'),
(18, 'menu', 'index', 'Index'),
(19, 'menu', 'view', 'View'),
(20, 'menu', 'create', 'Create'),
(21, 'menu', 'update', 'Update'),
(22, 'menu', 'delete', 'Delete'),
(23, 'role', 'index', 'Index'),
(24, 'role', 'view', 'View'),
(25, 'role', 'create', 'Create'),
(26, 'role', 'update', 'Update'),
(27, 'role', 'delete', 'Delete'),
(28, 'role', 'detail', 'Detail'),
(29, 'user', 'index', 'Index'),
(30, 'user', 'view', 'View'),
(31, 'user', 'create', 'Create'),
(32, 'user', 'update', 'Update'),
(33, 'user', 'delete', 'Delete'),
(34, 'site', 'register', 'Register'),
(35, 'menu', 'save', 'Save');

-- --------------------------------------------------------

--
-- Table structure for table `agama`
--

CREATE TABLE `agama` (
  `id` int(11) NOT NULL,
  `nama` varchar(20) NOT NULL
) ENGINE=MyISAM DEFAULT CHARSET=latin1;

--
-- Dumping data for table `agama`
--

INSERT INTO `agama` (`id`, `nama`) VALUES
(1, 'Islam'),
(2, 'Protestan'),
(3, 'Katolik'),
(4, 'Hindu'),
(5, 'Buddha'),
(6, 'Kong Hu Cu');

-- --------------------------------------------------------

--
-- Table structure for table `data_dasar`
--

CREATE TABLE `data_dasar` (
  `id` int(11) NOT NULL,
  `puskesmas_id` int(11) NOT NULL,
  `bulan` int(11) NOT NULL,
  `tahun` int(11) NOT NULL,
  `jml_desa` varchar(20) DEFAULT NULL,
  `jml_rt` varchar(20) DEFAULT NULL,
  `jml_rw` varchar(20) DEFAULT NULL,
  `jml_kk` varchar(20) DEFAULT NULL,
  `luas_wilayah` varchar(20) DEFAULT NULL,
  `l_jml_kurang_satu_th` varchar(20) DEFAULT NULL,
  `l_jml_satu_empat_th` varchar(20) DEFAULT NULL,
  `l_jml_lima_sembilan_th` varchar(20) DEFAULT NULL,
  `l_jml_sepuluh_empatbelas_th` varchar(20) DEFAULT NULL,
  `l_jml_limabelas_sembilanbelas_th` varchar(20) DEFAULT NULL,
  `l_jml_duapuluh_duaempat_th` varchar(20) DEFAULT NULL,
  `l_jml_dualima_duasembilan_th` varchar(20) DEFAULT NULL,
  `l_jml_tigapuluh_tigaempat_th` varchar(20) DEFAULT NULL,
  `l_jml_tigalima_tigasembilan_th` varchar(20) DEFAULT NULL,
  `l_jml_empatpuluh_empatempat_th` varchar(20) DEFAULT NULL,
  `l_jml_empatlima_empatsembilan_th` varchar(20) DEFAULT NULL,
  `l_jml_limapuluh_limaempat_th` varchar(20) DEFAULT NULL,
  `l_jml_limalima_limasembilan_th` varchar(20) DEFAULT NULL,
  `l_jml_enampuluh_enamempat_th` varchar(20) DEFAULT NULL,
  `l_jml_enamlima_enamsembilan_th` varchar(20) DEFAULT NULL,
  `l_jml_tujupuluh_tujuempat_th` varchar(20) DEFAULT NULL,
  `l_jml_diatas_tujulima_th` varchar(20) DEFAULT NULL,
  `p_jml_kurang_satu_th` varchar(20) DEFAULT NULL,
  `p_jml_satu_empat_th` varchar(20) DEFAULT NULL,
  `p_jml_lima_sembilan_th` varchar(20) DEFAULT NULL,
  `p_jml_sepuluh_empatbelas_th` varchar(20) DEFAULT NULL,
  `p_jml_limabelas_sembilanbelas_th` varchar(20) DEFAULT NULL,
  `p_jml_duapuluh_duaempat_th` varchar(20) DEFAULT NULL,
  `p_jml_dualima_duasembilan_th` varchar(20) DEFAULT NULL,
  `p_jml_tigapuluh_tigaempat_th` varchar(20) DEFAULT NULL,
  `p_jml_tigalima_tigasembilan_th` varchar(20) DEFAULT NULL,
  `p_jml_empatpuluh_empatempat_th` varchar(20) DEFAULT NULL,
  `p_jml_empatlima_empatsembilan_th` varchar(20) DEFAULT NULL,
  `p_jml_limapuluh_limaempat_th` varchar(20) DEFAULT NULL,
  `p_jml_limalima_limasembilan_th` varchar(20) DEFAULT NULL,
  `p_jml_enampuluh_enamempat_th` varchar(20) DEFAULT NULL,
  `p_jml_enamlima_enamsembilan_th` varchar(20) DEFAULT NULL,
  `p_jml_tujupuluh_tujuempat_th` varchar(20) DEFAULT NULL,
  `p_jml_diatas_tujulima_th` varchar(20) DEFAULT NULL,
  `jml_gakin` varchar(20) DEFAULT NULL,
  `jml_gakin_l` varchar(20) DEFAULT NULL,
  `jml_gakin_p` varchar(20) DEFAULT NULL,
  `jml_rumah` varchar(20) DEFAULT NULL,
  `jml_sgl` varchar(20) DEFAULT NULL,
  `jml_spt` varchar(20) DEFAULT NULL,
  `jml_sr` varchar(20) DEFAULT NULL,
  `jml_lain` varchar(20) DEFAULT NULL,
  `jml_spal` varchar(20) DEFAULT NULL,
  `jml_jamban_keluarga` varchar(20) DEFAULT NULL,
  `jml_tpa` varchar(20) DEFAULT NULL,
  `jml_tps` varchar(20) DEFAULT NULL,
  `jml_tk` varchar(20) DEFAULT NULL,
  `jml_sd` varchar(20) DEFAULT NULL,
  `jml_mi` varchar(20) DEFAULT NULL,
  `jml_sltp` varchar(20) DEFAULT NULL,
  `jml_mts` varchar(20) DEFAULT NULL,
  `jml_slta` varchar(20) DEFAULT NULL,
  `jml_ma` varchar(20) DEFAULT NULL,
  `jml_perguruan_tinggi` varchar(20) DEFAULT NULL,
  `jml_kios` varchar(20) DEFAULT NULL,
  `jml_hotel` varchar(20) DEFAULT NULL,
  `jml_salon` varchar(20) DEFAULT NULL,
  `jml_tempat_rekreasi` varchar(20) DEFAULT NULL,
  `jml_gedung` varchar(20) DEFAULT NULL,
  `jml_kolam_renang` varchar(20) DEFAULT NULL,
  `jml_masjid` varchar(20) DEFAULT NULL,
  `jml_gereja` varchar(20) DEFAULT NULL,
  `jml_klenteng` varchar(20) DEFAULT NULL,
  `jml_pura` varchar(20) DEFAULT NULL,
  `jml_vihara` varchar(20) DEFAULT NULL,
  `jml_terminal` varchar(20) DEFAULT NULL,
  `jml_stasiun` varchar(20) DEFAULT NULL,
  `jml_pelabuhan` varchar(20) DEFAULT NULL,
  `jml_pasar` varchar(20) DEFAULT NULL,
  `jml_apotik` varchar(20) DEFAULT NULL,
  `jml_toko_obat` varchar(20) DEFAULT NULL,
  `jml_panti` varchar(20) DEFAULT NULL,
  `jml_sarana_kesehatan` varchar(20) DEFAULT NULL,
  `jml_perkantoran` varchar(20) DEFAULT NULL,
  `jml_pondok` varchar(20) DEFAULT NULL,
  `jml_warung` varchar(20) DEFAULT NULL,
  `jml_rumah_makan` varchar(20) DEFAULT NULL,
  `jml_jasaboga` varchar(20) DEFAULT NULL,
  `jml_industri_makanan` varchar(20) DEFAULT NULL,
  `jml_pus` varchar(20) DEFAULT NULL,
  `jml_wus` varchar(20) DEFAULT NULL,
  `jml_bayi_l` varchar(20) DEFAULT NULL,
  `jml_bayi_p` varchar(20) DEFAULT NULL,
  `jml_balita_l` varchar(20) DEFAULT NULL,
  `jml_balita_p` varchar(20) DEFAULT NULL,
  `jml_bumil` varchar(20) DEFAULT NULL,
  `jml_bulin` varchar(20) DEFAULT NULL,
  `jml_bufas` varchar(20) DEFAULT NULL,
  `jml_ksatu` varchar(20) DEFAULT NULL,
  `jml_kempat` varchar(20) DEFAULT NULL,
  `jml_knsatu` varchar(20) DEFAULT NULL,
  `jml_kndua` varchar(20) DEFAULT NULL,
  `jml_persalinan_nakes` varchar(20) DEFAULT NULL,
  `jml_persalinan_non_nakes` varchar(20) DEFAULT NULL,
  `jml_resti_nakes` varchar(20) DEFAULT NULL,
  `jml_resti_masyarakat` varchar(20) DEFAULT NULL,
  `jml_pmpb` varchar(20) DEFAULT NULL,
  `jml_posyandu` varchar(20) DEFAULT NULL,
  `jml_murid_tk` varchar(20) DEFAULT NULL,
  `jml_kader` varchar(20) DEFAULT NULL,
  `jml_murid_tk_l` varchar(20) DEFAULT NULL,
  `jml_murid_tk_p` varchar(20) DEFAULT NULL,
  `jml_kls_satu_l` varchar(20) DEFAULT NULL,
  `jml_kls_satu_p` varchar(20) DEFAULT NULL,
  `jml_kls_dua_l` varchar(20) DEFAULT NULL,
  `jml_kls_dua_p` varchar(20) DEFAULT NULL,
  `jml_kls_tiga_l` varchar(20) DEFAULT NULL,
  `jml_kls_tiga_p` varchar(20) DEFAULT NULL
) ENGINE=InnoDB DEFAULT CHARSET=latin1;

--
-- Dumping data for table `data_dasar`
--

INSERT INTO `data_dasar` (`id`, `puskesmas_id`, `bulan`, `tahun`, `jml_desa`, `jml_rt`, `jml_rw`, `jml_kk`, `luas_wilayah`, `l_jml_kurang_satu_th`, `l_jml_satu_empat_th`, `l_jml_lima_sembilan_th`, `l_jml_sepuluh_empatbelas_th`, `l_jml_limabelas_sembilanbelas_th`, `l_jml_duapuluh_duaempat_th`, `l_jml_dualima_duasembilan_th`, `l_jml_tigapuluh_tigaempat_th`, `l_jml_tigalima_tigasembilan_th`, `l_jml_empatpuluh_empatempat_th`, `l_jml_empatlima_empatsembilan_th`, `l_jml_limapuluh_limaempat_th`, `l_jml_limalima_limasembilan_th`, `l_jml_enampuluh_enamempat_th`, `l_jml_enamlima_enamsembilan_th`, `l_jml_tujupuluh_tujuempat_th`, `l_jml_diatas_tujulima_th`, `p_jml_kurang_satu_th`, `p_jml_satu_empat_th`, `p_jml_lima_sembilan_th`, `p_jml_sepuluh_empatbelas_th`, `p_jml_limabelas_sembilanbelas_th`, `p_jml_duapuluh_duaempat_th`, `p_jml_dualima_duasembilan_th`, `p_jml_tigapuluh_tigaempat_th`, `p_jml_tigalima_tigasembilan_th`, `p_jml_empatpuluh_empatempat_th`, `p_jml_empatlima_empatsembilan_th`, `p_jml_limapuluh_limaempat_th`, `p_jml_limalima_limasembilan_th`, `p_jml_enampuluh_enamempat_th`, `p_jml_enamlima_enamsembilan_th`, `p_jml_tujupuluh_tujuempat_th`, `p_jml_diatas_tujulima_th`, `jml_gakin`, `jml_gakin_l`, `jml_gakin_p`, `jml_rumah`, `jml_sgl`, `jml_spt`, `jml_sr`, `jml_lain`, `jml_spal`, `jml_jamban_keluarga`, `jml_tpa`, `jml_tps`, `jml_tk`, `jml_sd`, `jml_mi`, `jml_sltp`, `jml_mts`, `jml_slta`, `jml_ma`, `jml_perguruan_tinggi`, `jml_kios`, `jml_hotel`, `jml_salon`, `jml_tempat_rekreasi`, `jml_gedung`, `jml_kolam_renang`, `jml_masjid`, `jml_gereja`, `jml_klenteng`, `jml_pura`, `jml_vihara`, `jml_terminal`, `jml_stasiun`, `jml_pelabuhan`, `jml_pasar`, `jml_apotik`, `jml_toko_obat`, `jml_panti`, `jml_sarana_kesehatan`, `jml_perkantoran`, `jml_pondok`, `jml_warung`, `jml_rumah_makan`, `jml_jasaboga`, `jml_industri_makanan`, `jml_pus`, `jml_wus`, `jml_bayi_l`, `jml_bayi_p`, `jml_balita_l`, `jml_balita_p`, `jml_bumil`, `jml_bulin`, `jml_bufas`, `jml_ksatu`, `jml_kempat`, `jml_knsatu`, `jml_kndua`, `jml_persalinan_nakes`, `jml_persalinan_non_nakes`, `jml_resti_nakes`, `jml_resti_masyarakat`, `jml_pmpb`, `jml_posyandu`, `jml_murid_tk`, `jml_kader`, `jml_murid_tk_l`, `jml_murid_tk_p`, `jml_kls_satu_l`, `jml_kls_satu_p`, `jml_kls_dua_l`, `jml_kls_dua_p`, `jml_kls_tiga_l`, `jml_kls_tiga_p`) VALUES
(1, 9, 1, 2015, '17', NULL, NULL, NULL, NULL, NULL, NULL, NULL, NULL, NULL, NULL, NULL, NULL, NULL, NULL, NULL, NULL, NULL, NULL, NULL, NULL, NULL, NULL, NULL, NULL, NULL, NULL, NULL, NULL, NULL, NULL, NULL, NULL, NULL, NULL, NULL, NULL, NULL, NULL, NULL, NULL, NULL, NULL, NULL, NULL, NULL, NULL, NULL, NULL, NULL, NULL, NULL, NULL, NULL, NULL, '1', '0', '1', NULL, NULL, NULL, NULL, NULL, NULL, NULL, NULL, NULL, NULL, NULL, NULL, '1', NULL, NULL, NULL, NULL, NULL, NULL, NULL, NULL, NULL, NULL, NULL, NULL, NULL, NULL, NULL, NULL, NULL, NULL, NULL, NULL, NULL, NULL, NULL, NULL, NULL, NULL, NULL, NULL, NULL, NULL, NULL, NULL, NULL, NULL, NULL, NULL, NULL, NULL, NULL, NULL, NULL, NULL);

-- --------------------------------------------------------

--
-- Table structure for table `data_gigi`
--

CREATE TABLE `data_gigi` (
  `id` int(11) NOT NULL,
  `puskesmas_id` int(11) NOT NULL,
  `bulan` int(11) NOT NULL,
  `tahun` int(11) NOT NULL,
  `jml_caries_dentis_l` varchar(20) DEFAULT NULL,
  `jml_kelainan_pulpa_l` varchar(20) DEFAULT NULL,
  `jml_kelainan_periodontal_l` varchar(20) DEFAULT NULL,
  `jml_abses_l` varchar(20) DEFAULT NULL,
  `jml_persistensi_l` varchar(20) DEFAULT NULL,
  `diagnosa_lainlain_l` varchar(20) DEFAULT NULL,
  `jml_caries_dentis_p` varchar(20) DEFAULT NULL,
  `jml_kelainan_pulpa_p` varchar(20) DEFAULT NULL,
  `jml_kelainan_periodontal_p` varchar(20) DEFAULT NULL,
  `jml_abses_p` varchar(20) DEFAULT NULL,
  `jml_persistensi_p` varchar(20) DEFAULT NULL,
  `diagnosa_lainlain_p` varchar(20) DEFAULT NULL,
  `jml_tumpatan_tetap_gigi_tetap` varchar(20) DEFAULT NULL,
  `jml_tumpatan_tetap_gigi_sulung` varchar(20) DEFAULT NULL,
  `jml_tumpatan_sementara_gigi_tetap` varchar(20) DEFAULT NULL,
  `jml_tumpatan_sementara_gigi_sulung` varchar(20) DEFAULT NULL,
  `jml_pengobatan_pulpa` varchar(20) DEFAULT NULL,
  `jml_pengobatan_periodental` varchar(20) DEFAULT NULL,
  `jml_pengobatan_abses` varchar(20) DEFAULT NULL,
  `jml_pencabutan_gigi_tetap` varchar(20) DEFAULT NULL,
  `jml_pencabutan_gigi_sulung` varchar(20) DEFAULT NULL,
  `jml_tindakan_scaling` varchar(20) DEFAULT NULL,
  `jml_knjngan_gigi_baru_bumil` varchar(20) DEFAULT NULL,
  `jml_knjngan_gigi_lama_bumil` varchar(20) DEFAULT NULL,
  `perawatan_lainlain` varchar(20) DEFAULT NULL,
  `jml_kunj_rwt_jln_br_anak_satu_enam_th_l` varchar(20) DEFAULT NULL,
  `jml_kunj_rwt_jln_lm_anak_satu_enam_th_l` varchar(20) DEFAULT NULL,
  `jml_kunj_rwt_jln_br_anak_sekolah_enam_duabelas_l` varchar(20) DEFAULT NULL,
  `jml_kunj_rwt_jln_lm_anak_sekolah_enam_duabelas_l` varchar(20) DEFAULT NULL,
  `jml_kunj_rwt_jln_gigi_lm_l` varchar(20) DEFAULT NULL,
  `jml_kunj_rwt_jln_gigi_br_l` varchar(20) DEFAULT NULL,
  `jml_kunj_rwt_jln_br_anak_satu_enam_th_p` varchar(20) DEFAULT NULL,
  `jml_kunj_rwt_jln_lm_anak_satu_enam_th_p` varchar(20) DEFAULT NULL,
  `jml_kunj_rwt_jln_br_anak_sekolah_enam_duabelas_p` varchar(20) DEFAULT NULL,
  `jml_kunj_rwt_jln_lm_anak_sekolah_enam_duabelas_p` varchar(20) DEFAULT NULL,
  `jml_kunj_rwt_jln_gigi_lm_p` varchar(20) DEFAULT NULL,
  `jml_kunj_rwt_jln_gigi_br_p` varchar(20) DEFAULT NULL
) ENGINE=InnoDB DEFAULT CHARSET=latin1;

--
-- Dumping data for table `data_gigi`
--

INSERT INTO `data_gigi` (`id`, `puskesmas_id`, `bulan`, `tahun`, `jml_caries_dentis_l`, `jml_kelainan_pulpa_l`, `jml_kelainan_periodontal_l`, `jml_abses_l`, `jml_persistensi_l`, `diagnosa_lainlain_l`, `jml_caries_dentis_p`, `jml_kelainan_pulpa_p`, `jml_kelainan_periodontal_p`, `jml_abses_p`, `jml_persistensi_p`, `diagnosa_lainlain_p`, `jml_tumpatan_tetap_gigi_tetap`, `jml_tumpatan_tetap_gigi_sulung`, `jml_tumpatan_sementara_gigi_tetap`, `jml_tumpatan_sementara_gigi_sulung`, `jml_pengobatan_pulpa`, `jml_pengobatan_periodental`, `jml_pengobatan_abses`, `jml_pencabutan_gigi_tetap`, `jml_pencabutan_gigi_sulung`, `jml_tindakan_scaling`, `jml_knjngan_gigi_baru_bumil`, `jml_knjngan_gigi_lama_bumil`, `perawatan_lainlain`, `jml_kunj_rwt_jln_br_anak_satu_enam_th_l`, `jml_kunj_rwt_jln_lm_anak_satu_enam_th_l`, `jml_kunj_rwt_jln_br_anak_sekolah_enam_duabelas_l`, `jml_kunj_rwt_jln_lm_anak_sekolah_enam_duabelas_l`, `jml_kunj_rwt_jln_gigi_lm_l`, `jml_kunj_rwt_jln_gigi_br_l`, `jml_kunj_rwt_jln_br_anak_satu_enam_th_p`, `jml_kunj_rwt_jln_lm_anak_satu_enam_th_p`, `jml_kunj_rwt_jln_br_anak_sekolah_enam_duabelas_p`, `jml_kunj_rwt_jln_lm_anak_sekolah_enam_duabelas_p`, `jml_kunj_rwt_jln_gigi_lm_p`, `jml_kunj_rwt_jln_gigi_br_p`) VALUES
(1, 12, 1, 2016, NULL, NULL, NULL, NULL, NULL, NULL, NULL, NULL, NULL, NULL, NULL, NULL, NULL, NULL, NULL, NULL, NULL, NULL, NULL, NULL, NULL, NULL, NULL, NULL, NULL, NULL, NULL, NULL, NULL, NULL, NULL, NULL, NULL, NULL, NULL, NULL, NULL);

-- --------------------------------------------------------

--
-- Table structure for table `data_gizi`
--

CREATE TABLE `data_gizi` (
  `id` int(11) NOT NULL,
  `puskesmas_id` int(11) NOT NULL,
  `bulan` int(11) NOT NULL,
  `tahun` int(11) NOT NULL,
  `bayi_nol_enam_l` varchar(20) DEFAULT NULL,
  `bayi_enam_duabelas_l` varchar(20) DEFAULT NULL,
  `anak_duabelas_tigaenam_l` varchar(20) DEFAULT NULL,
  `anak_tigatuju_enampuluh_l` varchar(20) DEFAULT NULL,
  `bayi_nol_duabelas_kms_l` varchar(20) DEFAULT NULL,
  `anak_duabelas_tigaenam_kms_l` varchar(20) DEFAULT NULL,
  `anak_tigatuju_enampuluh_kms_l` varchar(20) DEFAULT NULL,
  `bayi_nol_duabelas_ditimbang_l` varchar(20) DEFAULT NULL,
  `anak_duabelas_tigaenam_ditimbang_l` varchar(20) DEFAULT NULL,
  `anak_tigatuju_enampuluh_ditimbang_l` varchar(20) DEFAULT NULL,
  `bayi_nol_duabelas_naik_timbang_l` varchar(20) DEFAULT NULL,
  `anak_duabelas_tigaenam_nak_timbang_l` varchar(20) DEFAULT NULL,
  `anak_tigatuju_enampuluh_naik_timbang_l` varchar(20) DEFAULT NULL,
  `bayi_pertama_menimbang_l` varchar(20) DEFAULT NULL,
  `bayi_keenam_menimbang_l` varchar(20) DEFAULT NULL,
  `bayi_nol_duabelas_giziburuk_nchs_l` varchar(20) DEFAULT NULL,
  `bayi_nol_duabelas_gizikurang_l` varchar(20) DEFAULT NULL,
  `bayi_nol_duabelas_gizibaik_l` varchar(20) DEFAULT NULL,
  `bayi_nol_duabelas_gizilebih_l` varchar(20) DEFAULT NULL,
  `anak_duabelas_tigaenam_giziburuk_l` varchar(20) DEFAULT NULL,
  `anak_duabelas_tigaenam_gizikurang_l` varchar(20) DEFAULT NULL,
  `anak_duabelas_tigaenam_gizibaik_l` varchar(20) DEFAULT NULL,
  `anak_duabelas_tigaenam_gizilebih_l` varchar(20) DEFAULT NULL,
  `anak_tigaenam_enampuluh_giziburuk_l` varchar(20) DEFAULT NULL,
  `anak_tigaenam_enampuluh_gizikurang_l` varchar(20) DEFAULT NULL,
  `anak_tigaenam_enampuluh_gizibaik_l` varchar(20) DEFAULT NULL,
  `anak_tigaenam_enampuluh_gizilebih_l` varchar(20) DEFAULT NULL,
  `bayi_enam_duabelas_kapsul_vita_l` varchar(20) DEFAULT NULL,
  `anak_duabelas_enampuluh_kapsul_vita_l` varchar(20) DEFAULT NULL,
  `bayi_enam_asi_ekslusif_l` varchar(20) DEFAULT NULL,
  `bayi_bgm_mp_asi_l` varchar(20) DEFAULT NULL,
  `bayi_nol_enam_p` varchar(20) DEFAULT NULL,
  `bayi_enam_duabelas_p` varchar(20) DEFAULT NULL,
  `anak_duabelas_tigaenam_p` varchar(20) DEFAULT NULL,
  `anak_tigatuju_enampuluh_p` varchar(20) DEFAULT NULL,
  `bayi_nol_duabelas_kms_p` varchar(20) DEFAULT NULL,
  `anak_duabelas_tigaenam_kms_p` varchar(20) DEFAULT NULL,
  `anak_tigatuju_enampuluh_kms_p` varchar(20) DEFAULT NULL,
  `bayi_nol_duabelas_ditimbang_p` varchar(20) DEFAULT NULL,
  `anak_duabelas_tigaenam_ditimbang_p` varchar(20) DEFAULT NULL,
  `anak_tigatuju_enampuluh_ditimbang_p` varchar(20) DEFAULT NULL,
  `bayi_nol_duabelas_naik_timbang_p` varchar(20) DEFAULT NULL,
  `anak_duabelas_tigaenam_nak_timbang_p` varchar(20) DEFAULT NULL,
  `anak_tigatuju_enampuluh_naik_timbang_p` varchar(20) DEFAULT NULL,
  `bayi_pertama_menimbang_p` varchar(20) DEFAULT NULL,
  `bayi_keenam_menimbang_p` varchar(20) DEFAULT NULL,
  `bayi_nol_duabelas_giziburuk_nchs_p` varchar(20) DEFAULT NULL,
  `bayi_nol_duabelas_gizikurang_p` varchar(20) DEFAULT NULL,
  `bayi_nol_duabelas_gizibaik_p` varchar(20) DEFAULT NULL,
  `bayi_nol_duabelas_gizilebih_p` varchar(20) DEFAULT NULL,
  `anak_duabelas_tigaenam_giziburuk_p` varchar(20) DEFAULT NULL,
  `anak_duabelas_tigaenam_gizikurang_p` varchar(20) DEFAULT NULL,
  `anak_duabelas_tigaenam_gizibaik_p` varchar(20) DEFAULT NULL,
  `anak_duabelas_tigaenam_gizilebih_p` varchar(20) DEFAULT NULL,
  `anak_tigaenam_enampuluh_giziburuk_p` varchar(20) DEFAULT NULL,
  `anak_tigaenam_enampuluh_gizikurang_p` varchar(20) DEFAULT NULL,
  `anak_tigaenam_enampuluh_gizibaik_p` varchar(20) DEFAULT NULL,
  `anak_tigaenam_enampuluh_gizilebih_p` varchar(20) DEFAULT NULL,
  `bayi_enam_duabelas_kapsul_vita_p` varchar(20) DEFAULT NULL,
  `anak_duabelas_enampuluh_kapsul_vita_p` varchar(20) DEFAULT NULL,
  `bayi_enam_asi_ekslusif_p` varchar(20) DEFAULT NULL,
  `bayi_bgm_mp_asi_p` varchar(20) DEFAULT NULL,
  `ibu_hamil_ttd_tigapuluh` varchar(20) DEFAULT NULL,
  `ibu_hamil_ttd_enampuluh` varchar(20) DEFAULT NULL,
  `ibu_hamil_ttd_sembilanpuluh` varchar(20) DEFAULT NULL,
  `bumil_kek_baru` varchar(20) DEFAULT NULL,
  `bumil_kek_lama` varchar(20) DEFAULT NULL,
  `vit_a_sisa_seratus` varchar(20) DEFAULT NULL,
  `vit_a_sisa_duaratus` varchar(20) DEFAULT NULL,
  `gondok_grade_nol_baru` varchar(20) DEFAULT NULL,
  `gondok_grade_satu_baru` varchar(20) DEFAULT NULL,
  `gondok_grade_dua_baru` varchar(20) DEFAULT NULL,
  `gondok_grade_nol_lama` varchar(20) DEFAULT NULL,
  `gondok_grade_satu_lama` varchar(20) DEFAULT NULL,
  `gondok_grade_dua_lama` varchar(20) DEFAULT NULL,
  `sumbing_l` varchar(20) DEFAULT NULL,
  `sumbing_p` varchar(20) DEFAULT NULL,
  `perawatan_giziburuk_l` varchar(20) DEFAULT NULL,
  `perawatan_giziburuk_p` varchar(20) DEFAULT NULL,
  `jml_desa_survey` varchar(20) DEFAULT NULL,
  `jml_desa_yodium_baik` varchar(20) DEFAULT NULL,
  `jml_desa_endemis_sedang_berat` varchar(20) DEFAULT NULL,
  `jml_wus_desa` varchar(20) DEFAULT NULL
) ENGINE=InnoDB DEFAULT CHARSET=latin1;

-- --------------------------------------------------------

--
-- Table structure for table `data_imunisasi`
--

CREATE TABLE `data_imunisasi` (
  `id` int(11) NOT NULL,
  `puskesmas_id` int(11) NOT NULL,
  `bulan` int(11) NOT NULL,
  `tahun` int(11) NOT NULL,
  `jml_imunisasi_bcg_l` varchar(20) DEFAULT NULL,
  `jml_imunisasi_bcg_p` varchar(20) DEFAULT NULL,
  `jml_imunisasi_dptst_l` varchar(20) DEFAULT NULL,
  `jml_imunisasi_dptst_p` varchar(20) DEFAULT NULL,
  `jml_imunisasi_dptdua_l` varchar(20) DEFAULT NULL,
  `jml_imunisasi_dptdua_p` varchar(20) DEFAULT NULL,
  `jml_imunisasi_dpttiga_l` varchar(20) DEFAULT NULL,
  `jml_imunisasi_dpttiga_p` varchar(20) DEFAULT NULL,
  `jml_imunisasi_dpt_hbst_l` varchar(20) DEFAULT NULL,
  `jml_imunisasi_dpt_hbst_p` varchar(20) DEFAULT NULL,
  `jml_imunisasi_dpt_hbdua_l` varchar(20) DEFAULT NULL,
  `jml_imunisasi_dpt_hbdua_p` varchar(20) DEFAULT NULL,
  `jml_imunisasi_dpt_hbtiga_l` varchar(20) DEFAULT NULL,
  `jml_imunisasi_dpt_hbtiga_p` varchar(20) DEFAULT NULL,
  `jml_imunisasi_poliost_l` varchar(20) DEFAULT NULL,
  `jml_imunisasi_poliost_p` varchar(20) DEFAULT NULL,
  `jml_imunisasi_poliodua_l` varchar(20) DEFAULT NULL,
  `jml_imunisasi_poliodua_p` varchar(20) DEFAULT NULL,
  `jml_imunisasi_poliotiga_l` varchar(20) DEFAULT NULL,
  `jml_imunisasi_poliotiga_p` varchar(20) DEFAULT NULL,
  `jml_imunisasi_polioempat_l` varchar(20) DEFAULT NULL,
  `jml_imunisasi_polioempat_p` varchar(20) DEFAULT NULL,
  `jml_imunisasi_campak_l` varchar(20) DEFAULT NULL,
  `jml_imunisasi_campak_p` varchar(20) DEFAULT NULL,
  `jml_imunisasi_hptts_kurang_tuju_l` varchar(20) DEFAULT NULL,
  `jml_imunisasi_hptts_kurang_tuju_p` varchar(20) DEFAULT NULL,
  `jml_imunisasi_hptts_lebih_tuju_l` varchar(20) DEFAULT NULL,
  `jml_imunisasi_hptts_lebih_tuju_p` varchar(20) DEFAULT NULL,
  `jml_imunisasi_hptts_dua_l` varchar(20) DEFAULT NULL,
  `jml_imunisasi_hptts_dua_p` varchar(20) DEFAULT NULL,
  `jml_imunisasi_hptts_tiga_l` varchar(20) DEFAULT NULL,
  `jml_imunisasi_hptts_tiga_p` varchar(20) DEFAULT NULL,
  `jml_imunisasi_hptts_vial_satu_l` varchar(20) DEFAULT NULL,
  `jml_imunisasi_hptts_vial_satu_p` varchar(20) DEFAULT NULL,
  `jml_imunisasi_hptts_vial_dua_l` varchar(20) DEFAULT NULL,
  `jml_imunisasi_hptts_vial_dua_p` varchar(20) DEFAULT NULL,
  `jml_imunisasi_hptts_vial_tiga_l` varchar(20) DEFAULT NULL,
  `jml_imunisasi_hptts_vial_tiga_p` varchar(20) DEFAULT NULL,
  `jml_imunisasi_satu_ibuhamil_` varchar(20) DEFAULT NULL,
  `jml_imunisasi_satu_wus` varchar(20) DEFAULT NULL,
  `jml_imunisasi_dua_ibuhamil` varchar(20) DEFAULT NULL,
  `jml_imunisasi_dua_wus` varchar(20) DEFAULT NULL,
  `jml_imunisasi_tiga_ibuhamil` varchar(20) DEFAULT NULL,
  `jml_imunisasi_tiga_wus` varchar(20) DEFAULT NULL,
  `jml_imunisasi_empat_ibuhamil` varchar(20) DEFAULT NULL,
  `jml_imunisasi_empat_wus` varchar(20) DEFAULT NULL,
  `jml_imunisasi_lima_ibuhamil` varchar(20) DEFAULT NULL,
  `jml_imunisasi_lima_wus` varchar(20) DEFAULT NULL,
  `jml_imunisasi_bcg_luar_l` varchar(20) DEFAULT NULL,
  `jml_imunisasi_bcg_luar_p` varchar(20) DEFAULT NULL,
  `jml_imunisasi_dptst_luar_l` varchar(20) DEFAULT NULL,
  `jml_imunisasi_dptst_luar_p` varchar(20) DEFAULT NULL,
  `jml_imunisasi_dptdua_luar_l` varchar(20) DEFAULT NULL,
  `jml_imunisasi_dptdua_luar_p` varchar(20) DEFAULT NULL,
  `jml_imunisasi_dpttiga_luar_l` varchar(20) DEFAULT NULL,
  `jml_imunisasi_dpttiga_luar_p` varchar(20) DEFAULT NULL,
  `jml_imunisasi_dptst_hb_luar_l` varchar(20) DEFAULT NULL,
  `jml_imunisasi_dptst_hb_luar_p` varchar(20) DEFAULT NULL,
  `jml_imunisasi_dptdua_hb_luar_l` varchar(20) DEFAULT NULL,
  `jml_imunisasi_dptdua_hb_luar_p` varchar(20) DEFAULT NULL,
  `jml_imunisasi_dpttiga_hb_luar_l` varchar(20) DEFAULT NULL,
  `jml_imunisasi_dpttiga_hb_luar_p` varchar(20) DEFAULT NULL,
  `jml_imunisasi_campak_luar_l` varchar(20) DEFAULT NULL,
  `jml_imunisasi_campak_luar_p` varchar(20) DEFAULT NULL,
  `jml_imunisasi_poliost_luar_l` varchar(20) DEFAULT NULL,
  `jml_imunisasi_poliost_luar_p` varchar(20) DEFAULT NULL,
  `jml_imunisasi_poliodua_luar_l` varchar(20) DEFAULT NULL,
  `jml_imunisasi_poliodua_luar_p` varchar(20) DEFAULT NULL,
  `jml_imunisasi_poliotiga_luar_l` varchar(20) DEFAULT NULL,
  `jml_imunisasi_poliotiga_luar_p` varchar(20) DEFAULT NULL,
  `jml_imunisasi_polioempat_luar_l` varchar(20) DEFAULT NULL,
  `jml_imunisasi_polioempat_luar_p` varchar(20) DEFAULT NULL,
  `jml_imunisasi_hptts_kurang_tuju_luar_l` varchar(20) DEFAULT NULL,
  `jml_imunisasi_hptts_kurang_tuju_luar_p` varchar(20) DEFAULT NULL,
  `jml_imunisasi_hptts_lebih_tuju_luar_l` varchar(20) DEFAULT NULL,
  `jml_imunisasi_hptts_lebih_tuju_luar_p` varchar(20) DEFAULT NULL,
  `jml_imunisasi_hptts_dua_luar_l` varchar(20) DEFAULT NULL,
  `jml_imunisasi_hptts_dua_luar_p` varchar(20) DEFAULT NULL,
  `jml_imunisasi_hptts_tiga_luar_l` varchar(20) DEFAULT NULL,
  `jml_imunisasi_hptts_tiga_luar_p` varchar(20) DEFAULT NULL,
  `jml_imunisasi_hptts_vial_satu_luar_l` varchar(20) DEFAULT NULL,
  `jml_imunisasi_hptts_vial_satu_luar_p` varchar(20) DEFAULT NULL,
  `jml_imunisasi_hptts_vial_dua_luar_l` varchar(20) DEFAULT NULL,
  `jml_imunisasi_hptts_vial_dua_luar_p` varchar(20) DEFAULT NULL,
  `jml_imunisasi_hptts_vial_tiga_luar_l` varchar(20) DEFAULT NULL,
  `jml_imunisasi_hptts_vial_tiga_luar_p` varchar(20) DEFAULT NULL,
  `jml_imunisasi_ttst_ibuhamil_luar` varchar(20) DEFAULT NULL,
  `jml_imunisasi_ttst_wus_luar` varchar(20) DEFAULT NULL,
  `jml_imunisasi_ttdua_ibuhamil_luar` varchar(20) DEFAULT NULL,
  `jml_imunisasi_ttdua_wus_luar` varchar(20) DEFAULT NULL,
  `jml_imunisasi_tttiga_ibuhamil_luar` varchar(20) DEFAULT NULL,
  `jml_imunisasi_tttiga_wus_luar` varchar(20) DEFAULT NULL,
  `jml_imunisasi_ttempat_ibuhamil_luar` varchar(20) DEFAULT NULL,
  `jml_imunisasi_ttempat_wus_luar` varchar(20) DEFAULT NULL,
  `jml_imunisasi_ttlima_ibuhamil_luar` varchar(20) DEFAULT NULL,
  `jml_imunisasi_ttlima_wus_luar` varchar(20) DEFAULT NULL,
  `jml_vaksin_bcg_diterima_bulan` varchar(20) DEFAULT NULL,
  `jml_vaksin_dpt_diterima_bulan` varchar(20) DEFAULT NULL,
  `jml_vaksin_dpt_hb_diterima_bulan` varchar(20) DEFAULT NULL,
  `jml_vaksin_polio_diterima_bulan` varchar(20) DEFAULT NULL,
  `jml_vaksin_campak_diterima_bulan` varchar(20) DEFAULT NULL,
  `jml_vaksin_hb_uniject_diterima_bulan` varchar(20) DEFAULT NULL,
  `jml_vaksin_hb_vial_diterima_bulan` varchar(20) DEFAULT NULL,
  `jml_vaksin_tt_diterima_bulan` varchar(20) DEFAULT NULL,
  `jml_vaksin_dt_diterima_bulan` varchar(20) DEFAULT NULL,
  `jml_vaksin_bcg_dipakai_bulan` varchar(20) DEFAULT NULL,
  `jml_vaksin_dpt_dipakai_bulan` varchar(20) DEFAULT NULL,
  `jml_vaksin_dpt_hb_dipakai_bulan` varchar(20) DEFAULT NULL,
  `jml_vaksin_polio_dipakai_bulan` varchar(20) DEFAULT NULL,
  `jml_vaksin_campak_dipakai_bulan` varchar(20) DEFAULT NULL,
  `jml_vaksin_hb_uniject_dipakai_bulan` varchar(20) DEFAULT NULL,
  `jml_vaksin_hb_vial_dipakai_bulan` varchar(20) DEFAULT NULL,
  `jml_vaksin_tt_dipakai_bulan` varchar(20) DEFAULT NULL,
  `jml_vaksin_dt_dipakai_bulan` varchar(20) DEFAULT NULL,
  `jml_vaksin_dtst_sekolah` varchar(20) DEFAULT NULL,
  `jml_vaksin_dtdua_sekolah` varchar(20) DEFAULT NULL
) ENGINE=InnoDB DEFAULT CHARSET=latin1;

-- --------------------------------------------------------

--
-- Table structure for table `data_kb`
--

CREATE TABLE `data_kb` (
  `id` int(11) NOT NULL,
  `puskesmas_id` int(11) NOT NULL,
  `bulan` int(11) NOT NULL,
  `tahun` int(11) NOT NULL,
  `alat_kontrasepsi_mop` varchar(20) DEFAULT NULL,
  `alat_kontrasepsi_mow` varchar(20) DEFAULT NULL,
  `alat_kontrasepsi_implant` varchar(20) DEFAULT NULL,
  `alat_kontrasepsi_iud` varchar(20) DEFAULT NULL,
  `alat_kontrasepsi_suntik` varchar(20) DEFAULT NULL,
  `alat_kontrasepsi_pil` varchar(20) DEFAULT NULL,
  `alat_kontrasepsi_kondom` varchar(20) DEFAULT NULL,
  `alat_kontrasepsi_ulang_implant` varchar(20) DEFAULT NULL,
  `alat_kontrasepsi_ulang_iud` varchar(20) DEFAULT NULL,
  `alat_kontrasepsi_ulang_suntik` varchar(20) DEFAULT NULL,
  `alat_kontrasepsi_ulang_pil` varchar(20) DEFAULT NULL,
  `alat_kontrasepsi_ulang_kondom` varchar(20) DEFAULT NULL,
  `akseptor_aktif_mop` varchar(20) DEFAULT NULL,
  `akseptor_aktif_mow` varchar(20) DEFAULT NULL,
  `akseptor_aktif_implant` varchar(20) DEFAULT NULL,
  `akseptor_aktif_iud` varchar(20) DEFAULT NULL,
  `akseptor_aktif_suntik` varchar(20) DEFAULT NULL,
  `akseptor_aktif_pil` varchar(20) DEFAULT NULL,
  `akseptor_aktif_kondom` varchar(20) DEFAULT NULL,
  `efek_kontrasepsi_mop` varchar(20) DEFAULT NULL,
  `efek_kontrasepsi_mow` varchar(20) DEFAULT NULL,
  `efek_kontrasepsi_implant` varchar(20) DEFAULT NULL,
  `efek_kontrasepsi_iud` varchar(20) DEFAULT NULL,
  `efek_kontrasepsi_suntik` varchar(20) DEFAULT NULL,
  `efek_kontrasepsi_pil` varchar(20) DEFAULT NULL,
  `efek_kontrasepsi_kondom` varchar(20) DEFAULT NULL,
  `komplikasi_kontrasepsi_mop` varchar(20) DEFAULT NULL,
  `komplikasi_kontrasepsi_mow` varchar(20) DEFAULT NULL,
  `komplikasi_kontrasepsi_implant` varchar(20) DEFAULT NULL,
  `komplikasi_kontrasepsi_iud` varchar(20) DEFAULT NULL,
  `kegagalan_kontrasepsi_mop` varchar(20) DEFAULT NULL,
  `kegagalan_kontrasepsi_mow` varchar(20) DEFAULT NULL,
  `kegagalan_kontrasepsi_implant` varchar(20) DEFAULT NULL,
  `kegagalan_kontrasepsi_iud` varchar(20) DEFAULT NULL,
  `kegagalan_kontrasepsi_suntik` varchar(20) DEFAULT NULL,
  `kegagalan_kontrasepsi_pil` varchar(20) DEFAULT NULL,
  `kegagalan_kontrasepsi_kondom` varchar(20) DEFAULT NULL,
  `jml_remaja_penyuluhan_krr` varchar(20) DEFAULT NULL,
  `jml_pelayanan_remaja` varchar(20) DEFAULT NULL,
  `banyaknya_remaja_bermasalah_ditangani` varchar(20) DEFAULT NULL
) ENGINE=InnoDB DEFAULT CHARSET=latin1;

-- --------------------------------------------------------

--
-- Table structure for table `data_keg_puskesmas`
--

CREATE TABLE `data_keg_puskesmas` (
  `id` int(11) NOT NULL,
  `puskesmas_id` int(11) NOT NULL,
  `bulan` int(11) NOT NULL,
  `tahun` int(11) NOT NULL,
  `jml_dirujuk_puskesmas_l` varchar(20) DEFAULT NULL,
  `jml_dirujuk_puskesmas_p` varchar(20) DEFAULT NULL,
  `jml_rujukan_balik_rs_l` varchar(20) DEFAULT NULL,
  `jml_rujukan_balik_rs_p` varchar(20) DEFAULT NULL,
  `jml_rujukan_kader_l` varchar(20) DEFAULT NULL,
  `jml_rujukan_kader_p` varchar(20) DEFAULT NULL,
  `jml_rujukan_posyandu_l` varchar(20) DEFAULT NULL,
  `jml_rujukan_posyandu_p` varchar(20) DEFAULT NULL,
  `jml_rujukan_pustu_l` varchar(20) DEFAULT NULL,
  `jml_rujukan_pustu_p` varchar(20) DEFAULT NULL,
  `jml_rujukan_sekolah_l` varchar(20) DEFAULT NULL,
  `jml_rujukan_sekolah_p` varchar(20) DEFAULT NULL,
  `jml_rujukan_lain_l` varchar(20) DEFAULT NULL,
  `jml_rujukan_lain_p` varchar(20) DEFAULT NULL,
  `jml_rujukan_ke_puskesmas_l` varchar(20) DEFAULT NULL,
  `jml_rujukan_ke_puskesmas_p` varchar(20) DEFAULT NULL,
  `jml_kunj_dokter_ahli_l` varchar(20) DEFAULT NULL,
  `jml_kunj_dokter_ahli_p` varchar(20) DEFAULT NULL,
  `pemeriksaan_specimen_darah_l` varchar(20) DEFAULT NULL,
  `pemeriksaan_specimen_darah_p` varchar(20) DEFAULT NULL,
  `pemeriksaan_specimen_urine_l` varchar(20) DEFAULT NULL,
  `pemeriksaan_specimen_urine_p` varchar(20) DEFAULT NULL,
  `pemeriksaan_specimen_tinja_l` varchar(20) DEFAULT NULL,
  `pemeriksaan_specimen_tinja_p` varchar(20) DEFAULT NULL,
  `pemeriksaan_specimen_lain_l` varchar(20) DEFAULT NULL,
  `pemeriksaan_specimen_lain_p` varchar(20) DEFAULT NULL,
  `jml_kel_rawan_tercatat_l` varchar(20) DEFAULT NULL,
  `jml_kel_rawan_tercatat_p` varchar(20) DEFAULT NULL,
  `jml_kel_rawan_selesai_dibina_l` varchar(20) DEFAULT NULL,
  `jml_kel_rawan_selesai_dibina_p` varchar(20) DEFAULT NULL,
  `jml_kunj_kel_rawan_selesai_dibina_l` varchar(20) DEFAULT NULL,
  `jml_kunj_kel_rawan_selesai_dibina_p` varchar(20) DEFAULT NULL,
  `jml_kasus_tndk_lanjut_l` varchar(20) DEFAULT NULL,
  `jml_kasus_tndk_lanjut_p` varchar(20) DEFAULT NULL,
  `jml_kunj_kasus_tndk_lanjut_l` varchar(20) DEFAULT NULL,
  `jml_kunj_kasus_tndk_lanjut_p` varchar(20) DEFAULT NULL,
  `jml_bumil_dpt_asuhan_keperawatan` varchar(20) DEFAULT NULL,
  `jml_balita_dpt_asuhan_perawatan_l` varchar(20) DEFAULT NULL,
  `jml_balita_dpt_asuhan_perawatan_p` varchar(20) DEFAULT NULL,
  `jml_klompok_panti_l` varchar(20) DEFAULT NULL,
  `jml_klompok_panti_p` varchar(20) DEFAULT NULL,
  `jml_kunj_umum_bayar_l` varchar(20) DEFAULT NULL,
  `jml_kunj_umum_bayar_p` varchar(20) DEFAULT NULL,
  `jml_kunj_akses_l` varchar(20) DEFAULT NULL,
  `jml_kunj_akses_p` varchar(20) DEFAULT NULL,
  `juml_kunj_jps_l` varchar(20) DEFAULT NULL,
  `juml_kunj_jps_p` varchar(20) DEFAULT NULL,
  `jml_penderita_dirawat_l` varchar(20) DEFAULT NULL,
  `jml_penderita_dirawat_p` varchar(20) DEFAULT NULL,
  `jml_hari_perawatan_l` varchar(20) DEFAULT NULL,
  `jml_hari_perawatan_p` varchar(20) DEFAULT NULL,
  `jml_tempat_tidur_l` varchar(20) DEFAULT NULL,
  `jml_tempat_tidur_p` varchar(20) DEFAULT NULL,
  `jml_hari_buka_l` varchar(20) DEFAULT NULL,
  `jml_hari_buka_p` varchar(20) DEFAULT NULL,
  `jml_penderita_kluar_kurang_empatdelapan_jam_l` varchar(20) DEFAULT NULL,
  `jml_penderita_kluar_kurang_empatdelapan_jam_p` varchar(20) DEFAULT NULL,
  `jml_penderita_kluar_lebih_empatdelapan_jam_l` varchar(20) DEFAULT NULL,
  `jml_penderita_kluar_lebih_empatdelapan_jam_p` varchar(20) DEFAULT NULL
) ENGINE=InnoDB DEFAULT CHARSET=latin1;

-- --------------------------------------------------------

--
-- Table structure for table `data_kematian_bayi`
--

CREATE TABLE `data_kematian_bayi` (
  `id` int(11) NOT NULL,
  `puskesmas_id` int(11) NOT NULL,
  `bulan` int(11) NOT NULL,
  `tahun` int(11) NOT NULL,
  `jml_kematian_bayi_l` varchar(20) DEFAULT NULL,
  `umur_nol_tuju_hr_l` varchar(20) DEFAULT NULL,
  `umur_delapan_tigapuluh_hr_l` varchar(20) DEFAULT NULL,
  `umur_satu_duabelas_bln_l` varchar(20) DEFAULT NULL,
  `umur_satu_lima_thn_l` varchar(20) DEFAULT NULL,
  `persalinan_anak_kurang_lima_l` varchar(20) DEFAULT NULL,
  `persalinan_anak_lebih_lima_l` varchar(20) DEFAULT NULL,
  `jml_kematian_bayi_p` varchar(20) DEFAULT NULL,
  `umur_nol_tuju_hr_p` varchar(20) DEFAULT NULL,
  `umur_delapan_tigapuluh_hr_p` varchar(20) DEFAULT NULL,
  `umur_satu_duabelas_bln_p` varchar(20) DEFAULT NULL,
  `umur_satu_lima_thn_p` varchar(20) DEFAULT NULL,
  `persalinan_anak_kurang_lima_p` varchar(20) DEFAULT NULL,
  `persalinan_anak_lebih_lima_p` varchar(20) DEFAULT NULL,
  `anc_kurang_empat` varchar(20) DEFAULT NULL,
  `anc_lebih_empat` varchar(20) DEFAULT NULL,
  `bcg` varchar(20) DEFAULT NULL,
  `dpt` varchar(20) DEFAULT NULL,
  `polio` varchar(20) DEFAULT NULL,
  `campak` varchar(20) DEFAULT NULL,
  `hb` varchar(20) DEFAULT NULL,
  `tetanus` varchar(20) DEFAULT NULL,
  `bblr` varchar(20) DEFAULT NULL,
  `asfeksia` varchar(20) DEFAULT NULL,
  `sebab_kematian_lainlain` varchar(20) DEFAULT NULL,
  `rumah` varchar(20) DEFAULT NULL,
  `puskesmas` varchar(20) DEFAULT NULL,
  `rumah_sakit` varchar(20) DEFAULT NULL,
  `perjalanan` varchar(20) DEFAULT NULL,
  `dukun` varchar(20) DEFAULT NULL,
  `bidan` varchar(20) DEFAULT NULL
) ENGINE=InnoDB DEFAULT CHARSET=latin1;

-- --------------------------------------------------------

--
-- Table structure for table `data_kematian_ibu`
--

CREATE TABLE `data_kematian_ibu` (
  `id` int(11) NOT NULL,
  `puskesmas_id` int(11) NOT NULL,
  `bulan` int(11) NOT NULL,
  `tahun` int(11) NOT NULL,
  `jml_kematian_ibu` varchar(20) DEFAULT NULL,
  `jml_ibu_meninggal_kurang_duapuluh` varchar(20) DEFAULT NULL,
  `jml_ibu_meninggal_duapuluh_tigapuluh` varchar(20) DEFAULT NULL,
  `jml_ibu_meninggal_lebih_tigapuluh` varchar(20) DEFAULT NULL,
  `jml_pendidikan_sd` varchar(20) DEFAULT NULL,
  `jml_pendidikan_sltp` varchar(20) DEFAULT NULL,
  `jml_pendidikan_slta` varchar(20) DEFAULT NULL,
  `persalinan_anak_kurang_lima` varchar(20) DEFAULT NULL,
  `persalinan_anak_lebih_lima` varchar(20) DEFAULT NULL,
  `anc_kurang_empat` varchar(20) DEFAULT NULL,
  `anc_lebih_empat` varchar(20) DEFAULT NULL,
  `status_imunisasi_o` varchar(20) DEFAULT NULL,
  `status_imunisasi_ttsatu` varchar(20) DEFAULT NULL,
  `status_imunisasi_ttdua` varchar(20) DEFAULT NULL,
  `pendarahan` varchar(20) DEFAULT NULL,
  `eklamsi` varchar(20) DEFAULT NULL,
  `sepsis` varchar(20) DEFAULT NULL,
  `sebab_kematian_lainlain` varchar(20) DEFAULT NULL,
  `hamil` varchar(20) DEFAULT NULL,
  `nifas` varchar(20) DEFAULT NULL,
  `bersalin` varchar(20) DEFAULT NULL,
  `rumah` varchar(20) DEFAULT NULL,
  `puskesmas` varchar(20) DEFAULT NULL,
  `rumah_sakit` varchar(20) DEFAULT NULL,
  `perjalanan` varchar(20) DEFAULT NULL,
  `dukun` varchar(20) DEFAULT NULL,
  `bidan` varchar(20) DEFAULT NULL,
  `dokter` varchar(20) DEFAULT NULL
) ENGINE=InnoDB DEFAULT CHARSET=latin1;

-- --------------------------------------------------------

--
-- Table structure for table `data_kesling`
--

CREATE TABLE `data_kesling` (
  `id` int(11) NOT NULL,
  `puskesmas_id` int(11) NOT NULL,
  `bulan` int(11) NOT NULL,
  `tahun` int(11) NOT NULL,
  `sd_d` varchar(20) DEFAULT NULL,
  `sd_ms` varchar(20) DEFAULT NULL,
  `sltp_d` varchar(20) DEFAULT NULL,
  `sltp_ms` varchar(20) DEFAULT NULL,
  `slta_d` varchar(20) DEFAULT NULL,
  `slta_ms` varchar(20) DEFAULT NULL,
  `perguruan_tinggi_d` varchar(20) DEFAULT NULL,
  `perguruan_tinggi_ms` varchar(20) DEFAULT NULL,
  `kios_d` varchar(20) DEFAULT NULL,
  `kios_ms` varchar(20) DEFAULT NULL,
  `losmen_d` varchar(20) DEFAULT NULL,
  `losmen_ms` varchar(20) DEFAULT NULL,
  `salon_d` varchar(20) DEFAULT NULL,
  `salon_ms` varchar(20) DEFAULT NULL,
  `tempat_rekreasi_d` varchar(20) DEFAULT NULL,
  `tempat_rekreasi_ms` varchar(20) DEFAULT NULL,
  `gedung_d` varchar(20) DEFAULT NULL,
  `gedung_ms` varchar(20) DEFAULT NULL,
  `kolam_renang_d` varchar(20) DEFAULT NULL,
  `kolam_renang_ms` varchar(20) DEFAULT NULL,
  `masjid_d` varchar(20) DEFAULT NULL,
  `masjid_ms` varchar(20) DEFAULT NULL,
  `gereja_d` varchar(20) DEFAULT NULL,
  `gereja_ms` varchar(20) DEFAULT NULL,
  `kelenteng_d` varchar(20) DEFAULT NULL,
  `kelenteng_ms` varchar(20) DEFAULT NULL,
  `pura_d` varchar(20) DEFAULT NULL,
  `pura_ms` varchar(20) DEFAULT NULL,
  `wihara_d` varchar(20) DEFAULT NULL,
  `wihara_ms` varchar(20) DEFAULT NULL,
  `terminal_d` varchar(20) DEFAULT NULL,
  `terminal_ms` varchar(20) DEFAULT NULL,
  `stasiun_d` varchar(20) DEFAULT NULL,
  `stasiun_ms` varchar(20) DEFAULT NULL,
  `pelabuhan_d` varchar(20) DEFAULT NULL,
  `pelabuhan_ms` varchar(20) DEFAULT NULL,
  `pasar_d` varchar(20) DEFAULT NULL,
  `pasar_ms` varchar(20) DEFAULT NULL,
  `apotik_d` varchar(20) DEFAULT NULL,
  `apotik_ms` varchar(20) DEFAULT NULL,
  `toko_obat_d` varchar(20) DEFAULT NULL,
  `toko_obat_ms` varchar(20) DEFAULT NULL,
  `panti_sosial_d` varchar(20) DEFAULT NULL,
  `pnti_sosial_ms` varchar(20) DEFAULT NULL,
  `sarana_kesehatan_d` varchar(20) DEFAULT NULL,
  `sarana_kesehatan_ms` varchar(20) DEFAULT NULL,
  `warung_d` varchar(20) DEFAULT NULL,
  `warung_ms` varchar(20) DEFAULT NULL,
  `rumah_makan_d` varchar(20) DEFAULT NULL,
  `rumah_makan_ms` varchar(20) DEFAULT NULL,
  `jasa_boga_d` varchar(20) DEFAULT NULL,
  `jasa_boga_ms` varchar(20) DEFAULT NULL,
  `industri_makanan_d` varchar(20) DEFAULT NULL,
  `industri_makanan_ms` varchar(20) DEFAULT NULL,
  `industri_kecil_d` varchar(20) DEFAULT NULL,
  `industri_kecil_ms` varchar(20) DEFAULT NULL,
  `industri_besar_d` varchar(20) DEFAULT NULL,
  `industri_besar_ms` varchar(20) DEFAULT NULL,
  `jml_rumah_d` varchar(20) DEFAULT NULL,
  `jml_rumah_ms` varchar(20) DEFAULT NULL,
  `sgl_d` varchar(20) DEFAULT NULL,
  `sgl_ms` varchar(20) DEFAULT NULL,
  `spt_d` varchar(20) DEFAULT NULL,
  `spt_ms` varchar(20) DEFAULT NULL,
  `sr_d` varchar(20) DEFAULT NULL,
  `sr_ms` varchar(20) DEFAULT NULL,
  `lain_lain_sab_d` varchar(20) DEFAULT NULL,
  `lain_lain_sab_ms` varchar(20) DEFAULT NULL,
  `jamban_umum_d` varchar(20) DEFAULT NULL,
  `jamban_umum_ms` varchar(20) DEFAULT NULL,
  `jamban_keluarga_d` varchar(20) DEFAULT NULL,
  `jamban_keluarga_ms` varchar(20) DEFAULT NULL,
  `spal_d` varchar(20) DEFAULT NULL,
  `spal_ms` varchar(20) DEFAULT NULL,
  `tps_d` varchar(20) DEFAULT NULL,
  `tps_ms` varchar(20) DEFAULT NULL,
  `tpa_d` varchar(20) DEFAULT NULL,
  `tpa_ms` varchar(20) DEFAULT NULL,
  `pondok_d` varchar(20) DEFAULT NULL,
  `pondok_ms` varchar(20) DEFAULT NULL,
  `kimiawi_d` varchar(20) DEFAULT NULL,
  `kimiawi_ms` varchar(20) DEFAULT NULL,
  `bakteriologi_d` varchar(20) DEFAULT NULL,
  `bakteriologi_ms` varchar(20) DEFAULT NULL,
  `klien_dirujuk_d` varchar(20) DEFAULT NULL,
  `klien_dirujuk_ms` varchar(20) DEFAULT NULL,
  `klien_dikunjungi_d` varchar(20) DEFAULT NULL,
  `klien_dikunjungi_ms` varchar(20) DEFAULT NULL
) ENGINE=InnoDB DEFAULT CHARSET=latin1;

-- --------------------------------------------------------

--
-- Table structure for table `data_kia`
--

CREATE TABLE `data_kia` (
  `id` int(11) NOT NULL,
  `puskesmas_id` int(11) NOT NULL,
  `bulan` int(11) NOT NULL,
  `tahun` int(11) NOT NULL,
  `kunjungan_ksatu_bumil` varchar(20) DEFAULT NULL,
  `kunjungan_kempat_bumil` varchar(20) DEFAULT NULL,
  `kunjungan_bumil_masyarakat` varchar(20) DEFAULT NULL,
  `kunjungan_bumil_nakes` varchar(20) DEFAULT NULL,
  `bumil_resti_dirujuk_puskesmas` varchar(20) DEFAULT NULL,
  `bumil_resti_dirujuk_rs` varchar(20) DEFAULT NULL,
  `kematian_ibu_hamil` varchar(20) DEFAULT NULL,
  `persalinan_tenaga_kesehatan` varchar(20) DEFAULT NULL,
  `persalinan_tenaga_dukun` varchar(20) DEFAULT NULL,
  `ibu_bersalin_rujuk_puskesmas` varchar(20) DEFAULT NULL,
  `ibu_bersalin_rujuk_rs` varchar(20) DEFAULT NULL,
  `kematian_ibu_bersalin` varchar(20) DEFAULT NULL,
  `kematian_ibu_nifas` varchar(20) DEFAULT NULL,
  `kunjungan_neonatal_baru_l` varchar(20) DEFAULT NULL,
  `kunjungan_neonatal_baru_p` varchar(20) DEFAULT NULL,
  `kunjungan_neonatal_lengkap_l` varchar(20) DEFAULT NULL,
  `kunjungan_neonatal_lengkap_p` varchar(20) DEFAULT NULL,
  `bblr_dilayani_tenaga_kesehatan_l` varchar(20) DEFAULT NULL,
  `bblr_dilayani_tenaga_kesehatan_p` varchar(20) DEFAULT NULL,
  `bayi_bbl_kurang_dualimaratus_l` varchar(20) DEFAULT NULL,
  `bayi_bbl_kurang_dualimaratus_p` varchar(20) DEFAULT NULL,
  `bayi_bbl_dualimaratus_tigaribu_l` varchar(20) DEFAULT NULL,
  `bayi_bbl_dualimaratus_tigaribu_p` varchar(20) DEFAULT NULL,
  `bayi_bbl_lebih_tigaribu_l` varchar(20) DEFAULT NULL,
  `bayi_bbl_lebih_tigaribu_p` varchar(20) DEFAULT NULL,
  `bayi_lahir_hidup_l` varchar(20) DEFAULT NULL,
  `bayi_lahir_hidup_p` varchar(20) DEFAULT NULL,
  `bayi_lahir_mati_l` varchar(20) DEFAULT NULL,
  `bayi_lahir_mati_p` varchar(20) DEFAULT NULL,
  `kematian_bayi_nol_tuju_hr_l` varchar(20) DEFAULT NULL,
  `kematian_bayi_nol_tuju_hr_p` varchar(20) DEFAULT NULL,
  `kematian_bayi_delapanhr_satubln_l` varchar(20) DEFAULT NULL,
  `kematian_bayi_delapanhr_satubln_p` varchar(20) DEFAULT NULL,
  `kematian_bayi_satubln_satuthn_l` varchar(20) DEFAULT NULL,
  `kematian_bayi_satubln_satuthn_p` varchar(20) DEFAULT NULL,
  `kematian_balita_l` varchar(20) DEFAULT NULL,
  `kematian_balita_p` varchar(20) DEFAULT NULL,
  `neonatal_resti_l` varchar(20) DEFAULT NULL,
  `neonatal_resti_p` varchar(20) DEFAULT NULL,
  `neonatal_resti_rujuk_puskesmas_l` varchar(20) DEFAULT NULL,
  `neonatal_resti_rujuk_puskesmas_p` varchar(20) DEFAULT NULL,
  `neonatal_resti_rujuk_rs_l` varchar(20) DEFAULT NULL,
  `neonatal_resti_rujuk_rs_p` varchar(20) DEFAULT NULL,
  `balita_deteksi_tumbuh_kembang_l` varchar(20) DEFAULT NULL,
  `balita_deteksi_tumbuh_kembang_p` varchar(20) DEFAULT NULL,
  `anak_kelainan_tumbuh_kembang_l` varchar(20) DEFAULT NULL,
  `anak_kelainan_tumbuh_kembang_p` varchar(20) DEFAULT NULL,
  `jml_tk_l` varchar(20) DEFAULT NULL,
  `jml_tk_p` varchar(20) DEFAULT NULL,
  `jml_tk_kunjungi_l` varchar(20) DEFAULT NULL,
  `jml_tk_kunjungi_p` varchar(20) DEFAULT NULL,
  `murid_tk_diperiksa` varchar(20) DEFAULT NULL,
  `murid_tk_dirujuk` varchar(20) DEFAULT NULL
) ENGINE=InnoDB DEFAULT CHARSET=latin1;

-- --------------------------------------------------------

--
-- Table structure for table `data_promkes`
--

CREATE TABLE `data_promkes` (
  `id` int(11) NOT NULL,
  `puskesmas_id` int(11) NOT NULL,
  `bulan` int(11) NOT NULL,
  `tahun` int(11) NOT NULL,
  `posyandu_aktif` varchar(20) DEFAULT NULL,
  `posyandu_pratama` varchar(20) DEFAULT NULL,
  `posyandu_madya` varchar(20) DEFAULT NULL,
  `posyandu_purnama` varchar(20) DEFAULT NULL,
  `posyandu_mandiri` varchar(20) DEFAULT NULL,
  `posyandu_lansia` varchar(20) DEFAULT NULL,
  `lprn_keg_posyandu_lansia` varchar(20) DEFAULT NULL,
  `kader_aktif` varchar(20) DEFAULT NULL,
  `pondok_pesantren_dibina` varchar(20) DEFAULT NULL,
  `freq_pembinaan_pondok` varchar(20) DEFAULT NULL,
  `sosialisasi_keg_saka_bakti_husada` varchar(20) DEFAULT NULL,
  `pembinaan_saka_bakti_husada` varchar(20) DEFAULT NULL,
  `penyuluhan_db` varchar(20) DEFAULT NULL,
  `penyuluhan_kesling` varchar(20) DEFAULT NULL,
  `penyuluhan_kia` varchar(20) DEFAULT NULL,
  `penyuluhan_tbc` varchar(20) DEFAULT NULL,
  `penyuluhan_napza` varchar(20) DEFAULT NULL,
  `penyuluhan_ptm` varchar(20) DEFAULT NULL,
  `penyuluhan_malaria` varchar(20) DEFAULT NULL,
  `penyuluhan_diare` varchar(20) DEFAULT NULL,
  `penyuluhan_gizi` varchar(20) DEFAULT NULL,
  `penyuluhan_phbs` varchar(20) DEFAULT NULL,
  `pemberdayaan_dlm_psn` varchar(20) DEFAULT NULL,
  `jml_rumah_bebas_jentik` varchar(20) DEFAULT NULL,
  `jml_rumah_diperiksa` varchar(20) DEFAULT NULL,
  `jml_ttu_bebas_jentik` varchar(20) DEFAULT NULL,
  `jml_ttu_diperiksa` varchar(20) DEFAULT NULL,
  `toga` varchar(20) DEFAULT NULL,
  `pemberdayaan_tomaga` varchar(20) DEFAULT NULL,
  `pembinaan_ukk` varchar(20) DEFAULT NULL,
  `pembinaan_desa_siaga` varchar(20) DEFAULT NULL,
  `rumah_tangga_pratama` varchar(20) DEFAULT NULL,
  `rumah_tangga_madya` varchar(20) DEFAULT NULL,
  `rumah_tangga_utama` varchar(20) DEFAULT NULL,
  `rumah_tangga_paripurna` varchar(20) DEFAULT NULL
) ENGINE=InnoDB DEFAULT CHARSET=latin1;

-- --------------------------------------------------------

--
-- Table structure for table `data_uks`
--

CREATE TABLE `data_uks` (
  `id` int(11) NOT NULL,
  `puskesmas_id` int(11) NOT NULL,
  `bulan` int(11) NOT NULL,
  `tahun` int(11) NOT NULL,
  `sekolah_uks_sd` varchar(20) DEFAULT NULL,
  `sekolah_dibina_puskesmas` varchar(20) DEFAULT NULL,
  `sekolah_melaksanakan_penjaringan` varchar(20) DEFAULT NULL,
  `sd_minimal` varchar(20) DEFAULT NULL,
  `sd_standar` varchar(20) DEFAULT NULL,
  `sd_optimal` varchar(20) DEFAULT NULL,
  `sd_paripurna` varchar(20) DEFAULT NULL,
  `sd_jml_guru_uks` varchar(20) DEFAULT NULL,
  `sd_jml_sklh_dana_sehat` varchar(20) DEFAULT NULL,
  `sd_jml_dokter_kecil` varchar(20) DEFAULT NULL,
  `sd_jml_sklh_peranaktif` varchar(20) DEFAULT NULL,
  `sd_jml_murid_pengobatan_l` varchar(20) DEFAULT NULL,
  `sd_jml_murid_dirujuk_l` varchar(20) DEFAULT NULL,
  `sd_jml_murid_giziburuk_l` varchar(20) DEFAULT NULL,
  `sd_jml_murid_gizikurang_l` varchar(20) DEFAULT NULL,
  `sd_jml_murid_gizibaik_l` varchar(20) DEFAULT NULL,
  `sd_jml_murid_gizilebih_l` varchar(20) DEFAULT NULL,
  `sd_slb_di_puskesmas_l` varchar(20) DEFAULT NULL,
  `sd_slb_diperiksa_l` varchar(20) DEFAULT NULL,
  `sd_slb_dirujuk_l` varchar(20) DEFAULT NULL,
  `sd_klsst_takseimbang_l` varchar(20) DEFAULT NULL,
  `sd_anak_diperiksa_puskesmas_l` varchar(20) DEFAULT NULL,
  `sd_anak_sekolah_dirujuk_l` varchar(20) DEFAULT NULL,
  `sd_jml_murid_pengobatan_p` varchar(20) DEFAULT NULL,
  `sd_jml_murid_dirujuk_p` varchar(20) DEFAULT NULL,
  `sd_jml_murid_giziburuk_p` varchar(20) DEFAULT NULL,
  `sd_jml_murid_gizikurang_p` varchar(20) DEFAULT NULL,
  `sd_jml_murid_gizibaik_p` varchar(20) DEFAULT NULL,
  `sd_jml_murid_gizilebih_p` varchar(20) DEFAULT NULL,
  `sd_jml_sklh_konseling_kes_p` varchar(20) DEFAULT NULL,
  `sd_slb_di_puskesmas_p` varchar(20) DEFAULT NULL,
  `sd_slb_diperiksa_p` varchar(20) DEFAULT NULL,
  `sd_slb_dirujuk_p` varchar(20) DEFAULT NULL,
  `sd_sklh_uks_p` varchar(20) DEFAULT NULL,
  `sd_sklh_dibina_puskesmas_p` varchar(20) DEFAULT NULL,
  `sd_sklh_penjaringan_p` varchar(20) DEFAULT NULL,
  `sd_klsst_takseimbang_p` varchar(20) DEFAULT NULL,
  `sd_anak_diperiksa_puskesmas_p` varchar(20) DEFAULT NULL,
  `sd_anak_sekolah_dirujuk_p` varchar(20) DEFAULT NULL,
  `sltp_minimal` varchar(20) DEFAULT NULL,
  `sltp_standar` varchar(20) DEFAULT NULL,
  `sltp_optimal` varchar(20) DEFAULT NULL,
  `sltp_paripurna` varchar(20) DEFAULT NULL,
  `sltp_jml_guru_uks` varchar(20) DEFAULT NULL,
  `sltp_jml_sklh_dana_sehat` varchar(20) DEFAULT NULL,
  `sltp_jml_kader` varchar(20) DEFAULT NULL,
  `sltp_jml_sklh_peranaktif` varchar(20) DEFAULT NULL,
  `sltp_jml_murid_pengobatan_l` varchar(20) DEFAULT NULL,
  `sltp_jml_murid_dirujuk_l` varchar(20) DEFAULT NULL,
  `sltp_jml_murid_giziburuk_l` varchar(20) DEFAULT NULL,
  `sltp_jml_murid_gizikurang_l` varchar(20) DEFAULT NULL,
  `sltp_jml_murid_gizibaik_l` varchar(20) DEFAULT NULL,
  `sltp_jml_murid_gizilebih_l` varchar(20) DEFAULT NULL,
  `sltp_slb_di_puskesmas_l` varchar(20) DEFAULT NULL,
  `sltp_slb_diperiksa_l` varchar(20) DEFAULT NULL,
  `sltp_slb_dirujuk_l` varchar(20) DEFAULT NULL,
  `sltp_klsst_takseimbang_l` varchar(20) DEFAULT NULL,
  `sltp_anak_diperiksa_puskesmas_l` varchar(20) DEFAULT NULL,
  `sltp_anak_sekolah_dirujuk_l` varchar(20) DEFAULT NULL,
  `sltp_jml_murid_pengobatan_p` varchar(20) DEFAULT NULL,
  `sltp_jml_murid_dirujuk_p` varchar(20) DEFAULT NULL,
  `sltp_jml_murid_giziburuk_p` varchar(20) DEFAULT NULL,
  `sltp_jml_murid_gizikurang_p` varchar(20) DEFAULT NULL,
  `sltp_jml_murid_gizibaik_p` varchar(20) DEFAULT NULL,
  `sltp_jml_murid_gizilebih_p` varchar(20) DEFAULT NULL,
  `sltp_jml_sklh_konseling_kes_p` varchar(20) DEFAULT NULL,
  `sltp_slb_di_puskesmas_p` varchar(20) DEFAULT NULL,
  `sltp_slb_diperiksa_p` varchar(20) DEFAULT NULL,
  `sltp_slb_dirujuk_p` varchar(20) DEFAULT NULL,
  `sltp_sklh_uks_p` varchar(20) DEFAULT NULL,
  `sltp_sklh_dibina_puskesmas_p` varchar(20) DEFAULT NULL,
  `sltp_sklh_penjaringan_p` varchar(20) DEFAULT NULL,
  `sltp_klsst_takseimbang_p` varchar(20) DEFAULT NULL,
  `sltp_anak_diperiksa_puskesmas_p` varchar(20) DEFAULT NULL,
  `sltp_anak_sekolah_dirujuk_p` varchar(20) DEFAULT NULL,
  `slta_minimal` varchar(20) DEFAULT NULL,
  `slta_standar` varchar(20) DEFAULT NULL,
  `slta_optimal` varchar(20) DEFAULT NULL,
  `slta_paripurna` varchar(20) DEFAULT NULL,
  `slta_jml_guru_uks` varchar(20) DEFAULT NULL,
  `slta_jml_sklh_dana_sehat` varchar(20) DEFAULT NULL,
  `slta_jml_kader` varchar(20) DEFAULT NULL,
  `slta_jml_sklh_peranaktif` varchar(20) DEFAULT NULL,
  `slta_jml_murid_pengobatan_l` varchar(20) DEFAULT NULL,
  `slta_jml_murid_dirujuk_l` varchar(20) DEFAULT NULL,
  `slta_jml_murid_giziburuk_l` varchar(20) DEFAULT NULL,
  `slta_jml_murid_gizikurang_l` varchar(20) DEFAULT NULL,
  `slta_jml_murid_gizibaik_l` varchar(20) DEFAULT NULL,
  `slta_jml_murid_gizilebih_l` varchar(20) DEFAULT NULL,
  `slta_slb_di_puskesmas_l` varchar(20) DEFAULT NULL,
  `slta_slb_diperiksa_l` varchar(20) DEFAULT NULL,
  `slta_slb_dirujuk_l` varchar(20) DEFAULT NULL,
  `slta_jml_murid_pengobatan_p` varchar(20) DEFAULT NULL,
  `slta_jml_murid_dirujuk_p` varchar(20) DEFAULT NULL,
  `slta_jml_murid_giziburuk_p` varchar(20) DEFAULT NULL,
  `slta_jml_murid_gizikurang_p` varchar(20) DEFAULT NULL,
  `slta_jml_murid_gizibaik_p` varchar(20) DEFAULT NULL,
  `slta_jml_murid_gizilebih_p` varchar(20) DEFAULT NULL,
  `slta_jml_sklh_konseling_kes_p` varchar(20) DEFAULT NULL,
  `slta_slb_di_puskesmas_p` varchar(20) DEFAULT NULL,
  `slta_slb_diperiksa_p` varchar(20) DEFAULT NULL,
  `slta_slb_dirujuk_p` varchar(20) DEFAULT NULL
) ENGINE=InnoDB DEFAULT CHARSET=latin1;

-- --------------------------------------------------------

--
-- Table structure for table `departemen`
--

CREATE TABLE `departemen` (
  `id` int(11) NOT NULL,
  `nama` varchar(30) NOT NULL,
  `puskesmas_id` int(11) NOT NULL,
  `departemen_jenis_id` int(2) NOT NULL,
  `wilayah_desa_id` int(11) NOT NULL
) ENGINE=MyISAM DEFAULT CHARSET=latin1;

--
-- Dumping data for table `departemen`
--

INSERT INTO `departemen` (`id`, `nama`, `puskesmas_id`, `departemen_jenis_id`, `wilayah_desa_id`) VALUES
(1, 'PUSKESMAS NGARIBOYO', 5, 1, 4875),
(2, 'PUSTU BANJAREJO', 5, 4, 2399),
(3, 'PUSTU SELOPANGGUNG', 5, 4, 5886),
(4, 'POSTU SELOTINATAH', 5, 4, 6323),
(5, 'PONKESDES BANGSRI', 5, 3, 1739),
(6, 'POLINDES BALEGONDO', 5, 2, 1079),
(7, 'POLINDES SUMBERDUKUN', 5, 2, 6713),
(8, 'PONKESDES BALEASRI', 5, 3, 419),
(9, 'PONKESDES PENDEM', 5, 3, 5396),
(10, 'PONKESDES BANJARPANJANG', 5, 3, 3058),
(11, 'PONKESDES MOJOPURNO', 5, 3, 4308),
(12, 'PONKESDES BANYUDONO', 5, 3, 3701),
(13, 'PUSTU TULUNG', 1, 4, 2388),
(14, 'PONKESDES BOGEM', 1, 3, 1068),
(15, 'PONKESDES GENENGAN', 1, 3, 2388),
(16, 'PONKESDES SELOREJO', 1, 3, 7972),
(17, 'PONKESDES JAMBANGAN', 1, 3, 3690),
(18, 'POLINDES REJOSARI', 1, 2, 7582),
(19, 'POLINDES KAWEDANAN', 1, 2, 4864),
(20, 'POLINDES SUGIHREJO', 1, 2, 8121),
(21, 'PUSKESMAS KAWEDANAN', 1, 1, 4297),
(22, 'PUSKESMAS NGUJUNG', 2, 1, 666),
(23, 'PUSKESMAS KARANGREJO', 3, 1, 3055),
(24, 'PUSKESMAS CANDIREJO', 4, 1, 1729),
(25, 'PUSTU PESU', 2, 4, 5391),
(26, 'PUSTU GAMBIRAN', 2, 4, 1074),
(27, 'PONKESDES SUMBEREJO', 2, 3, 7048),
(28, 'PONKESDES SURATMAJAN', 2, 3, 7337),
(29, 'PONKESDES PANDEYAN', 2, 3, 4870),
(30, 'PONKESDES RONOWIJAYAN', 2, 3, 5881),
(31, 'PUSTU BARON', 4, 4, 409),
(32, 'PUSTU BULUKERTO', 4, 4, 1069),
(33, 'PONKESDES RINGINAGUNG', 4, 3, 5386),
(34, 'PONKESDES TAMBAKREJO', 4, 3, 6704),
(35, 'POLINDES TAMBRAN BRN', 4, 2, 7043),
(36, 'POLINDES MANGKUJAYAN BLK', 4, 2, 4298),
(37, 'POLINDES KEBONAGUNG BLK', 4, 2, 2389),
(38, 'POLINDES KEPOLOREJO BLK', 4, 2, 3048),
(39, 'POLINDES TAWANGANOM BLK', 4, 2, 7332),
(40, 'POLINDES PURWOSARI BRN', 4, 2, 4865),
(41, 'POLOINDES TAMBAKREJO', 4, 2, 6704),
(42, 'POLINDES RINGINAGUNG', 4, 2, 5386),
(43, 'PUSKESMAS TAKERAN', 6, 1, 5874),
(44, 'POLINDES KERANG', 6, 2, 2387),
(45, 'POLINDES SAWOJAJAR', 6, 2, 5384),
(46, 'POLINDES KEPUHREJO', 6, 2, 1727),
(47, 'PUSTU MADIGONDO', 6, 4, 4863),
(48, 'PUSTU KIRINGAN', 6, 4, 3689),
(49, 'PUSTU KEPUHREJO', 6, 4, 1727),
(50, 'PONKESDES DUYUNG', 6, 3, 407),
(51, 'PONKESDES WADUK', 6, 3, 6702),
(52, 'PONKESDES KERIK', 6, 3, 3046),
(53, 'PONKESDES JOMBLANG', 6, 3, 1067),
(54, 'PONKESDES KUWONHARJO', 6, 3, 4296),
(55, 'PONKESDES TAWANGREJO', 6, 3, 6311),
(56, 'PUSKESMAS MAOSPATI', 7, 1, 3053),
(57, 'PUSKESMAS PLAOSAN', 8, 1, 4866),
(58, 'PUSKESMAS SUKOMORO', 10, 1, 5879),
(59, 'PUSTU KAUMAN', 3, 4, 3698),
(60, 'PUSTU MARON', 3, 4, 5393),
(61, 'PUSTU SUGIHWARAS', 7, 4, 6709),
(62, 'PUSTU TANJUNG SEPREH', 7, 4, 7586),
(63, 'PONKESDES GEBYOG', 3, 3, 1076),
(64, 'PONKESDES GULUN', 7, 3, 414),
(65, 'PONKESDES SAMBIREMBE', 3, 3, 7050),
(66, 'PONKESDES MALANG', 7, 3, 2394),
(67, 'PONKESDES GRABAHAN', 3, 3, 2396),
(68, 'PONKESDES SEMPOL', 7, 3, 6318),
(69, 'PONKESDES MRANGGEN', 7, 3, 3696),
(70, 'PONKESDES MANTREN', 3, 3, 4872),
(71, 'PONKESDES KRATON', 7, 3, 3053),
(72, 'PUSKESMAS PANEKAN', 9, 1, 4867),
(73, 'PUSTU BANJAREJO', 9, 4, 411),
(74, 'PUSTU NGILIRAN', 9, 4, 4300),
(75, 'PUSTU SUMBERDODOL', 9, 4, 6706),
(76, 'PUSTU CEPOKO', 9, 4, 1731),
(77, 'PUSTU MILANGASRI', 9, 4, 3693),
(78, 'POLINDES MANJUNG', 9, 2, 3050),
(79, 'POLINDES REJOMULYO', 9, 2, 5388),
(80, 'POLINDES TANJUNGSARI', 9, 2, 7045),
(81, 'PONKESDES TAPAK', 9, 3, 7334),
(82, 'PONKESDES SUKOWIDI', 9, 3, 6315),
(83, 'PONKESDES BEDAGUNG', 9, 3, 1071),
(84, 'PONKESDES TURI', 9, 3, 7791),
(85, 'PONKESDES SIDOWAYAH', 9, 3, 5878),
(86, 'VIRTUAL', 99, 1, 627),
(87, 'PUSTU BULUGUNUNG', 8, 4, 1070),
(88, 'PUSTU SARANGAN', 8, 4, 6705),
(89, 'PONKESDES PLUMPUNG', 8, 3, 5387),
(90, 'PONKESDES PUNTUKDORO', 8, 3, 5877),
(91, 'PONKESDES NGANCAR', 8, 3, 3049),
(92, 'PONKESDES DADI', 8, 3, 2390),
(93, 'PONKEDES TERUNG', 9, 3, 7584),
(94, 'PONKESDES JABUNG', 9, 3, 2391),
(95, 'PONKEDES WATES', 9, 3, 7973),
(96, 'POLINDES MOJOREJO', 3, 3, 5875),
(97, 'POLINDES PELEM', 3, 2, 6320),
(98, 'POLINDES MANISREJO', 3, 2, 4305),
(99, 'POLINDES BALUK', 3, 2, 416),
(100, 'POLINDES PATIHAN', 3, 2, 5883),
(101, 'POLINDES PRAMPELAN', 3, 2, 6711),
(102, 'POLINDES GONDANG', 3, 2, 1736),
(117, 'POLINDES DADI', 8, 2, 2390),
(103, 'PONKESDES VIRTUAL', 99, 3, 627),
(104, 'POLINDES TINAP', 10, 2, 7046),
(105, 'POLINDES KENTANGAN', 10, 2, 4868),
(106, 'PONKESDES KALANGKETI', 10, 3, 3051),
(107, 'PONKESDES TRUNENG', 10, 3, 7335),
(108, 'POLINDES BIBIS', 10, 2, 1072),
(109, 'PONKESDES TAMBAKMAS', 10, 3, 6707),
(110, 'PONKESDES KEMBANGAN', 10, 3, 4301),
(111, 'PUSTU POJOKSARI', 10, 4, 5389),
(112, 'PUSTU TAMANAN', 10, 4, 6316),
(113, 'PUSTU BOGEM', 10, 4, 1732),
(114, 'PONKESDES SUKOMORO', 10, 3, 5879),
(115, 'PONKESDES KEDUNGGUA', 10, 3, 3694),
(116, 'PONKESDES BANDAR', 10, 3, 412),
(118, 'POLINDES PLUMPUNG', 8, 2, 5387),
(119, 'POLINDES NGANCAR', 8, 2, 3049),
(120, 'POLINDES PACALAN', 8, 2, 4299),
(121, 'POLINDES PUNTUKDORO', 8, 2, 5877),
(122, 'POSYANDU NGUJUNG', 2, 2, 4303),
(123, 'PUSKESMAS KARTOHARJO', 11, 1, 4307),
(124, 'PUSKESMAS TAJI', 12, 1, 5394),
(125, 'PONKESDES BOTOK', 12, 3, 417),
(126, 'PONKESDES SUMURSONGO', 12, 3, 4873),
(127, 'PONKESDES KUWON', 12, 3, 3699),
(128, 'PONKESDES GEPLAK', 12, 3, 1077),
(129, 'PUSTU BAYEM TAMAN', 11, 4, 1078),
(130, 'PUSTU SUKOWIDI', 11, 4, 6712),
(131, 'PUSTU KLURAHAN', 11, 4, 4874),
(132, 'PUSTU NGELANG', 11, 4, 5885),
(133, 'PONKESDES GUNUNGAN', 11, 3, 1738),
(134, 'PONKESDES JERUK', 11, 3, 3057),
(135, 'PONKESDES MRAHU', 11, 3, 5395),
(136, 'PONKESDES JAJAR', 11, 3, 2398),
(137, 'POLINDES PENCOL', 11, 2, 6322),
(138, 'POLINDES KARANGMOJO', 11, 2, 3700),
(139, 'POLINDES KARAS', 12, 2, 3056),
(140, 'PUSTU JUNGKE', 12, 4, 2397),
(141, 'PONKESDES TEMENGGUNGAN', 12, 3, 6321),
(142, 'PUSTU GINUK', 12, 4, 1737),
(143, 'PUSTU SOBONTORO', 12, 4, 4306),
(144, 'PUSTU TEMBORO', 12, 4, 5884),
(145, 'PUSKESMAS BENDO', 13, 1, 1073),
(146, 'PUSTU PINGKUK', 13, 4, 6708),
(147, 'PUSTU TANJUNG', 13, 4, 7585),
(148, 'PUSTU DUKUH', 13, 4, 3695),
(149, 'PUSTU SETREN', 13, 4, 7047),
(150, 'PONKESDES DUWET', 13, 3, 4302),
(151, 'PONKESDES BELOTAN', 13, 3, 413),
(152, 'PONKESDES BULAK', 13, 3, 1733),
(153, 'PONKESDES BULUGLEDEG', 13, 3, 2393),
(154, 'POLINDES TEGALARUM', 13, 2, 7792),
(155, 'POLINDES LEMAHBANG', 13, 2, 6317),
(156, 'POLINDES CARIKAN', 13, 2, 3052),
(157, 'POLINDES KLEDOKAN', 13, 2, 5880),
(158, 'POLINDES KLECO', 13, 2, 5390),
(159, 'PUSTU KINANDANG', 13, 4, 4869),
(160, 'PONKESDES SOCO', 13, 3, 7336),
(161, 'PUSKESMAS PONCOL', 14, 1, 404),
(162, 'PUSKESMAS PARANG', 15, 1, 4861),
(163, 'PUSKESMAS LEMBEYAN', 16, 1, 3045),
(164, 'PUSKESMAS GR GR TAJI', 17, 1, 1080),
(165, 'PUSKESMAS TLADAN', 18, 1, 8231),
(166, 'PUSKESMAS SUMBERAGUNG', 19, 1, 7583),
(167, 'PUSKESMAS SIDOREJO', 20, 1, 4877),
(168, 'PUSKESMAS TEBON', 21, 1, 7338),
(169, 'PUSKESMAS REJOMULYO', 22, 1, 5388),
(170, 'PUSTU WIDOROKANDANG', 20, 4, 5887),
(171, 'PUSTU SIDOKERTO', 20, 4, 3703),
(172, 'PUSTU SIDOMULYO', 20, 4, 4310),
(173, 'PONKESDES GETASANYAR', 20, 3, 1741),
(174, 'PONKESDES SUMBERSAWIT', 20, 3, 5398),
(175, 'PONKESDES DURENAN', 20, 3, 1081),
(176, 'PONKESDES KALANG', 20, 3, 2401),
(177, 'POLINDES CAMPURSARI', 20, 2, 421);

-- --------------------------------------------------------

--
-- Table structure for table `departemen_jenis`
--

CREATE TABLE `departemen_jenis` (
  `id` int(11) NOT NULL,
  `nama` varchar(30) NOT NULL
) ENGINE=MyISAM DEFAULT CHARSET=latin1;

--
-- Dumping data for table `departemen_jenis`
--

INSERT INTO `departemen_jenis` (`id`, `nama`) VALUES
(1, 'Puskesmas Utama'),
(2, 'POLINDES'),
(3, 'PONKESDES'),
(4, 'PUSTU');

-- --------------------------------------------------------

--
-- Table structure for table `detail_gigi`
--

CREATE TABLE `detail_gigi` (
  `id` int(10) NOT NULL,
  `gigi_susu` varchar(50) NOT NULL,
  `gigi_permanen` varchar(64) NOT NULL,
  `medical_record_id` int(10) NOT NULL
) ENGINE=MyISAM DEFAULT CHARSET=latin1;

-- --------------------------------------------------------

--
-- Table structure for table `distribusi_obat`
--

CREATE TABLE `distribusi_obat` (
  `id` int(11) NOT NULL,
  `tanggal` date NOT NULL,
  `asal_id` int(11) NOT NULL,
  `asal_departemen_id` int(11) NOT NULL,
  `tujuan_id` int(11) NOT NULL,
  `departemen_id` int(11) NOT NULL,
  `puskesmas_id` int(11) NOT NULL
) ENGINE=MyISAM DEFAULT CHARSET=latin1;

-- --------------------------------------------------------

--
-- Table structure for table `distribusi_obat_detail`
--

CREATE TABLE `distribusi_obat_detail` (
  `id` int(11) NOT NULL,
  `distribusi_obat_id` int(11) NOT NULL,
  `obat_id` int(11) NOT NULL,
  `jumlah` int(11) NOT NULL
) ENGINE=MyISAM DEFAULT CHARSET=latin1;

-- --------------------------------------------------------

--
-- Table structure for table `distribusi_obat_tujuan`
--

CREATE TABLE `distribusi_obat_tujuan` (
  `id` int(11) NOT NULL,
  `nama` varchar(30) NOT NULL,
  `departemen_jenis_id` int(11) NOT NULL,
  `poli_id` int(11) DEFAULT NULL,
  `status` int(1) NOT NULL DEFAULT '1'
) ENGINE=MyISAM DEFAULT CHARSET=latin1;

--
-- Dumping data for table `distribusi_obat_tujuan`
--

INSERT INTO `distribusi_obat_tujuan` (`id`, `nama`, `departemen_jenis_id`, `poli_id`, `status`) VALUES
(1, 'Gudang Obat Puskesmas Induk', 1, NULL, 0),
(2, 'Apotek Rawat Jalan', 1, 18, 1),
(3, 'Rawat Inap', 1, 12, 1),
(4, 'UGD', 1, 2, 1),
(5, 'Laborat', 1, 9, 1),
(6, 'Gudang Obat PUSTU', 4, NULL, 1),
(7, 'Gudang Obat PONKESDES', 3, NULL, 1),
(8, 'Gudang Obat POLINDES', 2, NULL, 1),
(9, 'PONED', 1, 13, 1),
(10, 'POSYANDU', 1, NULL, 1),
(11, 'Klinik Umum', 1, 1, 1),
(12, 'Klinik Gigi', 1, 3, 1),
(13, 'Klinik KIA', 1, 4, 1),
(14, 'Klinik Anak', 1, 6, 1),
(15, 'Klinik DDTK', 1, 27, 1),
(16, 'Klinik Sanitasi', 1, 8, 1),
(17, 'Klinik Paru', 1, 10, 1),
(18, 'Klinik Kusta', 1, 11, 1),
(19, 'Klinik Nifas', 1, 14, 1),
(20, 'Klinik Lansia', 1, 24, 1),
(21, 'Klinik IVA', 1, 25, 1),
(22, 'Klinik IMS & VCT', 1, 26, 1),
(23, 'Pojok Gizi', 1, 7, 1),
(24, 'P3K', 1, NULL, 1),
(25, 'POSYANDU (LANSIA)', 1, NULL, 1),
(26, 'UKS', 1, NULL, 1),
(27, 'Program P2M', 1, NULL, 1),
(28, 'Program Imunisasi', 1, NULL, 1),
(29, 'Program TB Paru', 1, NULL, 1),
(30, 'Program Malaria', 1, NULL, 1),
(31, 'Program ISPA', 1, NULL, 1),
(32, 'Program Diare', 1, NULL, 1),
(33, 'Program Surveilans', 1, NULL, 1),
(34, 'Program DBD', 1, NULL, 1),
(35, 'Program IMS', 1, NULL, 1),
(36, 'Program Gizi', 1, NULL, 1),
(37, 'Program Kusta', 1, NULL, 1);

-- --------------------------------------------------------

--
-- Table structure for table `dokter_penanggung_jawab`
--

CREATE TABLE `dokter_penanggung_jawab` (
  `id` int(11) NOT NULL,
  `puskesmas_id` int(11) NOT NULL,
  `user_id` int(11) NOT NULL
) ENGINE=InnoDB DEFAULT CHARSET=latin1;

--
-- Dumping data for table `dokter_penanggung_jawab`
--

INSERT INTO `dokter_penanggung_jawab` (`id`, `puskesmas_id`, `user_id`) VALUES
(1, 3, 77),
(2, 3, 86),
(3, 3, 93),
(4, 8, 298),
(5, 8, 299),
(6, 8, 304),
(7, 4, 132),
(8, 4, 133),
(9, 4, 134),
(10, 2, 38),
(11, 2, 40),
(12, 2, 41),
(13, 7, 246),
(14, 7, 245),
(15, 7, 247),
(16, 6, 186),
(17, 6, 187),
(18, 6, 188),
(19, 1, 9),
(20, 1, 10),
(21, 5, 466),
(22, 5, 467),
(24, 10, 512),
(25, 10, 513),
(27, 9, 562),
(28, 9, 563),
(31, 9, 385),
(35, 12, 624),
(36, 12, 625),
(37, 13, 674),
(38, 13, 685),
(39, 1, 1033),
(40, 10, 1183);

-- --------------------------------------------------------

--
-- Table structure for table `error_log`
--

CREATE TABLE `error_log` (
  `id` int(11) NOT NULL,
  `level` varchar(128) DEFAULT NULL,
  `category` varchar(128) DEFAULT NULL,
  `logtime` datetime DEFAULT NULL,
  `IP_User` varchar(50) DEFAULT NULL,
  `user_name` varchar(50) DEFAULT NULL,
  `request_URL` text,
  `message` text
) ENGINE=MyISAM DEFAULT CHARSET=latin1;

-- --------------------------------------------------------

--
-- Table structure for table `execution_time_log`
--

CREATE TABLE `execution_time_log` (
  `id` int(11) NOT NULL,
  `waktu` datetime NOT NULL,
  `path` varchar(50) NOT NULL,
  `jumlah_detik` int(11) NOT NULL
) ENGINE=InnoDB DEFAULT CHARSET=latin1;

-- --------------------------------------------------------

--
-- Table structure for table `hak_akses`
--

CREATE TABLE `hak_akses` (
  `id` int(11) NOT NULL,
  `user_level_id` int(11) NOT NULL DEFAULT '1',
  `module_id` int(5) NOT NULL,
  `action` text,
  `urutan` int(5) NOT NULL DEFAULT '1'
) ENGINE=MyISAM DEFAULT CHARSET=latin1;

--
-- Dumping data for table `hak_akses`
--

INSERT INTO `hak_akses` (`id`, `user_level_id`, `module_id`, `action`, `urutan`) VALUES
(4187, 22, 10, NULL, 1),
(4186, 22, 47, NULL, 1),
(4185, 22, 46, NULL, 1),
(4184, 22, 45, NULL, 1),
(4183, 22, 44, NULL, 1),
(4182, 22, 43, NULL, 1),
(4181, 22, 89, NULL, 1),
(4316, 1, 15, NULL, 1),
(4315, 1, 14, NULL, 1),
(4314, 1, 17, NULL, 1),
(4313, 1, 11, NULL, 1),
(4312, 1, 40, NULL, 1),
(4311, 1, 22, NULL, 1),
(4310, 1, 21, NULL, 1),
(4309, 1, 13, NULL, 1),
(4308, 1, 28, NULL, 1),
(552, 16, 26, NULL, 1),
(551, 16, 2, NULL, 1),
(550, 16, 1, NULL, 1),
(549, 16, 20, NULL, 1),
(548, 16, 19, NULL, 1),
(1777, 23, 43, NULL, 1),
(1776, 23, 8, NULL, 1),
(1775, 23, 33, NULL, 1),
(4434, 4, 14, NULL, 1),
(4433, 4, 22, NULL, 1),
(4307, 1, 24, NULL, 1),
(4432, 4, 13, NULL, 1),
(4431, 4, 32, NULL, 1),
(4430, 4, 12, NULL, 1),
(2865, 27, 23, NULL, 1),
(3140, 19, 60, NULL, 1),
(4814, 5, 102, NULL, 1),
(4638, 44, 13, NULL, 1),
(4637, 44, 49, NULL, 1),
(4429, 4, 47, NULL, 1),
(4428, 4, 46, NULL, 1),
(4427, 4, 45, NULL, 1),
(4306, 1, 23, NULL, 1),
(4305, 1, 32, NULL, 1),
(4304, 1, 62, NULL, 1),
(1774, 23, 34, NULL, 1),
(4813, 5, 101, NULL, 1),
(4303, 1, 49, NULL, 1),
(4214, 24, 8, NULL, 1),
(130, 15, 19, NULL, 1),
(131, 15, 20, NULL, 1),
(4426, 4, 44, NULL, 1),
(4425, 4, 43, NULL, 1),
(4424, 4, 8, NULL, 1),
(4423, 4, 25, NULL, 1),
(4422, 4, 9, NULL, 1),
(4421, 4, 30, NULL, 1),
(4302, 1, 12, NULL, 1),
(4301, 1, 10, NULL, 1),
(4300, 1, 47, NULL, 1),
(4299, 1, 46, NULL, 1),
(4298, 1, 45, NULL, 1),
(4297, 1, 44, NULL, 1),
(4698, 25, 13, NULL, 1),
(4697, 25, 12, NULL, 1),
(4296, 1, 43, NULL, 1),
(3231, 18, 61, NULL, 1),
(3156, 20, 59, NULL, 1),
(3139, 19, 59, NULL, 1),
(3138, 19, 13, NULL, 1),
(3137, 19, 12, NULL, 1),
(3136, 19, 47, NULL, 1),
(3135, 19, 46, NULL, 1),
(3134, 19, 45, NULL, 1),
(3155, 20, 13, NULL, 1),
(3154, 20, 12, NULL, 1),
(3153, 20, 47, NULL, 1),
(3152, 20, 46, NULL, 1),
(3151, 20, 45, NULL, 1),
(3150, 20, 44, NULL, 1),
(4812, 5, 100, NULL, 1),
(3020, 21, 8, NULL, 1),
(4420, 4, 16, NULL, 1),
(4338, 2, 47, NULL, 1),
(4337, 2, 46, NULL, 1),
(4213, 24, 48, NULL, 1),
(3732, 6, 15, NULL, 1),
(3731, 6, 13, NULL, 1),
(3730, 6, 12, NULL, 1),
(3729, 6, 47, NULL, 1),
(3728, 6, 46, NULL, 1),
(3727, 6, 45, NULL, 1),
(4295, 1, 89, NULL, 1),
(4294, 1, 8, NULL, 1),
(4293, 1, 48, NULL, 1),
(4292, 1, 27, NULL, 1),
(4291, 1, 7, NULL, 1),
(4290, 1, 26, NULL, 1),
(4289, 1, 25, NULL, 1),
(3019, 21, 7, NULL, 1),
(1773, 23, 42, NULL, 1),
(2919, 9, 45, NULL, 1),
(2918, 9, 44, NULL, 1),
(4811, 5, 99, NULL, 1),
(3726, 6, 44, NULL, 1),
(3018, 21, 1, NULL, 1),
(3017, 21, 20, NULL, 1),
(3016, 21, 19, NULL, 1),
(4288, 1, 9, NULL, 1),
(4180, 22, 8, NULL, 1),
(4287, 1, 30, NULL, 1),
(4212, 24, 26, NULL, 1),
(2866, 27, 24, NULL, 1),
(4763, 3, 101, NULL, 1),
(4762, 3, 100, NULL, 1),
(4761, 3, 99, NULL, 1),
(4286, 1, 31, NULL, 1),
(4285, 1, 16, NULL, 1),
(4284, 1, 36, NULL, 1),
(4283, 1, 88, NULL, 1),
(4760, 3, 98, NULL, 1),
(4759, 3, 97, NULL, 1),
(4758, 3, 96, NULL, 1),
(4217, 24, 44, NULL, 1),
(4216, 24, 43, NULL, 1),
(4810, 5, 98, NULL, 1),
(4757, 3, 95, NULL, 1),
(2917, 9, 43, NULL, 1),
(2916, 9, 8, NULL, 1),
(2915, 9, 6, NULL, 1),
(2914, 9, 34, NULL, 1),
(3716, 8, 45, NULL, 1),
(3714, 8, 43, NULL, 1),
(3715, 8, 44, NULL, 1),
(3705, 10, 45, NULL, 1),
(3704, 10, 44, NULL, 1),
(3703, 10, 43, NULL, 1),
(3230, 18, 60, NULL, 1),
(4211, 24, 42, NULL, 1),
(4210, 24, 18, NULL, 1),
(4209, 24, 2, NULL, 1),
(4208, 24, 1, NULL, 1),
(4207, 24, 20, NULL, 1),
(4206, 24, 19, NULL, 1),
(4205, 13, 13, NULL, 1),
(3694, 7, 45, NULL, 1),
(3693, 7, 44, NULL, 1),
(4756, 3, 94, NULL, 1),
(4755, 3, 93, NULL, 1),
(2413, 26, 6, NULL, 1),
(4809, 5, 97, NULL, 1),
(4808, 5, 96, NULL, 1),
(4807, 5, 95, NULL, 1),
(4806, 5, 94, NULL, 1),
(4805, 5, 93, NULL, 1),
(4804, 5, 92, NULL, 1),
(4803, 5, 91, NULL, 1),
(4802, 5, 90, NULL, 1),
(4801, 5, 22, NULL, 1),
(4800, 5, 13, NULL, 1),
(4799, 5, 28, NULL, 1),
(4798, 5, 32, NULL, 1),
(4797, 5, 49, NULL, 1),
(4796, 5, 12, NULL, 1),
(4795, 5, 10, NULL, 1),
(4794, 5, 47, NULL, 1),
(4793, 5, 46, NULL, 1),
(4792, 5, 45, NULL, 1),
(4791, 5, 44, NULL, 1),
(4790, 5, 43, NULL, 1),
(4789, 5, 8, NULL, 1),
(4788, 5, 48, NULL, 1),
(4787, 5, 27, NULL, 1),
(1772, 23, 1, NULL, 1),
(3713, 8, 8, NULL, 1),
(4786, 5, 26, NULL, 1),
(3725, 6, 43, NULL, 1),
(2913, 9, 42, NULL, 1),
(3702, 10, 8, NULL, 1),
(3724, 6, 8, NULL, 1),
(3692, 7, 43, NULL, 1),
(4282, 1, 33, NULL, 1),
(4281, 1, 6, NULL, 1),
(4280, 1, 5, NULL, 1),
(4279, 1, 4, NULL, 1),
(4278, 1, 35, NULL, 1),
(4754, 3, 92, NULL, 1),
(4753, 3, 91, NULL, 1),
(4752, 3, 90, NULL, 1),
(4751, 3, 14, NULL, 1),
(3723, 6, 42, NULL, 1),
(4750, 3, 17, NULL, 1),
(4785, 5, 25, NULL, 1),
(4784, 5, 9, NULL, 1),
(4783, 5, 30, NULL, 1),
(4782, 5, 31, NULL, 1),
(4781, 5, 36, NULL, 1),
(3722, 6, 18, NULL, 1),
(1771, 23, 20, NULL, 1),
(1770, 23, 19, NULL, 1),
(3229, 18, 59, NULL, 1),
(3228, 18, 13, NULL, 1),
(3227, 18, 12, NULL, 1),
(3133, 19, 44, NULL, 1),
(3132, 19, 43, NULL, 1),
(3149, 20, 43, NULL, 1),
(3148, 20, 8, NULL, 1),
(4179, 22, 9, NULL, 1),
(4178, 22, 30, NULL, 1),
(4177, 22, 31, NULL, 1),
(4176, 22, 16, NULL, 1),
(4175, 22, 58, NULL, 1),
(4174, 22, 56, NULL, 1),
(4173, 22, 55, NULL, 1),
(4277, 1, 34, NULL, 1),
(4276, 1, 41, NULL, 1),
(4275, 1, 42, NULL, 1),
(4172, 22, 54, NULL, 1),
(4171, 22, 53, NULL, 1),
(4749, 3, 11, NULL, 1),
(4748, 3, 40, NULL, 1),
(4204, 13, 12, NULL, 1),
(4336, 2, 45, NULL, 1),
(4335, 2, 44, NULL, 1),
(4419, 4, 4, NULL, 1),
(4418, 4, 18, NULL, 1),
(4417, 4, 2, NULL, 1),
(4416, 4, 1, NULL, 1),
(4415, 4, 20, NULL, 1),
(4414, 4, 19, NULL, 1),
(4334, 2, 43, NULL, 1),
(4333, 2, 8, NULL, 1),
(4332, 2, 1, NULL, 1),
(4331, 2, 20, NULL, 1),
(4330, 2, 19, NULL, 1),
(4780, 5, 37, NULL, 1),
(4779, 5, 33, NULL, 1),
(4778, 5, 6, NULL, 1),
(4777, 5, 5, NULL, 1),
(4776, 5, 4, NULL, 1),
(4775, 5, 35, NULL, 1),
(4774, 5, 34, NULL, 1),
(1778, 23, 45, NULL, 1),
(1779, 23, 10, NULL, 1),
(3701, 10, 35, NULL, 1),
(3700, 10, 34, NULL, 1),
(3699, 10, 42, NULL, 1),
(2912, 9, 1, NULL, 1),
(2911, 9, 20, NULL, 1),
(2910, 9, 19, NULL, 1),
(3712, 8, 5, NULL, 1),
(3711, 8, 34, NULL, 1),
(3710, 8, 42, NULL, 1),
(3691, 7, 8, NULL, 1),
(3690, 7, 4, NULL, 1),
(3689, 7, 34, NULL, 1),
(4274, 1, 18, NULL, 1),
(4273, 1, 74, NULL, 1),
(4272, 1, 2, NULL, 1),
(4271, 1, 73, NULL, 1),
(4270, 1, 1, NULL, 1),
(4170, 22, 52, NULL, 1),
(4169, 22, 51, NULL, 1),
(4168, 22, 36, NULL, 1),
(4167, 22, 88, NULL, 1),
(4166, 22, 42, NULL, 1),
(4165, 22, 74, NULL, 1),
(4269, 1, 20, NULL, 1),
(3226, 18, 47, NULL, 1),
(3225, 18, 46, NULL, 1),
(3131, 19, 8, NULL, 1),
(3130, 19, 25, NULL, 1),
(3129, 19, 42, NULL, 1),
(3147, 20, 25, NULL, 1),
(3146, 20, 42, NULL, 1),
(4590, 14, 13, NULL, 1),
(4589, 14, 12, NULL, 1),
(4588, 14, 10, NULL, 1),
(4587, 14, 46, NULL, 1),
(4203, 13, 47, NULL, 1),
(2412, 26, 35, NULL, 1),
(2411, 26, 34, NULL, 1),
(2410, 26, 18, NULL, 1),
(2409, 26, 2, NULL, 1),
(2408, 26, 1, NULL, 1),
(2407, 26, 20, NULL, 1),
(2406, 26, 19, NULL, 1),
(2414, 26, 48, NULL, 1),
(4202, 13, 46, NULL, 1),
(4201, 13, 45, NULL, 1),
(4200, 13, 44, NULL, 1),
(4199, 13, 43, NULL, 1),
(4773, 5, 41, NULL, 1),
(4197, 13, 8, NULL, 1),
(4196, 13, 48, NULL, 1),
(4195, 13, 27, NULL, 1),
(4194, 13, 26, NULL, 1),
(4193, 13, 42, NULL, 1),
(4268, 1, 19, NULL, 1),
(3688, 7, 42, NULL, 1),
(3698, 10, 18, NULL, 1),
(3145, 20, 18, NULL, 1),
(4772, 5, 42, NULL, 1),
(3128, 19, 18, NULL, 1),
(3224, 18, 45, NULL, 1),
(2864, 27, 32, NULL, 1),
(2863, 27, 49, NULL, 1),
(2862, 27, 12, NULL, 1),
(2861, 27, 47, NULL, 1),
(2860, 27, 46, NULL, 1),
(2859, 27, 45, NULL, 1),
(2858, 27, 44, NULL, 1),
(2857, 27, 43, NULL, 1),
(2856, 27, 8, NULL, 1),
(2855, 27, 42, NULL, 1),
(2854, 27, 18, NULL, 1),
(2853, 27, 2, NULL, 1),
(2852, 27, 1, NULL, 1),
(2851, 27, 20, NULL, 1),
(2850, 27, 19, NULL, 1),
(4747, 3, 22, NULL, 1),
(2867, 27, 28, NULL, 1),
(2868, 27, 21, NULL, 1),
(3721, 6, 2, NULL, 1),
(3720, 6, 73, NULL, 1),
(3719, 6, 1, NULL, 1),
(3718, 6, 20, NULL, 1),
(3687, 7, 18, NULL, 1),
(3686, 7, 1, NULL, 1),
(3685, 7, 20, NULL, 1),
(3709, 8, 18, NULL, 1),
(3708, 8, 1, NULL, 1),
(3707, 8, 20, NULL, 1),
(3706, 8, 19, NULL, 1),
(2920, 9, 46, NULL, 1),
(2921, 9, 47, NULL, 1),
(2922, 9, 10, NULL, 1),
(3697, 10, 1, NULL, 1),
(3696, 10, 20, NULL, 1),
(3695, 10, 19, NULL, 1),
(4192, 13, 18, NULL, 1),
(4191, 13, 2, NULL, 1),
(4190, 13, 1, NULL, 1),
(4189, 13, 20, NULL, 1),
(4188, 13, 19, NULL, 1),
(4586, 14, 45, NULL, 1),
(4585, 14, 44, NULL, 1),
(4584, 14, 43, NULL, 1),
(4583, 14, 8, NULL, 1),
(4582, 14, 27, NULL, 1),
(4581, 14, 26, NULL, 1),
(3223, 18, 44, NULL, 1),
(3222, 18, 43, NULL, 1),
(3221, 18, 8, NULL, 1),
(3127, 19, 1, NULL, 1),
(3126, 19, 20, NULL, 1),
(3125, 19, 19, NULL, 1),
(3144, 20, 1, NULL, 1),
(3143, 20, 20, NULL, 1),
(3142, 20, 19, NULL, 1),
(3021, 21, 43, NULL, 1),
(3022, 21, 44, NULL, 1),
(3023, 21, 45, NULL, 1),
(3024, 21, 46, NULL, 1),
(3025, 21, 47, NULL, 1),
(3026, 21, 22, NULL, 1),
(3684, 7, 19, NULL, 1),
(3220, 18, 25, NULL, 1),
(3219, 18, 42, NULL, 1),
(3141, 19, 61, NULL, 1),
(3157, 20, 60, NULL, 1),
(3158, 20, 61, NULL, 1),
(3218, 18, 18, NULL, 1),
(3217, 18, 1, NULL, 1),
(3216, 18, 20, NULL, 1),
(3215, 18, 19, NULL, 1),
(4696, 25, 10, NULL, 1),
(4695, 25, 45, NULL, 1),
(4694, 25, 44, NULL, 1),
(4693, 25, 43, NULL, 1),
(4692, 25, 89, NULL, 1),
(4691, 25, 8, NULL, 1),
(4690, 25, 33, NULL, 1),
(4580, 14, 1, NULL, 1),
(4579, 14, 20, NULL, 1),
(4746, 3, 21, NULL, 1),
(4745, 3, 13, NULL, 1),
(3717, 6, 19, NULL, 1),
(4689, 25, 6, NULL, 1),
(3549, 29, 12, NULL, 1),
(3548, 29, 45, NULL, 1),
(3547, 29, 44, NULL, 1),
(3546, 29, 43, NULL, 1),
(3545, 29, 8, NULL, 1),
(3544, 29, 42, NULL, 1),
(3543, 29, 18, NULL, 1),
(3542, 29, 73, NULL, 1),
(4771, 5, 18, NULL, 1),
(4744, 3, 28, NULL, 1),
(4743, 3, 24, NULL, 1),
(4742, 3, 23, NULL, 1),
(4741, 3, 32, NULL, 1),
(4740, 3, 62, NULL, 1),
(4739, 3, 49, NULL, 1),
(4738, 3, 72, NULL, 1),
(4737, 3, 12, NULL, 1),
(4736, 3, 10, NULL, 1),
(4735, 3, 47, NULL, 1),
(4734, 3, 46, NULL, 1),
(4733, 3, 45, NULL, 1),
(4732, 3, 44, NULL, 1),
(4731, 3, 43, NULL, 1),
(4730, 3, 89, NULL, 1),
(4729, 3, 8, NULL, 1),
(4728, 3, 48, NULL, 1),
(4727, 3, 27, NULL, 1),
(4726, 3, 7, NULL, 1),
(4725, 3, 26, NULL, 1),
(4724, 3, 25, NULL, 1),
(4723, 3, 9, NULL, 1),
(4722, 3, 30, NULL, 1),
(4721, 3, 31, NULL, 1),
(4720, 3, 16, NULL, 1),
(4719, 3, 36, NULL, 1),
(4718, 3, 88, NULL, 1),
(4717, 3, 39, NULL, 1),
(4716, 3, 38, NULL, 1),
(4715, 3, 37, NULL, 1),
(4714, 3, 33, NULL, 1),
(4713, 3, 6, NULL, 1),
(4712, 3, 5, NULL, 1),
(4711, 3, 4, NULL, 1),
(4710, 3, 35, NULL, 1),
(4709, 3, 34, NULL, 1),
(4708, 3, 41, NULL, 1),
(4707, 3, 42, NULL, 1),
(4706, 3, 18, NULL, 1),
(4688, 25, 5, NULL, 1),
(3578, 28, 47, NULL, 1),
(3577, 28, 46, NULL, 1),
(3576, 28, 45, NULL, 1),
(3575, 28, 44, NULL, 1),
(3574, 28, 43, NULL, 1),
(3573, 28, 8, NULL, 1),
(3572, 28, 1, NULL, 1),
(3571, 28, 20, NULL, 1),
(3570, 28, 19, NULL, 1),
(4687, 25, 4, NULL, 1),
(4686, 25, 35, NULL, 1),
(4685, 25, 34, NULL, 1),
(4164, 22, 1, NULL, 1),
(4163, 22, 20, NULL, 1),
(3902, 30, 19, NULL, 1),
(3903, 30, 20, NULL, 1),
(3904, 30, 1, NULL, 1),
(3905, 30, 75, NULL, 1),
(3906, 31, 19, NULL, 1),
(3907, 31, 20, NULL, 1),
(3908, 31, 1, NULL, 1),
(3909, 31, 76, NULL, 1),
(3910, 32, 19, NULL, 1),
(3911, 32, 20, NULL, 1),
(3912, 32, 1, NULL, 1),
(3913, 32, 77, NULL, 1),
(3914, 33, 19, NULL, 1),
(3915, 33, 20, NULL, 1),
(3916, 33, 1, NULL, 1),
(3917, 33, 78, NULL, 1),
(3918, 34, 19, NULL, 1),
(3919, 34, 20, NULL, 1),
(3920, 34, 1, NULL, 1),
(3921, 34, 79, NULL, 1),
(3922, 35, 19, NULL, 1),
(3923, 35, 20, NULL, 1),
(3924, 35, 1, NULL, 1),
(3925, 35, 80, NULL, 1),
(3926, 36, 19, NULL, 1),
(3927, 36, 20, NULL, 1),
(3928, 36, 1, NULL, 1),
(3929, 36, 81, NULL, 1),
(3930, 37, 19, NULL, 1),
(3931, 37, 20, NULL, 1),
(3932, 37, 1, NULL, 1),
(3933, 37, 82, NULL, 1),
(3934, 38, 19, NULL, 1),
(3935, 38, 20, NULL, 1),
(3936, 38, 1, NULL, 1),
(3937, 38, 83, NULL, 1),
(3938, 39, 19, NULL, 1),
(3939, 39, 20, NULL, 1),
(3940, 39, 1, NULL, 1),
(3941, 39, 84, NULL, 1),
(3942, 40, 19, NULL, 1),
(3943, 40, 20, NULL, 1),
(3944, 40, 1, NULL, 1),
(3945, 40, 85, NULL, 1),
(3946, 41, 19, NULL, 1),
(3947, 41, 20, NULL, 1),
(3948, 41, 1, NULL, 1),
(3949, 41, 86, NULL, 1),
(3950, 42, 19, NULL, 1),
(3951, 42, 20, NULL, 1),
(3952, 42, 1, NULL, 1),
(3953, 42, 87, NULL, 1),
(4162, 22, 19, NULL, 1),
(4770, 5, 74, NULL, 1),
(4769, 5, 2, NULL, 1),
(4768, 5, 73, NULL, 1),
(4767, 5, 1, NULL, 1),
(4766, 5, 20, NULL, 1),
(4317, 1, 90, NULL, 1),
(4318, 1, 91, NULL, 1),
(4319, 1, 92, NULL, 1),
(4320, 1, 93, NULL, 1),
(4321, 1, 94, NULL, 1),
(4322, 1, 95, NULL, 1),
(4323, 1, 96, NULL, 1),
(4324, 1, 97, NULL, 1),
(4325, 1, 98, NULL, 1),
(4326, 1, 99, NULL, 1),
(4327, 1, 100, NULL, 1),
(4328, 1, 101, NULL, 1),
(4329, 1, 102, NULL, 1),
(4339, 2, 90, NULL, 1),
(4340, 2, 91, NULL, 1),
(4341, 2, 92, NULL, 1),
(4342, 2, 93, NULL, 1),
(4343, 2, 94, NULL, 1),
(4344, 2, 95, NULL, 1),
(4345, 2, 96, NULL, 1),
(4346, 2, 97, NULL, 1),
(4347, 2, 98, NULL, 1),
(4348, 2, 99, NULL, 1),
(4349, 2, 100, NULL, 1),
(4350, 2, 101, NULL, 1),
(4351, 2, 102, NULL, 1),
(4705, 3, 74, NULL, 1),
(4704, 3, 2, NULL, 1),
(4703, 3, 73, NULL, 1),
(4702, 3, 1, NULL, 1),
(4435, 4, 90, NULL, 1),
(4436, 4, 91, NULL, 1),
(4437, 4, 92, NULL, 1),
(4438, 4, 93, NULL, 1),
(4439, 4, 94, NULL, 1),
(4440, 4, 95, NULL, 1),
(4441, 4, 96, NULL, 1),
(4442, 4, 97, NULL, 1),
(4443, 4, 98, NULL, 1),
(4444, 4, 99, NULL, 1),
(4445, 4, 100, NULL, 1),
(4446, 4, 101, NULL, 1),
(4447, 4, 102, NULL, 1),
(4701, 3, 20, NULL, 1),
(4700, 3, 19, NULL, 1),
(4765, 5, 19, NULL, 1),
(4578, 14, 19, NULL, 1),
(4636, 44, 12, NULL, 1),
(4635, 44, 10, NULL, 1),
(4634, 44, 45, NULL, 1),
(4633, 44, 44, NULL, 1),
(4632, 44, 8, NULL, 1),
(4631, 44, 27, NULL, 1),
(4630, 44, 26, NULL, 1),
(4629, 44, 42, NULL, 1),
(4628, 44, 18, NULL, 1),
(4627, 44, 2, NULL, 1),
(4626, 44, 73, NULL, 1),
(4625, 44, 1, NULL, 1),
(4624, 44, 20, NULL, 1),
(4623, 44, 19, NULL, 1),
(4684, 25, 42, NULL, 1),
(4683, 25, 18, NULL, 1),
(4682, 25, 2, NULL, 1),
(4681, 25, 1, NULL, 1),
(4680, 25, 20, NULL, 1),
(4679, 25, 19, NULL, 1),
(4699, 25, 21, NULL, 1),
(4764, 3, 102, NULL, 1);

-- --------------------------------------------------------

--
-- Table structure for table `hasil_laborat`
--

CREATE TABLE `hasil_laborat` (
  `id` int(5) NOT NULL,
  `nama` varchar(30) NOT NULL,
  `status` int(1) NOT NULL DEFAULT '1'
) ENGINE=MyISAM DEFAULT CHARSET=latin1;

--
-- Dumping data for table `hasil_laborat`
--

INSERT INTO `hasil_laborat` (`id`, `nama`, `status`) VALUES
(1, 'HGB', 1),
(2, 'RBC', 1),
(3, 'HCT', 1),
(4, 'WBC', 1),
(5, 'Diff - Eos', 1),
(6, 'Diff - Baso', 1),
(7, 'Diff - Neut', 1),
(8, 'Diff - Limt', 1),
(9, 'Diff - Mono', 1),
(10, 'P.T/Trombo', 1),
(11, 'LD Jam I', 1),
(12, 'LD Jam II', 1),
(13, 'Wkt Pendarahan', 1),
(14, 'Wkt Pembekuan', 1),
(15, 'Urin Lengkap', 1),
(16, '- pH', 1),
(17, '- Berat Jenis', 1),
(18, '- Nitrit', 1),
(19, '- Protein', 1),
(20, '- Reduksi', 1),
(21, '- Keton', 1),
(22, '- Urobilinogen', 1),
(23, '- Bilirubin', 1),
(24, 'Sedimen', 1),
(25, '- Eritrosit', 1),
(26, '- Leukosit', 1),
(27, '- Silinder', 1),
(28, '- Kristal', 1),
(29, '- Ep. Biasa', 1),
(30, '- Ep. Tbulus', 1),
(31, '- Yeast', 1),
(32, '- Bakteri', 1),
(33, '- Lain-lain', 1),
(34, 'Warna Urin', 1),
(35, 'Kolesterol', 1),
(36, 'Trigliserid', 1),
(37, 'HDL Kolesterol', 1),
(38, 'LDL Kolesterol', 1),
(39, 'Gula Drh Puasa', 1),
(40, 'Gula 2 Jam LP', 1),
(41, 'Feces', 1),
(42, '- Makroskopik', 1),
(43, '- Mikroskopik', 1),
(44, '- Eritrosit', 1),
(45, '- Leukosit', 1),
(46, '- Telur Cacing', 1),
(47, '- Cacing', 1),
(48, '- Kaste', 1),
(49, '- Amuba', 1),
(50, '- Lain-lain', 1),
(51, 'Darah Samar', 1),
(52, 'Bilirubin Total', 1),
(53, 'Bilirubin Direk', 1),
(54, 'Alk. Fosfatase', 1),
(55, 'SGOT', 1),
(56, 'SGRT', 1),
(57, 'Albumin', 1),
(58, 'Globulin', 1),
(59, 'HbsAg', 1),
(60, 'HbsAb', 1),
(61, 'BUN', 1),
(62, 'Kreatinin', 1),
(63, 'Asam Urat', 1),
(64, 'Typhi O', 1),
(65, 'Typhi H', 1),
(66, 'Paratyphi A', 1),
(67, 'Paratyphi O', 1);

-- --------------------------------------------------------

--
-- Table structure for table `jenis_pegawai`
--

CREATE TABLE `jenis_pegawai` (
  `id` int(11) NOT NULL,
  `nama` varchar(255) NOT NULL,
  `status` int(1) NOT NULL DEFAULT '1'
) ENGINE=MyISAM DEFAULT CHARSET=latin1;

--
-- Dumping data for table `jenis_pegawai`
--

INSERT INTO `jenis_pegawai` (`id`, `nama`, `status`) VALUES
(1, 'Kontrak', 1),
(2, 'Honorer PTT', 1),
(3, 'Honorer GTT', 1),
(4, 'CPNS', 1),
(5, 'PNS', 1);

-- --------------------------------------------------------

--
-- Table structure for table `jenis_pembayaran`
--

CREATE TABLE `jenis_pembayaran` (
  `id` int(11) NOT NULL,
  `nama` varchar(30) NOT NULL,
  `panjang_digit` int(5) NOT NULL DEFAULT '0',
  `kategori_id` int(2) NOT NULL,
  `status` int(1) NOT NULL DEFAULT '1'
) ENGINE=MyISAM DEFAULT CHARSET=latin1;

--
-- Dumping data for table `jenis_pembayaran`
--

INSERT INTO `jenis_pembayaran` (`id`, `nama`, `panjang_digit`, `kategori_id`, `status`) VALUES
(1, 'UMUM / SWADAYA', 0, 3, 1),
(2, 'SKTM', 13, 1, 1),
(3, 'BPJS PBI', 13, 1, 1),
(4, 'BPJS NON PBI MANDIRI', 13, 1, 1),
(5, 'BPJS NON PBI ASKES', 13, 1, 1),
(6, 'JAMKESDA', 12, 1, 1),
(7, 'UKS', 0, 2, 1),
(8, 'FDC', 0, 2, 1),
(9, 'MDT', 0, 2, 1),
(10, 'POSYANDU', 0, 2, 1),
(11, 'GRATIS LAINNYA', 0, 2, 1),
(12, 'BERBAYAR (Rp 10.000,-)', 0, 3, 1),
(13, 'BERBAYAR (Rp 20.000,-)', 0, 3, 1);

-- --------------------------------------------------------

--
-- Table structure for table `jenis_pembayaran_kategori`
--

CREATE TABLE `jenis_pembayaran_kategori` (
  `id` int(11) NOT NULL,
  `nama` varchar(30) NOT NULL
) ENGINE=MyISAM DEFAULT CHARSET=latin1;

--
-- Dumping data for table `jenis_pembayaran_kategori`
--

INSERT INTO `jenis_pembayaran_kategori` (`id`, `nama`) VALUES
(1, 'Klaim'),
(2, 'Bebas Retribusi'),
(3, 'Bayar');

-- --------------------------------------------------------

--
-- Table structure for table `kartu_stok`
--

CREATE TABLE `kartu_stok` (
  `id` int(11) NOT NULL,
  `departemen_id` int(11) NOT NULL,
  `tujuan_id` int(11) NOT NULL,
  `obat_id` int(11) NOT NULL,
  `tanggal` date NOT NULL,
  `jumlah` int(11) NOT NULL,
  `event` varchar(20) DEFAULT NULL,
  `keterangan` text
) ENGINE=MyISAM DEFAULT CHARSET=latin1;

-- --------------------------------------------------------

--
-- Table structure for table `kasir`
--

CREATE TABLE `kasir` (
  `id` int(10) NOT NULL,
  `medical_record_id` int(10) NOT NULL,
  `kode_item` varchar(15) NOT NULL,
  `jenis_item` char(10) NOT NULL,
  `nama_item` varchar(30) NOT NULL,
  `harga` int(15) NOT NULL,
  `jumlah` int(10) NOT NULL,
  `sub_total` int(15) NOT NULL,
  `status_pembayaran` int(1) NOT NULL DEFAULT '0' COMMENT '0 = blm bayar, 1 = lunas',
  `puskesmas_id` int(10) NOT NULL
) ENGINE=MyISAM DEFAULT CHARSET=latin1;

-- --------------------------------------------------------

--
-- Table structure for table `kategori_penyakit`
--

CREATE TABLE `kategori_penyakit` (
  `id` varchar(15) NOT NULL,
  `nama` text NOT NULL,
  `parent_id` varchar(15) NOT NULL,
  `status` int(1) NOT NULL DEFAULT '1'
) ENGINE=MyISAM DEFAULT CHARSET=latin1;

--
-- Dumping data for table `kategori_penyakit`
--

INSERT INTO `kategori_penyakit` (`id`, `nama`, `parent_id`, `status`) VALUES
('icdcat1', 'Infeksi dan Penyakit Menular Tertentu [I]', '', 1),
('icdcat1-1', '(A00-A09) Intestinal infectious diseases', 'icdcat1', 1),
('icdcat1-10', '(A90-A99) Arthropod-borne viral fevers and viral haemorrhagic fevers', 'icdcat1', 1),
('icdcat1-11', '(B00-B09) Viral infections characterised by skin and mucous membrane lesions', 'icdcat1', 1),
('icdcat1-12', '(B15-B19) Viral hepatitis', 'icdcat1', 1),
('icdcat1-13', '(B20-B24) Human immunodeficiency virus [HIV] disease', 'icdcat1', 1),
('icdcat1-14', '(B25-B34) Other viral diseases', 'icdcat1', 1),
('icdcat1-15', '(B35-B49) Mycoses', 'icdcat1', 1),
('icdcat1-16', '(B50-B64) Protozoal diseases', 'icdcat1', 1),
('icdcat1-17', '(B65-B83) Helminthiases', 'icdcat1', 1),
('icdcat1-18', '(B85-B89) Pediculosis', 'icdcat1', 1),
('icdcat1-19', '(B90-B94) Sequelae of infectious and parasitic diseases', 'icdcat1', 1),
('icdcat1-2', '(A15-A19) Tuberculosis', 'icdcat1', 1),
('icdcat1-20', '(B95-B97) Bacterial', 'icdcat1', 1),
('icdcat1-21', '(B99-B99) Other infectious diseases', 'icdcat1', 1),
('icdcat1-3', '(A20-A28) Certain zoonotic bacterial diseases', 'icdcat1', 1),
('icdcat1-4', '(A30-A49) Other bacterial diseases', 'icdcat1', 1),
('icdcat1-5', '(A50-A64) Infections with a predominantly sexual mode of transmission', 'icdcat1', 1),
('icdcat1-6', '(A65-A69) Other spirochaetal diseases', 'icdcat1', 1),
('icdcat1-7', '(A70-A74) Other diseases caused by chlamydiae', 'icdcat1', 1),
('icdcat1-8', '(A75-A79) Rickettsioses', 'icdcat1', 1),
('icdcat1-9', '(A80-A89) Viral diseases of the central nervous system', 'icdcat1', 1),
('icdcat10', 'Penyakit Sistem Pernafasan [X]', '', 1),
('icdcat10-1', '(J00-J06) Acute respiratory infections', 'icdcat10', 1),
('icdcat10-10', '(J95-J99) Other diseases of the respiratory system', 'icdcat10', 1),
('icdcat10-2', '(J10-J18) Influenza and pneumonia', 'icdcat10', 1),
('icdcat10-3', '(J20-J22) Other acute lower respiratory infections', 'icdcat10', 1),
('icdcat10-4', '(J30-J39) Other diseases of upper respiratory tract', 'icdcat10', 1),
('icdcat10-5', '(J40-J47) Chronic lower respiratory diseases', 'icdcat10', 1),
('icdcat10-6', '(J60-J70) Lung diseases due to external agents', 'icdcat10', 1),
('icdcat10-7', '(J80-J84) Other respiratory diseases principally affecting the interstitium', 'icdcat10', 1),
('icdcat10-8', '(J85-J86) Suppurative and necrotic conditions of lower respiratory tract', 'icdcat10', 1),
('icdcat10-9', '(J90-J94) Other diseases of pleura', 'icdcat10', 1),
('icdcat11', 'Penyakit Sistem Pencernaan [XI]', '', 1),
('icdcat11-1', '(K00-K14) Diseases of oral cavity, salivary glands and jaws', 'icdcat11', 1),
('icdcat11-10', '(K90-K93) Other diseases of the digestive system', 'icdcat11', 1),
('icdcat11-2', '(K20-K31) Diseases of oesophagus, stomach and duodenum', 'icdcat11', 1),
('icdcat11-3', '(K35-K38) Diseases of appendix', 'icdcat11', 1),
('icdcat11-4', '(K40-K46) Hernia', 'icdcat11', 1),
('icdcat11-5', '(K50-K52) Non-infective enteritis and colitis', 'icdcat11', 1),
('icdcat11-6', '(K55-K63) Other diseases of intestines', 'icdcat11', 1),
('icdcat11-7', '(K65-K67) Diseases of peritoneum', 'icdcat11', 1),
('icdcat11-8', '(K70-K77) Diseases of liver', 'icdcat11', 1),
('icdcat11-9', '(K80-K87) Disorders of gallbladder, biliary tract and pancreas', 'icdcat11', 1),
('icdcat12', 'Penyakit Kulit dan Jaringan Subkutan [XII]', '', 1),
('icdcat12-1', '(L00-L08) Infections of the skin and subcutaneous tissue', 'icdcat12', 1),
('icdcat12-2', '(L10-L14) Bullous disorders', 'icdcat12', 1),
('icdcat12-3', '(L20-L30) Dermatitis and eczema', 'icdcat12', 1),
('icdcat12-4', '(L40-L45) Papulosquamous disorders', 'icdcat12', 1),
('icdcat12-5', '(L50-L54) Urticaria and erythema', 'icdcat12', 1),
('icdcat12-6', '(L55-L59) Radiation-related disorders of the skin and subcutaneous tissue', 'icdcat12', 1),
('icdcat12-7', '(L60-L75) Disorders of skin appendages', 'icdcat12', 1),
('icdcat12-8', '(L80-L99) Other disorders of the skin and subcutaneous tissue', 'icdcat12', 1),
('icdcat13', 'Penyakit Sistem Muskuloskeletal dan Jaringan Ikat [XIII]', '', 1),
('icdcat13-1', '(M00-M03) Infectious arthropathies', 'icdcat13', 1),
('icdcat13-10', '(M65-M68) Disorders of synovium and tendon', 'icdcat13', 1),
('icdcat13-11', '(M70-M79) Other soft tissue disorders', 'icdcat13', 1),
('icdcat13-12', '(M80-M85) Disorders of bone density and structure', 'icdcat13', 1),
('icdcat13-13', '(M86-M90) Other osteopathies', 'icdcat13', 1),
('icdcat13-14', '(M91-M94) Chondropathies', 'icdcat13', 1),
('icdcat13-15', '(M95-M99) Other disorders of the musculoskeletal system and connective tissue', 'icdcat13', 1),
('icdcat13-2', '(M05-M14) Inflammatory polyarthropathies', 'icdcat13', 1),
('icdcat13-3', '(M15-M19) Arthrosis', 'icdcat13', 1),
('icdcat13-4', '(M20-M25) Other joint disorders', 'icdcat13', 1),
('icdcat13-5', '(M30-M36) Systemic connective tissue disorders', 'icdcat13', 1),
('icdcat13-6', '(M40-M43) Deforming dorsopathies', 'icdcat13', 1),
('icdcat13-7', '(M45-M49) Spondylopathies', 'icdcat13', 1),
('icdcat13-8', '(M50-M54) Other dorsopathies', 'icdcat13', 1),
('icdcat13-9', '(M60-M63) Disorders of muscles', 'icdcat13', 1),
('icdcat14', 'Penyakit pada Sistem Genitourinari [XIV]', '', 1),
('icdcat14-1', '(N00-N08) Glomerular diseases', 'icdcat14', 1),
('icdcat14-10', '(N80-N98) Noninflammatory disorders of female genital tract', 'icdcat14', 1),
('icdcat14-11', '(N99-N99) Other disorders of the genito-urinary system', 'icdcat14', 1),
('icdcat14-2', '(N10-N16) Renal tubulo-interstitial diseases', 'icdcat14', 1),
('icdcat14-3', '(N17-N19) Renal failure', 'icdcat14', 1),
('icdcat14-4', '(N20-N23) Urolithiasis', 'icdcat14', 1),
('icdcat14-5', '(N25-N29) Other disorders of kidney and ureter', 'icdcat14', 1),
('icdcat14-6', '(N30-N39) Other diseases of the urinary system', 'icdcat14', 1),
('icdcat14-7', '(N40-N51) Diseases of male genital organs', 'icdcat14', 1),
('icdcat14-8', '(N60-N64) Disorders of breast', 'icdcat14', 1),
('icdcat14-9', '(N70-N77) Inflammatory diseases of female pelvic organs', 'icdcat14', 1),
('icdcat15', 'Kehamilan, Kelahiran dan Puerperium [XV]', '', 1),
('icdcat15-1', '(O00-O08) Pregnancy with abortive outcome', 'icdcat15', 1),
('icdcat15-2', '(O10-O16) Oedema, proteinuria and hypertensive disorders in pregnancy, childbirth and the puerperium', 'icdcat15', 1),
('icdcat15-3', '(O20-O29) Other maternal disorders predominantly related to pregnancy', 'icdcat15', 1),
('icdcat15-4', '(O30-O48) Maternal care related to the foetus and amniotic cavity and possible delivery problems', 'icdcat15', 1),
('icdcat15-5', '(O60-O75) Complications of labour and delivery', 'icdcat15', 1),
('icdcat15-6', '(O80-O84) Delivery', 'icdcat15', 1),
('icdcat15-7', '(O85-O92) Complications predominantly related to the puerperium', 'icdcat15', 1),
('icdcat15-8', '(O95-O99) Other obstetric conditions', 'icdcat15', 1),
('icdcat16', 'Kondisi Tertentu yang Berasal dari Periode Perinatal [XVI]', '', 1),
('icdcat16-1', '(P00-P04) Fetus and newborn affected by maternal factors and by complications of pregnancy, labour and delivery', 'icdcat16', 1),
('icdcat16-10', '(P90-P96) Other disorders originating in the perinatal period', 'icdcat16', 1),
('icdcat16-2', '(P05-P08) Disorders related to length of gestation and foetal growth', 'icdcat16', 1),
('icdcat16-3', '(P10-P15) Birth trauma', 'icdcat16', 1),
('icdcat16-4', '(P20-P29) Respiratory and cardiovascular disorders specific to the perinatal period', 'icdcat16', 1),
('icdcat16-5', '(P35-P39) Infections specific to the perinatal period', 'icdcat16', 1),
('icdcat16-6', '(P50-P61) Haemorrhagic and haematological disorders of foetus and newborn', 'icdcat16', 1),
('icdcat16-7', '(P70-P74) Transitory endocrine and metabolic disorders specific to foetus and newborn', 'icdcat16', 1),
('icdcat16-8', '(P75-P78) Digestive system disorders of foetus and newborn', 'icdcat16', 1),
('icdcat16-9', '(P80-P83) Conditions involving the integument and temperature regulation of foetus and newborn', 'icdcat16', 1),
('icdcat17', 'Malformasi Kongenital, Deformasi dan Kelainan Kromosom [XVII]', '', 1),
('icdcat17-1', '(Q00-Q07) Congenital malformations of the nervous system', 'icdcat17', 1),
('icdcat17-10', '(Q80-Q89) Other congenital malformations', 'icdcat17', 1),
('icdcat17-11', '(Q90-Q99) Chromosomal abnormalities, not elsewhere classified', 'icdcat17', 1),
('icdcat17-2', '(Q10-Q18) Congenital malformations of eye, ear, face and neck', 'icdcat17', 1),
('icdcat17-3', '(Q20-Q28) Congenital malformations of the circulatory system', 'icdcat17', 1),
('icdcat17-4', '(Q30-Q34) Congenital malformations of the respiratory system', 'icdcat17', 1),
('icdcat17-5', '(Q35-Q37) Cleft lip and cleft palate', 'icdcat17', 1),
('icdcat17-6', '(Q38-Q45) Other congenital malformations of the digestive system', 'icdcat17', 1),
('icdcat17-7', '(Q50-Q56) Congenital malformations of genital organs', 'icdcat17', 1),
('icdcat17-8', '(Q60-Q64) Congenital malformations of the urinary system', 'icdcat17', 1),
('icdcat17-9', '(Q65-Q79) Congenital malformations and deformations of the musculoskeletal system', 'icdcat17', 1),
('icdcat18', 'Gejala, Tanda dan Temuan Klinis dan Laboratorium Abnormal, Tidak Diklasifikasikan di Tempat Lain [XVIII]', '', 1),
('icdcat18-1', '(R00-R09) Symptoms and signs involving the circulatory and respiratory systems', 'icdcat18', 1),
('icdcat18-10', '(R80-R82) Abnormal findings on examination of urine, without diagnosis', 'icdcat18', 1),
('icdcat18-11', '(R83-R89) Abnormal findings on examination of other body fluids, substances and tissues, without diagnosis', 'icdcat18', 1),
('icdcat18-12', '(R90-R94) Abnormal findings on diagnostic imaging and in function studies, without diagnosis', 'icdcat18', 1),
('icdcat18-13', '(R95-R99) Ill-defined and unknown causes of mortality', 'icdcat18', 1),
('icdcat18-2', '(R10-R19) Symptoms and signs involving the digestive system and abdomen', 'icdcat18', 1),
('icdcat18-3', '(R20-R23) Symptoms and signs involving the skin and subcutaneous tissue', 'icdcat18', 1),
('icdcat18-4', '(R25-R29) Symptoms and signs involving the nervous and musculoskeletal systems', 'icdcat18', 1),
('icdcat18-5', '(R30-R39) Symptoms and signs involving the urinary system', 'icdcat18', 1),
('icdcat18-6', '(R40-R46) Symptoms and signs involving cognition, perception, emotional state and behaviour', 'icdcat18', 1),
('icdcat18-7', '(R47-R49) Symptoms and signs involving speech and voice', 'icdcat18', 1),
('icdcat18-8', '(R50-R69) General symptoms and signs', 'icdcat18', 1),
('icdcat18-9', '(R70-R79) Abnormal findings on examination of blood, without diagnosis', 'icdcat18', 1),
('icdcat19', 'Cedera, Keracunan dan Konsekuensi Tertentu Lainnya Akibat Penyebab Eksternal [XIX]', '', 1),
('icdcat19-1', '(S00-S09) Injuries to the head', 'icdcat19', 1),
('icdcat19-10', '(S90-S99) Injuries to the ankle and foot', 'icdcat19', 1),
('icdcat19-11', '(T00-T07) Injuries involving multiple body regions', 'icdcat19', 1),
('icdcat19-12', '(T08-T14) Injuries to unspecified part of trunk, limb or body region', 'icdcat19', 1),
('icdcat19-13', '(T15-T19) Effects of foreign body entering through natural orifice', 'icdcat19', 1),
('icdcat19-14', '(T20-T25) Burns and corrosions of external body surface, specified by site', 'icdcat19', 1),
('icdcat19-15', '(T26-T28) Burns and corrosions confined to eye and internal organs', 'icdcat19', 1),
('icdcat19-16', '(T29-T32) Burns and corrosions of multiple and unspecified body regions', 'icdcat19', 1),
('icdcat19-17', '(T33-T35) Frostbite', 'icdcat19', 1),
('icdcat19-18', '(T36-T50) Poisoning by drugs, medicaments and biological substances', 'icdcat19', 1),
('icdcat19-19', '(T51-T65) Toxic effects of substances chiefly nonmedicinal as to source', 'icdcat19', 1),
('icdcat19-2', '(S10-S19) Injuries to the neck', 'icdcat19', 1),
('icdcat19-20', '(T66-T78) Other and unspecified effects of external causes', 'icdcat19', 1),
('icdcat19-21', '(T79-T79) Certain early complications of trauma', 'icdcat19', 1),
('icdcat19-22', '(T80-T88) Complications of surgical and medical care, not elsewhere classified', 'icdcat19', 1),
('icdcat19-23', '(T90-T98) Sequelae of injuries, of poisoning and of other consequences of external causes', 'icdcat19', 1),
('icdcat19-3', '(S20-S29) Injuries to the thorax', 'icdcat19', 1),
('icdcat19-4', '(S30-S39) Injuries to the abdomen', 'icdcat19', 1),
('icdcat19-5', '(S40-S49) Injuries to the shoulder and upper arm', 'icdcat19', 1),
('icdcat19-6', '(S50-S59) Injuries to the elbow and forearm', 'icdcat19', 1),
('icdcat19-7', '(S60-S69) Injuries to the wrist and hand', 'icdcat19', 1),
('icdcat19-8', '(S70-S79) Injuries to the hip and thigh', 'icdcat19', 1),
('icdcat19-9', '(S80-S89) Injuries to the knee and lower leg', 'icdcat19', 1),
('icdcat2', 'Neoplasma [II]', '', 1),
('icdcat2-1', '(C00-C14) Malignant neoplasms of lip, oral cavity and pharynx', 'icdcat2', 1),
('icdcat2-10', '(C64-C68) Malignant neoplasm of urinary tract', 'icdcat2', 1),
('icdcat2-11', '(C69-C72) Malignant neoplasms of eye, brain and other parts of central nervous system', 'icdcat2', 1),
('icdcat2-12', '(C73-C75) Malignant neoplasms of thyroid and other endocrine glands', 'icdcat2', 1),
('icdcat2-13', '(C76-C80) Malignant neoplasms of ill-defined, secondary and unspecified sites', 'icdcat2', 1),
('icdcat2-14', '(C81-C96) Malignant neoplasms, stated or presumed to be primary, of lymphoid, haematopoietic and related tissue', 'icdcat2', 1),
('icdcat2-15', '(C97-C97) Malignant neoplasms of independent (primary) multiple sites', 'icdcat2', 1),
('icdcat2-16', '(D00-D09) In situ neoplasms', 'icdcat2', 1),
('icdcat2-17', '(D10-D36) Benign neoplasms', 'icdcat2', 1),
('icdcat2-18', '(D37-D48) Neoplasms of uncertain or unknown behaviour', 'icdcat2', 1),
('icdcat2-2', '(C15-C26) Malignant neoplasms of digestive organs', 'icdcat2', 1),
('icdcat2-3', '(C30-C39) Malignant neoplasm of respiratory and intrathoracic organs', 'icdcat2', 1),
('icdcat2-4', '(C40-C41) Malignant neoplasm of bone and articular cartilage', 'icdcat2', 1),
('icdcat2-5', '(C43-C44) Melanoma and other malignant neoplasms of skin', 'icdcat2', 1),
('icdcat2-6', '(C45-C49) Malignant neoplasms of mesothelial and soft tissue', 'icdcat2', 1),
('icdcat2-7', '(C50-C50) Malignant neoplasm of breast', 'icdcat2', 1),
('icdcat2-8', '(C51-C58) Malignant neoplasms of female genital organs', 'icdcat2', 1),
('icdcat2-9', '(C60-C63) Malignant neoplasms of male genital organs', 'icdcat2', 1),
('icdcat20', 'Penyebab Eksternal Morbiditas dan Mortalitas [XX]', '', 1),
('icdcat20-1', '(V01-V09) Pedestrian injured in transport accident', 'icdcat20', 1),
('icdcat20-10', '(V90-V94) Water transport accidents', 'icdcat20', 1),
('icdcat20-11', '(V95-V97) Air and space transport accidents', 'icdcat20', 1),
('icdcat20-12', '(V98-V99) Other and unspecified transport accidents', 'icdcat20', 1),
('icdcat20-13', '(W00-W19) Falls', 'icdcat20', 1),
('icdcat20-14', '(W20-W49) Exposure to inanimate mechanical forces', 'icdcat20', 1),
('icdcat20-15', '(W50-W64) Exposure to animate mechanical forces', 'icdcat20', 1),
('icdcat20-16', '(W65-W74) Accidental drowning and submersion', 'icdcat20', 1),
('icdcat20-17', '(W75-W84) Other accidental threats to breathing', 'icdcat20', 1),
('icdcat20-18', '(W85-W99) Exposure to electric current, radiation and extreme ambient air temperature and pressure', 'icdcat20', 1),
('icdcat20-19', '(X00-X09) Exposure to smoke, fire and flames', 'icdcat20', 1),
('icdcat20-2', '(V10-V19) Pedal cyclist injured in transport accident', 'icdcat20', 1),
('icdcat20-20', '(X10-X19) Contact with heat and hot substances', 'icdcat20', 1),
('icdcat20-21', '(X20-X29) Contact with venomous animals and plants', 'icdcat20', 1),
('icdcat20-22', '(X30-X39) Exposure to forces of nature', 'icdcat20', 1),
('icdcat20-23', '(X40-X49) Accidental poisoning by and exposure to noxious substances', 'icdcat20', 1),
('icdcat20-24', '(X50-X57) Overexertion, travel and privation', 'icdcat20', 1),
('icdcat20-25', '(X58-X59) Exposure to other and unspecified factors', 'icdcat20', 1),
('icdcat20-26', '(X60-X84) Intentional self-harm', 'icdcat20', 1),
('icdcat20-27', '(X85-Y09) Assault', 'icdcat20', 1),
('icdcat20-28', '(Y10-Y34) Event of undetermined intent', 'icdcat20', 1),
('icdcat20-29', '(Y35-Y36) Legal intervention and operations of war', 'icdcat20', 1),
('icdcat20-3', '(V20-V29) Motorcycle rider injured in transport accident', 'icdcat20', 1),
('icdcat20-30', '(Y40-Y59) Drugs, medicaments and biological substances causing adverse effects in therapeutic use', 'icdcat20', 1),
('icdcat20-31', '(Y60-Y69) Misadventures to patients during surgical and medical care', 'icdcat20', 1),
('icdcat20-32', '(Y70-Y82) Medical devices associated with adverse incidents in diagnostic and therapeutic use', 'icdcat20', 1),
('icdcat20-33', '(Y83-Y84) Surgical and other medical procedures as the cause of abnormal reaction of the patient, or of later complication, without mention of misadventure at the time of the procedure', 'icdcat20', 1),
('icdcat20-34', '(Y85-Y89) Sequelae of external causes of morbidity and mortality', 'icdcat20', 1),
('icdcat20-35', '(Y90-Y98) Supplementary factors related to causes of morbidity and mortality classified elsewhere', 'icdcat20', 1),
('icdcat20-4', '(V30-V39) Occupant of three-wheeled motor vehicle injured in transport accident', 'icdcat20', 1),
('icdcat20-5', '(V40-V49) Car occupant injured in transport accident', 'icdcat20', 1),
('icdcat20-6', '(V50-V59) Occupant of pick-up truck or van injured in transport accident', 'icdcat20', 1),
('icdcat20-7', '(V60-V69) Occupant of heavy transport vehicle injured in transport accident', 'icdcat20', 1),
('icdcat20-8', '(V70-V79) Bus occupant injured in transport accident', 'icdcat20', 1),
('icdcat20-9', '(V80-V89) Other land transport accidents', 'icdcat20', 1),
('icdcat21', 'Faktor-faktor yang Mempengaruhi Status Kesehatan dan Kontak dengan Pelayanan Kesehatan [XXI]', '', 1),
('icdcat21-1', '(Z00-Z13) Persons encountering health services for examination and investigation', 'icdcat21', 1),
('icdcat21-2', '(Z20-Z29) Persons with potential health hazards related to communicable diseases', 'icdcat21', 1),
('icdcat21-3', '(Z30-Z39) Persons encountering health services in circumstances related to reproduction', 'icdcat21', 1),
('icdcat21-4', '(Z40-Z54) Persons encountering health services for specific procedures and health care', 'icdcat21', 1),
('icdcat21-5', '(Z55-Z65) Persons with potential health hazards related to socioeconomic and psychosocial circumstances', 'icdcat21', 1),
('icdcat21-6', '(Z70-Z76) Persons encountering health services in other circumstances', 'icdcat21', 1),
('icdcat21-7', '(Z80-Z99) Persons with potential health hazards related to family and personal history and certain conditions influencing health status', 'icdcat21', 1),
('icdcat22', 'Kode untuk Tujuan Khusus [XXII]', '', 1),
('icdcat22-1', '(U00-U49) Provisional assignment of new diseases of uncertain aetiology', 'icdcat22', 1),
('icdcat3', 'Penyakit darah dan organ pembentuk darah dan gangguan tertentu yang melibatkan mekanisme imun [III]', '', 1),
('icdcat3-1', '(D50-D53) Nutritional anaemias', 'icdcat3', 1),
('icdcat3-2', '(D55-D59) Haemolytic anaemias', 'icdcat3', 1),
('icdcat3-3', '(D60-D64) Aplastic and other anaemias', 'icdcat3', 1),
('icdcat3-4', '(D65-D69) Coagulation defects, purpura and other haemorrhagic conditions', 'icdcat3', 1),
('icdcat3-5', '(D70-D77) Other diseases of blood and blood-forming organs', 'icdcat3', 1),
('icdcat3-6', '(D80-D89) Certain disorders involving the immune mechanism', 'icdcat3', 1),
('icdcat4', 'Penyakit Endokrin, Nutrisi dan Metabolisme [IV]', '', 1),
('icdcat4-1', '(E00-E07) Disorders of thyroid gland', 'icdcat4', 1),
('icdcat4-2', '(E10-E14) Diabetes mellitus', 'icdcat4', 1),
('icdcat4-3', '(E15-E16) Other disorders of glucose regulation and pancreatic internal secretion', 'icdcat4', 1),
('icdcat4-4', '(E20-E35) Disorders of other endocrine glands', 'icdcat4', 1),
('icdcat4-5', '(E40-E46) Malnutrition', 'icdcat4', 1),
('icdcat4-6', '(E50-E64) Other nutritional deficiencies', 'icdcat4', 1),
('icdcat4-7', '(E65-E68) Obesity and other hyperalimentation', 'icdcat4', 1),
('icdcat4-8', '(E70-E90) Metabolic disorders', 'icdcat4', 1),
('icdcat5', 'Gangguan Mental dan Perilaku [V]', '', 1),
('icdcat5-1', '(F00-F09) Organic, including symptomatic, mental disorders', 'icdcat5', 1),
('icdcat5-10', '(F90-F98) Behavioural and emotional disorders with onset usually occurring in childhood and adolescence', 'icdcat5', 1),
('icdcat5-11', '(F99-F99) Unspecified mental disorder', 'icdcat5', 1),
('icdcat5-2', '(F10-F19) Mental and behavioural disorders due to psychoactive substance use', 'icdcat5', 1),
('icdcat5-3', '(F20-F29) Schizophrenia, schizotypal and delusional disorders', 'icdcat5', 1),
('icdcat5-4', '(F30-F39) Mood [affective] disorders', 'icdcat5', 1),
('icdcat5-5', '(F40-F48) Neurotic, stress-related and somatoform disorders', 'icdcat5', 1),
('icdcat5-6', '(F50-F59) Behavioural syndromes associated with psychological disturbances and physical factors', 'icdcat5', 1),
('icdcat5-7', '(F60-F69) Disorders of adult personality and behaviour', 'icdcat5', 1),
('icdcat5-8', '(F70-F79) Mental retardation', 'icdcat5', 1),
('icdcat5-9', '(F80-F89) Disorders of psychological development', 'icdcat5', 1),
('icdcat6', 'Penyakit Sistem Syaraf [VI]', '', 1),
('icdcat6-1', '(G00-G09) Inflammatory diseases of the central nervous system', 'icdcat6', 1),
('icdcat6-10', '(G80-G83) Cerebral palsy and other paralytic syndromes', 'icdcat6', 1),
('icdcat6-11', '(G90-G99) Other disorders of the nervous system', 'icdcat6', 1),
('icdcat6-2', '(G10-G13) Systemic atrophies primarily affecting the central nervous system', 'icdcat6', 1),
('icdcat6-3', '(G20-G26) Extrapyramidal and movement disorders', 'icdcat6', 1),
('icdcat6-4', '(G30-G32) Other degenerative diseases of the central nervous system', 'icdcat6', 1),
('icdcat6-5', '(G35-G37) Demyelinating diseases of the central nervous system', 'icdcat6', 1),
('icdcat6-6', '(G40-G47) Episodic and paroxysmal disorders', 'icdcat6', 1),
('icdcat6-7', '(G50-G59) Nerve, nerve root and plexus disorders', 'icdcat6', 1),
('icdcat6-8', '(G60-G64) Polyneuropathies and other disorders of the peripheral nervous system', 'icdcat6', 1),
('icdcat6-9', '(G70-G73) Diseases of myoneural junction and muscle', 'icdcat6', 1),
('icdcat7', 'Penyakit pada Mata dan Adenksa [VII]', '', 1),
('icdcat7-1', '(H00-H06) Disorders of eyelid', 'icdcat7', 1),
('icdcat7-10', '(H53-H54) Visual disturbances and blindness', 'icdcat7', 1),
('icdcat7-11', '(H55-H59) Other disorders of eye and adnexa', 'icdcat7', 1),
('icdcat7-2', '(H10-H13) Disorders of conjunctiva', 'icdcat7', 1),
('icdcat7-3', '(H15-H22) Disorders of sclera, cornea, iris and ciliary body', 'icdcat7', 1),
('icdcat7-4', '(H25-H28) Disorders of lens', 'icdcat7', 1),
('icdcat7-5', '(H30-H36) Disorders of choroid and retina', 'icdcat7', 1),
('icdcat7-6', '(H40-H42) Glaucoma', 'icdcat7', 1),
('icdcat7-7', '(H43-H45) Disorders of vitreous body and globe', 'icdcat7', 1),
('icdcat7-8', '(H46-H48) Disorders of optic nerve and visual pathways', 'icdcat7', 1),
('icdcat7-9', '(H49-H52) Disorders of ocular muscles, binocular movement, accommodation and refraction', 'icdcat7', 1),
('icdcat8', 'Penyakit pada Telinga dan Mastoid Process [VIII]', '', 1),
('icdcat8-1', '(H60-H62) Diseases of external ear', 'icdcat8', 1),
('icdcat8-2', '(H65-H75) Diseases of middle ear and mastoid', 'icdcat8', 1),
('icdcat8-3', '(H80-H83) Diseases of inner ear', 'icdcat8', 1),
('icdcat8-4', '(H90-H95) Other disorders of ear', 'icdcat8', 1),
('icdcat9', 'Penyakit Sistem Sirkulasi [IX]', '', 1),
('icdcat9-1', '(I00-I02) Acute rheumatic fever', 'icdcat9', 1),
('icdcat9-10', '(I95-I99) Other and unspecified disorders of the circulatory system', 'icdcat9', 1),
('icdcat9-2', '(I05-I09) Chronic rheumatic heart diseases', 'icdcat9', 1),
('icdcat9-3', '(I10-I15) Hypertensive diseases', 'icdcat9', 1),
('icdcat9-4', '(I20-I25) Ischaemic heart diseases', 'icdcat9', 1),
('icdcat9-5', '(I26-I28) Pulmonary heart disease and diseases of pulmonary circulation', 'icdcat9', 1),
('icdcat9-6', '(I30-I52) Other forms of heart disease', 'icdcat9', 1),
('icdcat9-7', '(I60-I69) Cerebrovascular diseases', 'icdcat9', 1),
('icdcat9-8', '(I70-I79) Diseases of arteries, arterioles and capillaries', 'icdcat9', 1),
('icdcat9-9', '(I80-I89) Diseases of veins, lymphatic vessels and lymph nodes, not elsewhere classified', 'icdcat9', 1);

-- --------------------------------------------------------

--
-- Table structure for table `keadaan_akhir`
--

CREATE TABLE `keadaan_akhir` (
  `id` int(2) NOT NULL,
  `nama` varchar(50) NOT NULL,
  `jenis` varchar(10) NOT NULL DEFAULT 'rawatinap',
  `urutan` int(5) NOT NULL
) ENGINE=MyISAM DEFAULT CHARSET=latin1;

--
-- Dumping data for table `keadaan_akhir`
--

INSERT INTO `keadaan_akhir` (`id`, `nama`, `jenis`, `urutan`) VALUES
(1, 'Sembuh', 'default', 1),
(2, 'Harus Kontrol Rutin', 'default', 2),
(3, 'Opname / Rawat Inap', 'default', 3),
(4, 'Dirujuk ke RS', 'default', 4),
(5, 'Drop Out', 'default', 5),
(6, 'Meninggal', 'default', 6),
(7, 'Sembuh / Pulang', 'ugd', 9),
(8, 'Rujuk ke Rawat Inap', 'ugd', 10),
(9, 'Rujuk ke Rumah Sakit', 'ugd', 11),
(10, 'Pasien Meninggal', 'ugd', 12),
(11, 'Pulang Atas Permintaan Sendiri', 'rawatinap', 13),
(12, 'Sembuh / Pulang', 'rawatinap', 15),
(13, 'Rujuk ke Rumah Sakit', 'rawatinap', 16),
(14, 'Pasien Meninggal 1x24 Jam', 'rawatinap', 17),
(15, 'Pasien Meninggal 2x24 Jam', 'rawatinap', 18),
(16, 'Pulang Atas Permintaan Sendiri Belum Sembuh', 'rawatinap', 14),
(17, 'Pulang Atas Permintaan Sendiri', 'ugd', 7),
(18, 'Pulang Atas Permintaan Sendiri Belum Sembuh', 'ugd', 8),
(19, 'Rujuk Ke PONED', 'ugd', 100);

-- --------------------------------------------------------

--
-- Table structure for table `keperluan`
--

CREATE TABLE `keperluan` (
  `id` int(2) NOT NULL,
  `nama` varchar(50) NOT NULL,
  `status` int(1) NOT NULL DEFAULT '1'
) ENGINE=MyISAM DEFAULT CHARSET=latin1;

--
-- Dumping data for table `keperluan`
--

INSERT INTO `keperluan` (`id`, `nama`, `status`) VALUES
(1, 'Berobat', 1),
(2, 'Kontrol / Ambil Obat', 1),
(3, 'Konsultasi', 1),
(4, 'Check Up / Surat Ket. Sehat', 1),
(5, 'Posyandu / Imunisasi', 1),
(6, 'Periksa Hamil / Nifas / Bayi Baru Lahir', 1),
(7, 'Melahirkan / Bed Rest', 1),
(8, 'Surat Rujukan ke Rumah Sakit', 1);

-- --------------------------------------------------------

--
-- Table structure for table `kriteria_penyakit`
--

CREATE TABLE `kriteria_penyakit` (
  `id` int(2) NOT NULL,
  `nama` varchar(50) NOT NULL
) ENGINE=MyISAM DEFAULT CHARSET=latin1;

--
-- Dumping data for table `kriteria_penyakit`
--

INSERT INTO `kriteria_penyakit` (`id`, `nama`) VALUES
(1, 'Tanpa Dehidrasi'),
(2, 'Ringan / Dehidrasi Ringan'),
(3, 'Sedang / Dehidrasi Sedang'),
(4, 'Berat / Dehidrasi Berat / Dirujuk');

-- --------------------------------------------------------

--
-- Table structure for table `laborat`
--

CREATE TABLE `laborat` (
  `id` int(11) NOT NULL,
  `kode` varchar(10) NOT NULL,
  `nama` varchar(50) NOT NULL,
  `kategori_id` int(11) NOT NULL,
  `normal` varchar(30) NOT NULL,
  `harga_satuan` int(11) NOT NULL DEFAULT '10000',
  `jenis_bayar` int(1) NOT NULL DEFAULT '1' COMMENT '1=subsidi, 2=non subsidi',
  `status` int(1) NOT NULL DEFAULT '1',
  `puskesmas_id` int(11) NOT NULL DEFAULT '1',
  `data_otomatis` text
) ENGINE=MyISAM DEFAULT CHARSET=latin1;

--
-- Dumping data for table `laborat`
--

INSERT INTO `laborat` (`id`, `kode`, `nama`, `kategori_id`, `normal`, `harga_satuan`, `jenis_bayar`, `status`, `puskesmas_id`, `data_otomatis`) VALUES
(1, 'a1', 'Darah Lengkap', 1, '-', 30000, 1, 1, 1, NULL),
(2, 'a2', 'DHF Aglutinasi', 1, '-', 30000, 1, 1, 1, NULL),
(3, 'a3', 'HbsAg Stik', 1, '-', 30000, 1, 1, 1, NULL),
(4, 'b1', 'Glukosa Puasa', 2, '-', 15000, 1, 1, 1, NULL),
(5, 'b2', 'Glukosa 2 Jam PP', 2, '-', 15000, 1, 1, 1, NULL),
(6, 'b3', 'Golongan darah', 2, '-', 15000, 1, 1, 1, NULL),
(7, 'b4', 'SGOT', 2, '-', 15000, 1, 1, 1, NULL),
(8, 'b5', 'SGPT', 2, '-', 15000, 1, 1, 1, NULL),
(9, 'b6', 'Cholesterol', 2, '-', 15000, 1, 1, 1, NULL),
(10, 'b7', 'HDL Cholesterol', 2, '-', 15000, 1, 1, 1, NULL),
(11, 'b8', 'LDL Cholesterol', 2, '-', 15000, 1, 1, 1, NULL),
(12, 'b9', 'Alkaline Phospatase', 2, '-', 15000, 1, 1, 1, NULL),
(13, 'b10', 'Ureum', 2, '-', 15000, 1, 1, 1, NULL),
(14, 'b11', 'Creatinin', 2, '-', 15000, 1, 1, 1, NULL),
(15, 'b12', 'Uric Acid', 2, '-', 15000, 1, 1, 1, NULL),
(16, 'b13', 'Trigliserida', 2, '-', 15000, 1, 1, 1, NULL),
(17, 'b14', 'Bilirubin Total', 2, '-', 15000, 1, 1, 1, NULL),
(18, 'b15', 'Total Protein', 2, '-', 15000, 1, 1, 1, NULL),
(19, 'b16', 'Albumin', 2, '-', 15000, 1, 1, 1, NULL),
(20, 'b17', 'Kehamilan', 2, '-', 15000, 1, 1, 1, NULL),
(21, 'b18', 'Urin Lengkap', 2, '-', 15000, 1, 1, 1, NULL),
(22, 'b19', 'Faeses Lengkap', 2, '-', 15000, 1, 1, 1, NULL),
(23, 'c1', 'VDRL', 3, '-', 25000, 1, 1, 1, NULL),
(24, 'c2', 'Widal', 3, '-', 25000, 1, 1, 1, NULL),
(25, 'c3', 'ASO', 3, '-', 25000, 1, 1, 1, NULL),
(26, 'c4', 'TPHA', 3, '-', 25000, 1, 1, 1, NULL),
(27, 'c5', 'CRP', 3, '-', 25000, 1, 1, 1, NULL),
(28, 'd1', 'Malaria', 4, '-', 20000, 1, 1, 1, NULL),
(29, 'd2', 'BTA', 4, '-', 20000, 1, 1, 1, NULL),
(30, 'd3', 'Gram', 4, '-', 20000, 1, 1, 1, NULL),
(31, 'e1', 'Cocain', 5, '-', 50000, 1, 1, 1, NULL),
(32, 'e2', 'Amphetamin', 5, '-', 50000, 1, 1, 1, NULL),
(33, 'e3', 'Metamphetamin', 5, '-', 50000, 1, 1, 1, NULL),
(34, 'e4', 'Morphine', 5, '-', 50000, 1, 1, 1, NULL),
(35, 'e5', 'Marijuana', 5, '-', 50000, 1, 1, 1, NULL),
(36, 'e6', 'Benzodiazepine', 5, '-', 50000, 1, 1, 1, NULL),
(37, 'e7', 'Barbiturate', 5, '-', 50000, 1, 1, 1, NULL);

-- --------------------------------------------------------

--
-- Table structure for table `laborat_harga`
--

CREATE TABLE `laborat_harga` (
  `id` int(11) NOT NULL,
  `laborat_id` int(11) NOT NULL,
  `jenis_pembayaran_id` int(11) NOT NULL,
  `harga` int(11) NOT NULL
) ENGINE=MyISAM DEFAULT CHARSET=latin1;

--
-- Dumping data for table `laborat_harga`
--

INSERT INTO `laborat_harga` (`id`, `laborat_id`, `jenis_pembayaran_id`, `harga`) VALUES
(1, 1, 1, 30000),
(2, 2, 2, 0),
(3, 1, 2, 0),
(4, 2, 1, 30000),
(5, 3, 1, 30000),
(6, 1, 3, 0),
(7, 2, 3, 30000),
(8, 1, 4, 30000),
(9, 3, 3, 30000),
(10, 2, 4, 30000),
(11, 3, 4, 30000),
(12, 1, 5, 30000),
(13, 2, 5, 30000),
(14, 3, 5, 30000),
(15, 4, 5, 15000),
(16, 4, 1, 15000),
(17, 4, 3, 15000),
(18, 4, 4, 15000),
(19, 5, 1, 15000),
(20, 5, 3, 15000),
(21, 5, 5, 15000),
(22, 5, 4, 15000),
(23, 6, 1, 15000),
(24, 6, 3, 15000),
(25, 6, 5, 15000),
(26, 6, 4, 15000),
(27, 7, 5, 15000),
(28, 7, 4, 15000),
(29, 7, 3, 15000),
(30, 7, 1, 15000),
(31, 8, 1, 15000),
(32, 8, 3, 15000),
(33, 8, 4, 15000),
(34, 8, 5, 15000),
(35, 9, 5, 15000),
(36, 9, 4, 15000),
(37, 9, 3, 15000),
(38, 9, 1, 15000),
(39, 10, 1, 15000),
(40, 10, 3, 15000),
(41, 10, 5, 15000),
(42, 11, 5, 15000),
(43, 11, 4, 15000),
(44, 10, 4, 15000),
(45, 11, 3, 15000),
(46, 11, 1, 15000),
(47, 12, 1, 15000),
(48, 12, 3, 15000),
(49, 12, 4, 15000),
(50, 12, 5, 15000),
(51, 13, 4, 15000),
(52, 13, 3, 15000),
(53, 13, 1, 15000),
(54, 13, 5, 15000),
(55, 14, 1, 15000),
(56, 14, 3, 15000),
(57, 14, 4, 15000),
(58, 14, 5, 15000),
(59, 15, 1, 15000),
(60, 15, 3, 15000),
(61, 15, 4, 15000),
(62, 15, 5, 15000),
(63, 16, 5, 15000),
(64, 17, 5, 15000),
(65, 18, 5, 15000),
(66, 16, 4, 15000),
(67, 17, 4, 15000),
(68, 16, 3, 15000),
(69, 16, 1, 15000),
(70, 17, 1, 15000),
(71, 18, 1, 15000),
(72, 19, 1, 15000),
(73, 20, 1, 15000),
(74, 17, 3, 15000),
(75, 18, 3, 15000),
(76, 18, 4, 15000),
(77, 19, 4, 15000),
(78, 19, 3, 15000),
(79, 20, 3, 15000),
(80, 20, 4, 15000),
(81, 19, 5, 15000),
(82, 20, 5, 15000),
(83, 21, 5, 15000),
(84, 21, 1, 15000),
(85, 21, 3, 15000),
(86, 21, 4, 15000),
(87, 22, 1, 15000),
(88, 22, 3, 15000),
(89, 22, 4, 15000),
(90, 22, 5, 15000),
(91, 23, 1, 25000),
(92, 23, 3, 25000),
(93, 23, 4, 25000),
(94, 23, 5, 25000),
(95, 24, 5, 25000),
(96, 24, 4, 25000),
(97, 24, 3, 25000),
(98, 24, 1, 25000),
(99, 25, 1, 25000),
(100, 26, 1, 25000),
(101, 25, 4, 25000),
(102, 25, 3, 25000),
(103, 25, 5, 25000),
(104, 26, 3, 25000),
(105, 26, 5, 25000),
(106, 27, 5, 25000),
(107, 26, 4, 25000),
(108, 27, 4, 25000),
(109, 27, 3, 25000),
(110, 27, 1, 25000),
(111, 28, 2, 0),
(112, 29, 2, 0),
(113, 28, 1, 20000),
(114, 29, 1, 20000),
(115, 28, 4, 20000),
(116, 29, 5, 20000),
(117, 28, 5, 20000),
(118, 29, 4, 20000),
(119, 29, 3, 20000),
(120, 30, 1, 20000),
(121, 30, 3, 20000),
(122, 30, 4, 20000),
(123, 28, 3, 20000),
(124, 30, 5, 20000),
(125, 32, 5, 50000),
(126, 31, 5, 50000),
(127, 33, 5, 50000),
(128, 34, 5, 50000),
(129, 35, 5, 50000),
(130, 31, 1, 50000),
(131, 33, 1, 50000),
(132, 34, 1, 50000),
(133, 32, 1, 50000),
(134, 35, 1, 50000),
(135, 36, 1, 50000),
(136, 37, 1, 50000),
(137, 31, 2, 0),
(138, 32, 2, 0),
(139, 33, 2, 0),
(140, 34, 2, 0),
(141, 35, 2, 0),
(142, 36, 2, 0),
(143, 31, 3, 50000),
(144, 32, 3, 50000),
(145, 33, 3, 50000),
(146, 34, 3, 50000),
(147, 35, 3, 50000),
(148, 36, 3, 50000),
(149, 37, 3, 50000),
(150, 37, 4, 50000),
(151, 37, 5, 50000),
(152, 36, 5, 50000),
(153, 36, 4, 50000),
(154, 35, 4, 50000),
(155, 34, 4, 50000),
(156, 31, 4, 50000),
(157, 32, 4, 50000),
(158, 33, 4, 50000),
(159, 37, 6, 0);

-- --------------------------------------------------------

--
-- Table structure for table `laborat_kategori`
--

CREATE TABLE `laborat_kategori` (
  `id` int(11) NOT NULL,
  `nama` varchar(50) NOT NULL
) ENGINE=MyISAM DEFAULT CHARSET=latin1;

--
-- Dumping data for table `laborat_kategori`
--

INSERT INTO `laborat_kategori` (`id`, `nama`) VALUES
(1, 'Pemeriksaan Hematologi'),
(2, 'Pemeriksaan Kimia Klinik'),
(3, 'Pemeriksaan Serologi dan Imunologi'),
(4, 'Pemeriksaan Parasitologi'),
(5, 'Pemeriksaan Toxikologi Klinik'),
(6, 'Kadar Gula Darah'),
(7, 'Lemak Darah'),
(8, 'Faal Hati'),
(9, 'Faal Ginjal'),
(10, 'Lainnya');

-- --------------------------------------------------------

--
-- Table structure for table `lb1_jenis_laporan`
--

CREATE TABLE `lb1_jenis_laporan` (
  `id` int(11) NOT NULL,
  `nama` varchar(50) NOT NULL
) ENGINE=MyISAM DEFAULT CHARSET=latin1;

--
-- Dumping data for table `lb1_jenis_laporan`
--

INSERT INTO `lb1_jenis_laporan` (`id`, `nama`) VALUES
(1, 'KB'),
(2, 'INFEKSI MENULAR SEKSUAL'),
(3, 'KEHAMILAN'),
(4, 'SURVEILLANCE TERPADU'),
(5, 'PENY TDK MENULAR'),
(6, 'IMUNISASI'),
(7, 'PENYAKIT BAKTERI (LAPORAN STP, DIARE, TB, KUSTA)'),
(8, 'INFEKSI VIRUS'),
(9, 'PENYAKIT PARASIT'),
(10, 'PENYAKIT KECACINGAN'),
(11, 'PEDICULOSIS'),
(12, 'PENYAKIT NEOPLASMA'),
(13, 'PENYAKIT NUTRISI DAN ENDOKRIN'),
(14, 'PENYAKIT JIWA, NARKOBA, DDTK'),
(15, 'PENYAKIT GIGI MULUT'),
(16, 'PENYAKIT INDERA'),
(17, 'PENYAKIT JIWA');

-- --------------------------------------------------------

--
-- Table structure for table `lb1_jenis_laporan_detail`
--

CREATE TABLE `lb1_jenis_laporan_detail` (
  `id` int(11) NOT NULL,
  `jenis_id` int(11) NOT NULL,
  `penyakit_id` int(11) NOT NULL
) ENGINE=MyISAM DEFAULT CHARSET=latin1;

--
-- Dumping data for table `lb1_jenis_laporan_detail`
--

INSERT INTO `lb1_jenis_laporan_detail` (`id`, `jenis_id`, `penyakit_id`) VALUES
(2, 1, 13502),
(3, 1, 13503),
(4, 1, 13504),
(5, 1, 13505),
(6, 1, 13506),
(7, 1, 13507),
(8, 1, 13509),
(9, 1, 13345),
(10, 3, 13521),
(12, 3, 14054),
(13, 3, 13525),
(14, 3, 13526),
(15, 3, 1725),
(16, 3, 13529),
(17, 3, 13531),
(18, 3, 13536),
(19, 3, 13534),
(20, 3, 13535),
(21, 3, 6414),
(22, 3, 6425),
(23, 3, 6786),
(24, 3, 6787),
(25, 3, 6435),
(26, 3, 6353),
(27, 3, 6354),
(28, 3, 6351),
(29, 3, 6260),
(30, 3, 6293),
(31, 3, 6251),
(32, 3, 6245),
(33, 3, 6326),
(34, 3, 6334),
(35, 3, 6339),
(36, 3, 6343),
(37, 3, 6344),
(38, 3, 6345),
(39, 3, 6363),
(40, 3, 6360),
(41, 3, 6359),
(42, 3, 6368),
(43, 3, 6376),
(44, 3, 6384),
(45, 3, 6385),
(46, 3, 6389),
(382, 16, 3139),
(383, 16, 3163),
(381, 16, 3119),
(380, 16, 3116),
(51, 2, 5925),
(52, 2, 5970),
(53, 2, 6367),
(54, 2, 7918),
(55, 2, 7927),
(56, 2, 7928),
(57, 2, 8055),
(58, 4, 1),
(59, 4, 68),
(60, 4, 5),
(61, 4, 69),
(62, 4, 80),
(63, 4, 166),
(64, 4, 14045),
(65, 4, 480),
(66, 4, 188),
(67, 4, 195),
(68, 4, 187),
(69, 4, 510),
(70, 4, 713),
(71, 4, 701),
(72, 4, 697),
(73, 4, 14038),
(74, 4, 421),
(75, 4, 420),
(76, 4, 4065),
(77, 4, 282),
(78, 4, 285),
(79, 4, 349),
(80, 4, 14046),
(81, 4, 4042),
(82, 4, 3598),
(83, 4, 1967),
(84, 5, 3598),
(85, 5, 3646),
(86, 5, 3838),
(87, 5, 1967),
(88, 5, 1163),
(89, 5, 1146),
(90, 5, 4163),
(91, 5, 4168),
(92, 5, 5601),
(93, 5, 5887),
(94, 5, 9764),
(95, 6, 13460),
(96, 6, 13463),
(97, 6, 13468),
(98, 6, 13472),
(99, 6, 13474),
(100, 6, 13477),
(101, 6, 13485),
(102, 6, 13487),
(103, 6, 13478),
(104, 7, 1),
(105, 7, 5),
(106, 7, 17),
(107, 7, 24),
(108, 7, 35),
(109, 7, 43),
(110, 7, 54),
(111, 7, 68),
(112, 7, 69),
(113, 7, 80),
(114, 7, 98),
(115, 7, 105),
(116, 7, 127),
(117, 7, 156),
(118, 7, 160),
(119, 7, 167),
(120, 7, 171),
(121, 7, 175),
(122, 7, 185),
(123, 7, 187),
(124, 7, 188),
(125, 7, 195),
(126, 7, 201),
(127, 7, 217),
(128, 7, 243),
(129, 7, 245),
(130, 8, 375),
(131, 8, 384),
(132, 8, 421),
(133, 8, 423),
(134, 8, 454),
(135, 8, 464),
(136, 8, 470),
(137, 8, 478),
(138, 8, 480),
(139, 8, 488),
(140, 8, 492),
(141, 8, 502),
(142, 8, 505),
(143, 8, 510),
(144, 8, 515),
(145, 8, 546),
(146, 8, 557),
(147, 8, 569),
(148, 9, 697),
(149, 9, 701),
(150, 9, 705),
(152, 9, 710),
(153, 9, 713),
(154, 9, 729),
(155, 10, 764),
(156, 10, 783),
(157, 10, 792),
(158, 10, 797),
(159, 10, 801),
(160, 10, 806),
(161, 10, 807),
(162, 11, 826),
(163, 11, 832),
(164, 11, 849),
(165, 11, 855),
(166, 11, 856),
(167, 12, 894),
(168, 12, 904),
(169, 12, 934),
(170, 12, 953),
(171, 12, 995),
(172, 12, 1007),
(173, 12, 1008),
(174, 12, 1013),
(175, 12, 1059),
(176, 12, 1078),
(177, 12, 1093),
(178, 12, 1146),
(179, 12, 1147),
(180, 12, 1274),
(181, 12, 1156),
(182, 12, 1163),
(183, 12, 1168),
(184, 12, 1176),
(185, 12, 1187),
(186, 12, 1198),
(187, 12, 1224),
(188, 12, 1393),
(189, 12, 1394),
(190, 12, 1396),
(191, 12, 1397),
(192, 12, 1459),
(193, 12, 1464),
(194, 12, 1618),
(195, 12, 1630),
(196, 12, 1659),
(197, 12, 1664),
(198, 12, 1718),
(199, 13, 1725),
(200, 13, 1733),
(201, 13, 1738),
(202, 13, 1751),
(203, 13, 1797),
(204, 13, 1908),
(205, 13, 1913),
(206, 13, 1934),
(207, 13, 1943),
(208, 13, 1956),
(209, 13, 1962),
(210, 13, 1967),
(211, 13, 2104),
(212, 13, 2105),
(213, 13, 2106),
(214, 13, 2108),
(215, 13, 2113),
(216, 13, 2114),
(217, 13, 2115),
(218, 13, 2116),
(219, 13, 2117),
(220, 13, 2118),
(221, 13, 2119),
(222, 13, 2124),
(223, 13, 2169),
(224, 14, 2344),
(225, 14, 2345),
(226, 14, 2348),
(227, 14, 2356),
(228, 14, 2359),
(229, 14, 2367),
(230, 14, 2370),
(231, 14, 2378),
(232, 14, 2381),
(233, 14, 2389),
(234, 14, 2392),
(235, 14, 2409),
(236, 14, 2411),
(237, 14, 2422),
(238, 14, 2433),
(239, 14, 2444),
(240, 14, 2447),
(241, 14, 2455),
(242, 14, 2457),
(243, 14, 2458),
(244, 14, 2459),
(245, 14, 2461),
(246, 14, 2462),
(247, 14, 2463),
(248, 14, 2464),
(249, 14, 2466),
(250, 14, 2470),
(251, 14, 2485),
(252, 14, 2486),
(253, 14, 2492),
(254, 14, 2495),
(255, 14, 2498),
(256, 14, 2503),
(257, 14, 2504),
(258, 14, 2505),
(259, 14, 2510),
(260, 14, 2512),
(261, 14, 2528),
(262, 14, 2534),
(263, 14, 2541),
(264, 14, 2547),
(265, 14, 2550),
(266, 14, 2564),
(267, 14, 2572),
(268, 14, 2577),
(269, 14, 2578),
(270, 14, 2586),
(271, 14, 2612),
(272, 14, 2664),
(273, 14, 2665),
(274, 14, 2666),
(275, 14, 2667),
(276, 14, 2671),
(277, 14, 2672),
(278, 14, 2673),
(279, 14, 2674),
(280, 14, 2679),
(281, 14, 2680),
(282, 14, 2681),
(283, 14, 2682),
(284, 14, 2685),
(285, 14, 2686),
(286, 14, 2687),
(287, 14, 2698),
(288, 14, 2708),
(289, 14, 2712),
(290, 14, 2731),
(291, 14, 2734),
(305, 15, 4290),
(304, 15, 4289),
(303, 15, 4284),
(302, 15, 4282),
(301, 15, 4281),
(300, 15, 4279),
(299, 15, 4278),
(306, 15, 4291),
(307, 15, 4292),
(308, 15, 4293),
(309, 15, 4294),
(310, 15, 4300),
(311, 15, 4301),
(312, 15, 4302),
(313, 15, 4303),
(314, 15, 4304),
(315, 15, 4305),
(316, 15, 4306),
(317, 15, 4307),
(318, 15, 4308),
(319, 15, 4311),
(320, 15, 4312),
(321, 15, 4313),
(322, 15, 4314),
(323, 15, 4315),
(324, 15, 4316),
(325, 15, 4317),
(326, 15, 4318),
(327, 15, 4319),
(328, 15, 4320),
(329, 15, 4321),
(330, 15, 4322),
(331, 15, 4323),
(332, 15, 4324),
(333, 15, 4325),
(334, 15, 4326),
(335, 15, 4328),
(336, 15, 4329),
(337, 15, 4331),
(338, 15, 4332),
(339, 15, 4333),
(340, 15, 4334),
(341, 15, 4335),
(342, 15, 4340),
(343, 15, 4342),
(344, 15, 4348),
(345, 15, 4353),
(346, 15, 4356),
(347, 15, 4357),
(348, 15, 4358),
(349, 15, 4362),
(350, 15, 4363),
(351, 15, 4365),
(352, 15, 4368),
(353, 15, 4376),
(354, 15, 4377),
(355, 15, 4379),
(356, 15, 4380),
(357, 15, 4381),
(358, 15, 4382),
(359, 15, 4383),
(360, 15, 4385),
(361, 15, 4388),
(362, 15, 4389),
(363, 15, 4390),
(364, 15, 4391),
(365, 5, 11028),
(366, 5, 14053),
(367, 4, 17),
(369, 2, 256),
(370, 2, 266),
(371, 2, 282),
(372, 2, 285),
(373, 2, 295),
(374, 2, 296),
(375, 2, 304),
(376, 2, 309),
(377, 2, 316),
(378, 2, 339),
(384, 16, 3172),
(385, 16, 3191),
(386, 16, 3199),
(387, 16, 3228),
(388, 16, 3240),
(389, 16, 3246),
(390, 16, 3254),
(391, 16, 3294),
(392, 16, 3308),
(393, 16, 3365),
(394, 16, 3381),
(395, 16, 3400),
(396, 16, 3409),
(397, 16, 3410),
(398, 16, 3423),
(399, 16, 3453),
(400, 16, 3471),
(401, 16, 3478),
(402, 16, 3506),
(403, 16, 3521),
(404, 16, 3542),
(405, 16, 14040),
(406, 16, 14041),
(407, 16, 14042),
(408, 16, 14043),
(409, 17, 2320),
(410, 17, 2338),
(411, 17, 2339),
(412, 17, 2344),
(413, 17, 2345),
(414, 17, 2348),
(415, 17, 2356),
(416, 17, 2359),
(417, 17, 2367),
(418, 17, 2370),
(419, 17, 2378),
(420, 17, 2381),
(421, 17, 2389),
(422, 17, 2392),
(423, 17, 2409),
(424, 17, 2411),
(425, 17, 2422),
(426, 17, 2433),
(427, 17, 2444),
(428, 17, 2447),
(429, 17, 2455),
(430, 17, 2457),
(431, 17, 2458),
(432, 17, 2459),
(433, 17, 2461),
(434, 17, 2462),
(435, 17, 2463),
(436, 17, 2464),
(437, 17, 2466),
(438, 17, 2470),
(439, 17, 2478),
(440, 17, 2484),
(441, 17, 2485),
(442, 17, 2486),
(443, 17, 2492),
(444, 17, 2495),
(445, 17, 2498),
(446, 17, 2503),
(447, 17, 2504),
(448, 17, 2505),
(449, 17, 2510),
(450, 17, 2512),
(451, 17, 2528),
(452, 17, 2534),
(453, 17, 2541),
(454, 17, 2547),
(455, 17, 2550),
(456, 17, 2564),
(457, 17, 2572),
(458, 17, 2577),
(459, 17, 2578),
(460, 17, 2586),
(461, 17, 2611),
(462, 17, 2612),
(463, 17, 2644),
(464, 17, 2664),
(465, 17, 2665),
(466, 17, 2666),
(467, 17, 2667),
(468, 17, 2670),
(469, 17, 2671),
(470, 17, 2672),
(471, 17, 2673),
(472, 17, 2674),
(473, 17, 2679),
(474, 17, 2680),
(475, 17, 2681),
(476, 17, 2682),
(477, 17, 2685),
(478, 17, 2686),
(479, 17, 2687),
(480, 17, 2698),
(481, 17, 2708),
(482, 17, 2712),
(483, 17, 2731),
(484, 17, 2734),
(485, 17, 2741),
(486, 17, 2855),
(487, 16, 3435),
(488, 14, 4456),
(489, 14, 5220);

-- --------------------------------------------------------

--
-- Table structure for table `log_brute_force`
--

CREATE TABLE `log_brute_force` (
  `id` int(11) NOT NULL,
  `time` datetime NOT NULL,
  `username` varchar(100) NOT NULL,
  `password` varchar(100) NOT NULL,
  `ip_address` varchar(20) NOT NULL
) ENGINE=MyISAM DEFAULT CHARSET=latin1;

-- --------------------------------------------------------

--
-- Table structure for table `log_ip_blacklist`
--

CREATE TABLE `log_ip_blacklist` (
  `id` int(11) NOT NULL,
  `time` datetime NOT NULL,
  `ip_address` varchar(30) NOT NULL,
  `wrong_count` int(4) NOT NULL
) ENGINE=MyISAM DEFAULT CHARSET=latin1;

--
-- Dumping data for table `log_ip_blacklist`
--

INSERT INTO `log_ip_blacklist` (`id`, `time`, `ip_address`, `wrong_count`) VALUES
(1, '2014-08-27 23:17:50', '110.139.90.137', 0),
(2, '2014-08-28 07:00:18', '10.12.63.8', 0),
(3, '2014-08-28 07:07:16', '10.12.76.3', 0),
(4, '2014-08-28 07:07:24', '10.12.76.6', 0),
(5, '2014-08-28 07:08:22', '10.12.76.9', 0),
(6, '2014-08-28 07:10:57', '10.12.74.7', 0),
(7, '2014-08-28 07:12:05', '10.12.63.5', 0),
(8, '2014-08-28 07:12:31', '10.12.63.4', 0),
(9, '2014-08-28 07:14:21', '10.12.63.6', 0),
(10, '2014-08-28 07:15:26', '10.12.63.11', 0),
(11, '2014-08-28 07:16:04', '10.12.76.7', 0),
(12, '2014-08-28 07:20:56', '10.12.63.12', 0),
(13, '2014-08-28 07:25:15', '10.12.76.5', 0),
(18, '2014-08-28 08:09:53', '10.12.74.4', 0),
(14, '2014-08-28 07:31:53', '10.12.76.11', 0),
(15, '2014-08-28 07:34:50', '10.12.76.8', 0),
(16, '2014-08-28 07:36:25', '10.12.63.3', 0),
(17, '2014-08-28 07:41:36', '10.12.74.6', 0),
(19, '2014-08-28 08:24:12', '10.12.74.3', 0),
(20, '2014-08-28 08:29:02', '10.12.74.5', 0),
(21, '2014-08-28 09:08:33', '110.139.93.132', 0),
(22, '2014-08-28 10:50:01', '64.233.172.33', 0),
(23, '2014-08-28 11:45:32', '66.249.66.63', 0),
(24, '2014-08-28 15:40:41', '36.74.103.191', 0),
(346, '2015-02-10 07:40:36', '182.14.180.50', 2),
(25, '2014-08-28 15:44:50', '125.164.225.225', 0),
(26, '2014-08-29 00:18:47', '36.81.167.194', 3),
(27, '2014-08-29 01:38:51', '36.72.163.195', 0),
(28, '2014-08-29 07:25:02', '180.247.178.22', 0),
(29, '2014-08-29 08:58:54', '39.209.247.173', 0),
(30, '2014-08-29 11:00:49', '10.12.63.2', 0),
(31, '2014-08-30 07:04:53', '103.28.113.46', 0),
(32, '2014-08-30 10:27:46', '36.74.121.35', 0),
(33, '2014-08-30 11:08:11', '10.12.76.2', 0),
(34, '2014-08-31 09:15:22', '202.67.40.50', 0),
(35, '2014-08-31 09:34:47', '111.95.169.125', 3),
(36, '2014-08-31 10:56:02', '202.67.41.51', 0),
(37, '2014-08-31 23:18:30', '36.74.119.37', 0),
(38, '2014-09-01 07:26:44', '180.248.7.7', 0),
(39, '2014-09-01 08:09:59', '120.161.0.148', 0),
(40, '2014-09-01 08:13:01', '182.3.62.25', 0),
(41, '2014-09-01 08:30:21', '182.2.216.49', 0),
(42, '2014-09-01 09:04:29', '180.248.3.57', 0),
(43, '2014-09-01 09:21:10', '180.247.185.84', 0),
(44, '2014-09-01 09:21:21', '180.247.54.137', 0),
(45, '2014-09-01 09:47:55', '182.3.121.32', 0),
(46, '2014-09-01 10:08:29', '180.248.8.123', 0),
(47, '2014-09-01 10:56:19', '10.12.76.4', 0),
(48, '2014-09-01 12:50:33', '120.161.1.233', 0),
(49, '2014-09-02 00:09:01', '66.249.70.63', 0),
(50, '2014-09-02 07:34:02', '66.249.84.92', 0),
(51, '2014-09-02 10:29:26', '180.247.187.127', 0),
(52, '2014-09-02 10:30:12', '182.7.87.105', 0),
(53, '2014-09-02 11:43:07', '180.253.48.107', 0),
(70, '2014-09-04 18:52:12', '114.79.44.102', 0),
(55, '2014-09-02 14:02:33', '10.10.10.2', 0),
(54, '2014-09-02 12:42:02', '114.79.29.25', 0),
(61, '2014-09-03 10:39:36', '39.213.122.255', 0),
(56, '2014-09-02 14:42:53', '36.74.12.110', 0),
(59, '2014-09-03 09:18:54', '114.79.16.3', 0),
(57, '2014-09-03 07:50:33', '103.28.113.34', 0),
(58, '2014-09-03 08:17:42', '10.12.63.124', 0),
(60, '2014-09-03 09:36:32', '182.6.176.58', 0),
(62, '2014-09-03 11:27:05', '125.164.224.134', 0),
(63, '2014-09-03 17:20:15', '180.247.187.71', 0),
(64, '2014-09-03 17:40:23', '36.74.117.181', 0),
(65, '2014-09-04 07:43:48', '10.12.76.41', 0),
(67, '2014-09-04 09:32:25', '182.7.2.221', 3),
(66, '2014-09-04 08:27:08', '36.74.124.165', 0),
(68, '2014-09-04 10:00:04', '114.79.18.193', 0),
(69, '2014-09-04 11:16:50', '180.247.185.97', 0),
(71, '2014-09-04 21:04:51', '66.249.79.94', 0),
(72, '2014-09-05 08:35:38', '124.40.254.46', 2),
(73, '2014-09-05 09:48:37', '114.79.29.100', 0),
(74, '2014-09-05 15:31:45', '66.249.79.102', 0),
(75, '2014-09-06 10:51:26', '39.215.219.62', 0),
(76, '2014-09-06 11:46:25', '114.79.18.174', 0),
(77, '2014-09-06 11:52:10', '114.79.17.106', 0),
(78, '2014-09-06 16:02:29', '180.247.177.124', 0),
(79, '2014-09-06 18:57:27', '103.28.113.36', 0),
(80, '2014-09-06 19:08:50', '180.241.6.216', 0),
(81, '2014-09-08 03:08:32', '66.249.77.104', 0),
(82, '2014-09-08 07:44:57', '10.12.63.15', 0),
(83, '2014-09-08 10:18:09', '39.215.43.10', 0),
(84, '2014-09-08 10:56:46', '180.253.50.143', 0),
(85, '2014-09-08 19:39:21', '66.249.77.114', 0),
(86, '2014-09-08 22:29:04', '39.209.13.25', 0),
(87, '2014-09-09 00:30:48', '114.79.28.191', 0),
(88, '2014-09-09 02:30:18', '66.249.79.86', 0),
(89, '2014-09-09 09:50:51', '39.212.177.213', 0),
(90, '2014-09-09 10:10:40', '182.7.228.109', 0),
(91, '2014-09-09 10:23:27', '125.167.92.66', 0),
(92, '2014-09-09 10:29:54', '36.82.94.11', 0),
(93, '2014-09-10 04:00:27', '66.249.77.124', 0),
(94, '2014-09-10 06:33:16', '125.167.89.237', 0),
(95, '2014-09-10 07:56:38', '66.249.77.74', 0),
(98, '2014-09-10 10:58:00', '180.247.176.237', 0),
(96, '2014-09-10 10:00:28', '10.12.76.44', 0),
(97, '2014-09-10 10:17:11', '36.74.93.46', 0),
(113, '2014-09-12 20:24:22', '125.164.230.188', 0),
(100, '2014-09-10 21:00:05', '103.28.114.11', 0),
(99, '2014-09-10 12:45:28', '125.167.92.99', 0),
(102, '2014-09-11 10:07:13', '182.3.249.195', 0),
(101, '2014-09-11 01:36:42', '66.249.69.254', 0),
(103, '2014-09-11 10:17:21', '180.247.194.92', 0),
(104, '2014-09-11 10:21:38', '36.74.93.172', 0),
(106, '2014-09-11 11:25:18', '125.167.94.76', 0),
(105, '2014-09-11 10:53:58', '39.210.192.162', 0),
(107, '2014-09-11 11:26:01', '180.247.188.180', 0),
(108, '2014-09-11 11:50:27', '180.247.187.148', 0),
(109, '2014-09-11 12:20:00', '36.82.144.152', 0),
(110, '2014-09-11 12:43:31', '10.12.78.9', 0),
(111, '2014-09-12 02:04:57', '36.74.104.234', 0),
(112, '2014-09-12 07:23:33', '36.81.164.16', 0),
(114, '2014-09-13 09:21:49', '36.74.99.145', 0),
(115, '2014-09-13 09:48:53', '182.3.76.86', 0),
(118, '2014-09-15 11:48:07', '180.248.5.33', 7),
(116, '2014-09-13 11:11:04', '125.164.224.185', 0),
(117, '2014-09-14 11:06:30', '49.128.190.10', 99),
(119, '2014-09-18 12:18:38', '36.81.175.199', 0),
(120, '2014-09-20 10:42:08', '114.79.47.29', 0),
(123, '2014-09-26 07:49:20', '114.79.28.113', 1),
(121, '2014-09-23 13:11:34', '36.79.221.45', 0),
(122, '2014-09-24 07:00:34', '10.12.63.7', 0),
(124, '2014-09-27 09:21:01', '120.161.1.202', 6),
(125, '2014-10-06 19:44:50', '36.85.30.47', 1),
(126, '2014-10-06 21:54:33', '10.10.10.9', 0),
(127, '2014-10-10 17:13:21', '36.72.84.2', 1),
(128, '2014-10-10 20:19:57', '180.251.100.248', 0),
(129, '2014-10-11 08:42:55', '180.248.3.236', 3),
(130, '2014-10-11 11:39:46', '36.74.92.107', 0),
(131, '2014-10-13 10:45:53', '10.12.78.23', 0),
(132, '2014-10-14 11:05:34', '36.74.125.70', 1),
(133, '2014-10-14 11:18:29', '36.81.173.222', 1),
(134, '2014-10-18 07:09:52', '114.79.29.122', 2),
(136, '2014-11-04 10:30:15', '125.164.230.133', 12),
(135, '2014-10-27 20:54:00', '103.36.9.250', 4),
(137, '2014-11-04 22:58:35', '36.74.92.150', 0),
(138, '2014-11-05 15:30:49', '10.12.74.34', 0),
(216, '2014-12-22 11:14:37', '199.40.204.245', 0),
(139, '2014-11-15 10:25:26', '36.74.127.201', 2),
(140, '2014-11-15 16:02:00', '114.79.19.182', 2),
(141, '2014-11-16 16:59:56', '114.79.18.2', 0),
(142, '2014-11-18 06:56:46', '180.248.11.205', 3),
(143, '2014-11-28 08:53:59', '36.74.116.147', 4),
(144, '2014-11-29 10:47:32', '10.12.75.3', 0),
(145, '2014-11-29 11:00:39', '10.12.75.8', 0),
(146, '2014-11-30 12:20:52', '180.248.12.181', 0),
(147, '2014-12-01 09:50:58', '10.12.75.2', 0),
(148, '2014-12-01 10:52:51', '10.12.75.4', 0),
(149, '2014-12-01 13:28:15', '10.12.75.5', 0),
(150, '2014-12-03 11:06:09', '180.248.15.161', 0),
(151, '2014-12-04 08:19:04', '125.167.89.100', 3),
(152, '2014-12-04 11:00:08', '36.79.222.110', 0),
(153, '2014-12-05 15:05:51', '39.217.27.236', 0),
(154, '2014-12-08 08:40:51', '39.213.125.99', 0),
(155, '2014-12-08 10:39:31', '112.215.66.73', 0),
(156, '2014-12-08 10:42:29', '182.10.126.167', 30),
(157, '2014-12-08 10:52:31', '112.215.66.75', 0),
(158, '2014-12-08 10:52:49', '112.215.66.72', 0),
(159, '2014-12-08 10:53:11', '120.164.43.70', 0),
(160, '2014-12-08 10:53:45', '182.11.47.169', 16),
(161, '2014-12-08 10:54:22', '112.215.66.69', 0),
(162, '2014-12-08 10:54:54', '112.215.66.74', 0),
(163, '2014-12-08 10:55:18', '112.215.66.78', 3),
(164, '2014-12-08 10:55:29', '180.247.186.109', 0),
(165, '2014-12-08 10:55:51', '112.215.66.76', 1),
(166, '2014-12-08 10:56:07', '112.215.66.79', 0),
(167, '2014-12-08 10:56:27', '112.215.36.144', 0),
(168, '2014-12-08 10:56:38', '112.215.66.70', 0),
(169, '2014-12-08 10:59:49', '114.4.21.204', 0),
(170, '2014-12-08 11:00:26', '112.215.66.77', 0),
(171, '2014-12-08 11:08:46', '120.168.0.151', 0),
(172, '2014-12-08 11:26:32', '114.4.21.206', 0),
(173, '2014-12-08 13:15:53', '10.12.67.2', 0),
(174, '2014-12-08 13:57:55', '10.12.67.5', 0),
(175, '2014-12-09 07:42:18', '10.12.67.4', 0),
(176, '2014-12-09 08:10:30', '10.12.67.9', 1),
(177, '2014-12-10 08:25:24', '114.4.23.77', 10),
(178, '2014-12-10 10:26:37', '10.12.78.5', 0),
(179, '2014-12-10 12:05:34', '10.12.67.6', 0),
(180, '2014-12-10 20:58:42', '114.79.19.103', 6),
(181, '2014-12-11 06:38:29', '10.12.67.3', 0),
(182, '2014-12-11 11:25:16', '10.12.71.4', 0),
(183, '2014-12-11 12:05:40', '10.12.71.215', 1),
(184, '2014-12-11 21:46:58', '172.16.0.10', 0),
(185, '2014-12-12 07:06:55', '10.12.71.5', 0),
(186, '2014-12-12 09:42:09', '36.74.120.155', 0),
(187, '2014-12-13 08:25:31', '36.74.118.94', 0),
(188, '2014-12-13 15:15:21', '180.247.193.77', 4),
(189, '2014-12-15 09:32:49', '10.12.67.8', 0),
(205, '2014-12-16 14:47:32', '124.195.117.24', 0),
(190, '2014-12-15 12:40:43', '120.164.43.108', 0),
(191, '2014-12-15 12:41:45', '120.168.1.93', 24),
(192, '2014-12-15 12:42:12', '114.4.21.215', 0),
(193, '2014-12-15 12:43:48', '114.124.25.53', 14),
(194, '2014-12-15 12:44:00', '39.210.243.62', 0),
(195, '2014-12-15 12:44:08', '182.7.219.110', 50),
(196, '2014-12-15 12:45:00', '120.168.0.37', 0),
(197, '2014-12-15 12:45:56', '114.4.21.200', 0),
(198, '2014-12-15 12:46:26', '120.164.41.200', 0),
(199, '2014-12-15 13:02:50', '103.246.201.57', 5),
(200, '2014-12-15 13:11:10', '114.4.21.212', 0),
(201, '2014-12-15 13:57:30', '120.168.1.237', 0),
(202, '2014-12-15 14:04:25', '112.215.36.143', 0),
(203, '2014-12-15 14:06:37', '112.215.36.142', 0),
(204, '2014-12-15 14:07:36', '112.215.36.145', 0),
(206, '2014-12-16 19:26:55', '125.167.94.97', 0),
(207, '2014-12-17 10:14:13', '10.12.78.15', 0),
(208, '2014-12-17 10:57:39', '39.215.201.215', 0),
(209, '2014-12-17 13:21:33', '10.12.73.2', 0),
(211, '2014-12-18 16:32:00', '125.167.92.98', 1),
(210, '2014-12-18 10:40:48', '118.97.95.182', 0),
(212, '2014-12-18 16:33:03', '36.74.86.116', 1),
(213, '2014-12-19 10:21:58', '10.12.73.5', 0),
(214, '2014-12-20 07:44:04', '103.28.113.33', 0),
(215, '2014-12-20 10:13:31', '36.74.126.65', 0),
(217, '2014-12-22 12:55:36', '10.12.71.6', 0),
(218, '2014-12-22 18:17:50', '124.195.119.151', 2),
(219, '2014-12-23 09:59:50', '182.10.115.162', 0),
(220, '2014-12-24 07:53:19', '36.74.114.159', 0),
(221, '2014-12-24 09:59:24', '10.12.71.2', 0),
(222, '2014-12-26 08:10:44', '10.12.74.32', 0),
(223, '2014-12-27 11:17:29', '182.7.44.129', 7),
(224, '2014-12-27 11:29:26', '39.215.33.21', 2),
(225, '2014-12-27 17:42:28', '180.248.15.147', 0),
(226, '2014-12-28 11:53:42', '39.212.114.241', 0),
(227, '2014-12-29 08:16:28', '10.12.67.192', 7),
(228, '2014-12-29 22:12:11', '36.82.79.97', 11),
(229, '2014-12-30 09:19:00', '180.247.186.156', 0),
(230, '2014-12-30 10:26:32', '10.12.73.3', 0),
(231, '2014-12-30 11:53:20', '180.247.202.105', 0),
(232, '2015-01-02 03:42:27', '36.81.194.166', 2),
(233, '2015-01-02 09:08:28', '10.12.71.30', 0),
(234, '2015-01-02 10:25:15', '10.12.63.182', 0),
(235, '2015-01-05 07:19:23', '10.12.78.3', 0),
(236, '2015-01-05 08:51:00', '120.164.42.41', 0),
(237, '2015-01-05 09:23:27', '10.12.76.10', 0),
(238, '2015-01-05 09:43:40', '10.12.78.11', 0),
(239, '2015-01-05 10:16:26', '10.12.63.203', 0),
(240, '2015-01-05 11:33:34', '114.79.29.120', 0),
(241, '2015-01-05 12:32:28', '10.12.67.19', 0),
(242, '2015-01-05 12:37:50', '114.4.21.198', 0),
(243, '2015-01-06 07:52:16', '10.12.78.6', 0),
(244, '2015-01-06 08:36:10', '10.12.78.20', 0),
(245, '2015-01-06 08:39:55', '112.215.44.183', 2),
(246, '2015-01-06 10:01:01', '120.164.47.223', 1),
(247, '2015-01-06 10:07:07', '10.12.78.8', 0),
(248, '2015-01-06 10:25:46', '180.247.193.211', 0),
(249, '2015-01-06 12:26:15', '10.12.71.173', 0),
(250, '2015-01-06 12:51:52', '10.12.71.174', 0),
(251, '2015-01-06 17:01:37', '182.7.249.136', 0),
(252, '2015-01-07 08:23:59', '10.12.78.21', 0),
(253, '2015-01-07 08:56:00', '114.4.23.87', 0),
(254, '2015-01-07 09:44:48', '10.12.62.214', 0),
(255, '2015-01-07 12:47:00', '112.215.44.21', 0),
(413, '2015-03-27 14:27:19', '114.4.21.203', 0),
(256, '2015-01-07 14:44:26', '10.12.73.12', 0),
(257, '2015-01-08 07:17:43', '103.246.201.35', 2),
(258, '2015-01-08 07:17:55', '103.246.201.31', 1),
(259, '2015-01-08 07:18:17', '103.246.201.58', 1),
(260, '2015-01-08 07:18:27', '103.246.201.7', 1),
(261, '2015-01-08 07:20:38', '103.246.200.16', 0),
(262, '2015-01-08 07:20:57', '103.246.200.14', 1),
(263, '2015-01-08 10:00:13', '125.164.227.138', 0),
(264, '2015-01-08 12:23:44', '10.12.73.4', 0),
(265, '2015-01-08 15:38:42', '180.248.11.34', 0),
(268, '2015-01-10 11:00:28', '10.12.78.173', 0),
(266, '2015-01-09 07:27:36', '10.12.71.11', 0),
(267, '2015-01-09 09:20:16', '10.12.71.150', 0),
(269, '2015-01-10 11:17:52', '10.12.75.6', 0),
(270, '2015-01-10 11:33:28', '10.12.75.14', 0),
(271, '2015-01-10 12:39:36', '114.79.47.1', 0),
(272, '2015-01-10 13:28:37', '10.12.78.7', 0),
(273, '2015-01-12 09:23:51', '114.121.195.89', 0),
(274, '2015-01-12 10:33:46', '10.12.78.19', 0),
(275, '2015-01-12 11:14:45', '10.12.63.10', 0),
(276, '2015-01-12 13:38:07', '10.12.67.23', 0),
(277, '2015-01-13 08:02:56', '10.12.73.6', 0),
(278, '2015-01-13 10:25:23', '10.12.73.13', 0),
(279, '2015-01-13 12:42:09', '182.11.214.241', 0),
(280, '2015-01-13 12:46:32', '125.167.95.176', 0),
(281, '2015-01-13 12:58:28', '10.12.71.171', 0),
(282, '2015-01-14 04:35:25', '114.79.28.50', 0),
(283, '2015-01-14 07:44:10', '10.12.78.153', 0),
(284, '2015-01-14 08:31:38', '10.12.71.24', 0),
(285, '2015-01-14 10:44:44', '10.12.75.252', 0),
(286, '2015-01-14 15:05:21', '10.12.71.15', 0),
(287, '2015-01-15 15:38:53', '112.215.66.68', 0),
(288, '2015-01-15 15:42:05', '112.215.66.71', 1),
(289, '2015-01-15 17:12:54', '114.79.19.9', 0),
(290, '2015-01-16 08:04:57', '10.12.73.218', 0),
(291, '2015-01-16 09:24:06', '10.12.67.201', 0),
(292, '2015-01-16 11:24:41', '36.81.115.77', 0),
(293, '2015-01-16 15:23:26', '103.246.201.27', 1),
(294, '2015-01-16 18:59:40', '36.73.237.26', 1),
(295, '2015-01-16 20:54:47', '39.213.118.94', 0),
(296, '2015-01-17 11:08:39', '10.12.75.221', 0),
(297, '2015-01-17 11:14:42', '10.12.75.11', 0),
(298, '2015-01-17 11:34:47', '10.12.75.9', 0),
(299, '2015-01-17 11:50:14', '10.12.75.234', 0),
(301, '2015-01-19 21:58:41', '114.79.28.126', 0),
(300, '2015-01-19 18:16:45', '180.247.72.19', 0),
(302, '2015-01-20 10:18:36', '180.247.185.245', 0),
(303, '2015-01-20 11:14:40', '182.14.45.106', 0),
(304, '2015-01-20 13:21:07', '10.12.75.7', 0),
(305, '2015-01-20 20:54:07', '182.15.230.197', 0),
(306, '2015-01-22 08:49:43', '182.15.127.12', 0),
(307, '2015-01-22 11:14:52', '10.12.73.247', 0),
(308, '2015-01-22 12:18:47', '182.6.6.138', 0),
(309, '2015-01-22 20:23:06', '36.69.242.62', 1),
(310, '2015-01-22 23:15:52', '36.84.39.127', 3),
(311, '2015-01-23 08:57:07', '114.79.29.198', 0),
(312, '2015-01-23 10:33:50', '10.12.84.248', 0),
(313, '2015-01-24 09:00:00', '10.12.84.246', 5),
(314, '2015-01-24 13:14:08', '36.74.113.11', 0),
(315, '2015-01-25 13:11:04', '36.73.16.39', 1),
(316, '2015-01-26 09:48:01', '10.12.74.52', 0),
(317, '2015-01-26 10:06:48', '36.85.11.208', 1),
(318, '2015-01-27 09:26:38', '10.12.61.171', 0),
(320, '2015-01-28 08:29:42', '114.79.29.124', 9),
(319, '2015-01-28 05:32:31', '114.125.187.209', 1),
(321, '2015-01-28 13:35:29', '10.12.76.49', 0),
(322, '2015-01-29 07:23:29', '10.12.67.195', 0),
(323, '2015-01-29 08:41:15', '10.12.73.10', 0),
(324, '2015-01-29 10:10:27', '182.11.253.13', 0),
(325, '2015-02-01 14:50:23', '120.174.98.161', 0),
(326, '2015-02-01 17:36:44', '114.79.29.156', 0),
(327, '2015-02-02 10:05:24', '10.12.62.213', 0),
(328, '2015-02-02 10:32:04', '10.12.67.238', 0),
(329, '2015-02-02 13:52:19', '10.12.75.40', 0),
(330, '2015-02-02 21:52:57', '36.81.196.32', 5),
(331, '2015-02-03 10:17:46', '114.79.17.88', 0),
(332, '2015-02-03 10:45:59', '10.12.83.171', 0),
(333, '2015-02-03 12:20:01', '114.79.47.43', 0),
(334, '2015-02-03 12:33:05', '114.79.29.196', 0),
(335, '2015-02-03 19:59:23', '39.210.212.68', 0),
(336, '2015-02-04 09:28:28', '10.12.67.235', 0),
(338, '2015-02-05 08:47:35', '120.164.41.61', 0),
(337, '2015-02-04 12:04:33', '10.12.78.51', 0),
(339, '2015-02-06 08:40:49', '10.12.67.236', 0),
(340, '2015-02-06 14:58:12', '36.77.0.57', 1),
(341, '2015-02-07 13:12:06', '114.79.29.222', 5),
(342, '2015-02-07 13:19:25', '114.79.28.194', 0),
(343, '2015-02-07 13:32:01', '114.79.29.99', 0),
(344, '2015-02-09 19:23:26', '10.12.73.211', 0),
(345, '2015-02-09 19:42:53', '39.217.40.30', 0),
(347, '2015-02-10 09:24:05', '39.210.53.52', 0),
(348, '2015-02-10 14:28:06', '120.168.0.8', 1),
(349, '2015-02-10 14:58:50', '39.211.169.38', 0),
(350, '2015-02-11 08:08:21', '10.12.67.193', 0),
(351, '2015-02-11 08:18:31', '39.211.239.237', 0),
(352, '2015-02-11 09:48:56', '10.12.73.227', 0),
(353, '2015-02-12 09:21:59', '182.11.111.154', 0),
(354, '2015-02-13 07:18:41', '10.12.75.237', 4),
(355, '2015-02-13 08:41:41', '182.7.156.229', 0),
(356, '2015-02-13 17:16:57', '39.211.16.148', 3),
(357, '2015-02-15 09:11:53', '36.79.220.90', 0),
(358, '2015-02-17 12:42:20', '39.215.30.1', 0),
(359, '2015-02-17 12:57:00', '36.81.202.233', 1),
(360, '2015-02-17 16:50:54', '114.79.29.181', 0),
(361, '2015-02-17 18:34:13', '114.79.29.207', 0),
(362, '2015-02-18 09:53:54', '125.167.94.188', 0),
(363, '2015-02-18 12:36:45', '10.12.71.172', 0),
(364, '2015-02-18 13:50:38', '140.0.207.46', 6),
(365, '2015-02-18 20:12:35', '182.7.180.42', 0),
(366, '2015-02-21 20:09:57', '10.12.78.32', 0),
(367, '2015-02-23 08:36:25', '124.195.113.158', 0),
(368, '2015-02-23 08:37:01', '182.7.27.99', 0),
(369, '2015-02-23 09:11:45', '10.12.71.21', 0),
(370, '2015-02-23 10:56:39', '36.79.212.93', 0),
(371, '2015-02-24 07:32:57', '39.215.133.240', 0),
(372, '2015-02-24 09:58:19', '124.195.115.75', 5),
(373, '2015-02-24 10:16:17', '10.12.78.243', 0),
(374, '2015-02-24 13:04:58', '10.12.7.36', 0),
(375, '2015-02-24 18:41:58', '202.43.95.25', 1),
(376, '2015-02-24 19:44:57', '114.79.28.81', 3),
(377, '2015-02-25 08:52:26', '39.242.75.74', 0),
(378, '2015-02-25 12:12:52', '10.12.83.25', 0),
(380, '2015-02-27 13:29:21', '114.79.28.192', 0),
(379, '2015-02-26 09:51:51', '114.79.16.40', 0),
(382, '2015-03-02 08:28:13', '10.12.63.100', 0),
(381, '2015-02-28 09:48:27', '10.12.67.194', 0),
(383, '2015-03-02 14:34:22', '125.164.227.91', 0),
(384, '2015-03-02 17:41:32', '180.248.9.77', 0),
(385, '2015-03-02 21:23:25', '182.10.0.7', 0),
(386, '2015-03-03 09:33:05', '125.167.128.8', 4),
(387, '2015-03-04 07:51:15', '114.79.47.16', 0),
(388, '2015-03-04 08:40:36', '10.12.71.213', 0),
(389, '2015-03-04 12:43:22', '36.85.9.119', 0),
(390, '2015-03-04 13:24:10', '39.214.47.239', 0),
(391, '2015-03-04 16:18:41', '180.243.219.51', 3),
(392, '2015-03-05 13:00:49', '114.125.171.115', 2),
(393, '2015-03-05 16:03:35', '222.124.196.42', 1),
(394, '2015-03-06 13:44:13', '36.81.72.195', 3),
(395, '2015-03-07 08:11:09', '36.85.65.254', 8),
(396, '2015-03-07 18:03:14', '180.247.178.16', 0),
(398, '2015-03-11 12:06:32', '10.12.67.196', 0),
(397, '2015-03-09 08:47:47', '10.12.78.73', 0),
(399, '2015-03-12 14:20:39', '180.247.181.175', 0),
(400, '2015-03-13 08:57:36', '10.12.67.199', 0),
(401, '2015-03-14 07:40:49', '10.12.73.234', 0),
(402, '2015-03-17 10:58:48', '36.74.91.233', 0),
(403, '2015-03-18 15:44:33', '202.72.216.194', 2),
(404, '2015-03-21 21:29:17', '180.253.119.37', 1),
(405, '2015-03-22 22:58:43', '39.212.99.54', 2),
(406, '2015-03-23 07:40:14', '10.12.73.212', 0),
(407, '2015-03-24 07:43:12', '10.12.71.220', 0),
(408, '2015-03-24 13:51:12', '10.12.71.180', 0),
(409, '2015-03-25 07:23:34', '10.12.73.236', 0),
(410, '2015-03-25 11:00:58', '124.195.116.88', 0),
(411, '2015-03-26 07:38:03', '10.12.73.237', 0),
(412, '2015-03-27 09:09:22', '10.12.67.159', 0),
(414, '2015-03-31 08:34:36', '10.12.67.7', 0),
(415, '2015-03-31 13:27:22', '36.74.120.138', 0),
(416, '2015-03-31 15:45:42', '39.214.138.160', 4),
(417, '2015-03-31 16:20:54', '114.79.29.239', 0),
(418, '2015-04-01 01:49:36', '114.79.36.169', 1),
(419, '2015-04-01 13:03:53', '10.12.71.124', 0),
(420, '2015-04-01 13:19:24', '36.74.85.235', 0),
(421, '2015-04-01 13:53:33', '203.77.230.115', 13),
(422, '2015-04-02 08:49:25', '10.12.75.200', 0),
(425, '2015-04-06 07:43:22', '10.12.71.10', 0),
(423, '2015-04-04 09:35:03', '10.12.61.194', 0),
(424, '2015-04-05 08:25:03', '182.14.237.85', 1),
(426, '2015-04-06 08:21:03', '10.12.78.240', 0),
(427, '2015-04-06 12:11:44', '10.12.61.193', 0),
(428, '2015-04-06 12:49:14', '10.12.76.46', 0),
(429, '2015-04-07 07:45:44', '10.12.78.245', 0),
(430, '2015-04-07 12:34:23', '10.12.75.26', 0),
(431, '2015-04-08 07:27:49', '10.12.76.43', 0),
(432, '2015-04-08 09:26:44', '114.79.18.19', 0),
(433, '2015-04-08 10:27:00', '10.12.74.25', 0),
(434, '2015-04-09 09:39:58', '10.12.61.234', 0),
(435, '2015-04-10 10:07:58', '10.12.61.176', 0),
(436, '2015-04-10 10:17:34', '120.161.0.185', 0),
(437, '2015-04-13 12:55:45', '10.12.61.192', 0),
(438, '2015-04-13 18:16:36', '180.248.7.74', 0),
(439, '2015-04-15 09:56:47', '10.12.67.243', 0),
(440, '2015-04-15 22:29:43', '114.124.26.159', 2),
(441, '2015-04-16 11:16:33', '192.168.71.43', 1),
(442, '2015-04-17 09:30:11', '10.12.62.4', 0),
(443, '2015-04-17 22:04:04', '36.74.90.67', 0),
(444, '2015-04-18 07:15:18', '10.12.61.175', 0),
(445, '2015-04-18 12:20:37', '10.12.67.45', 0),
(446, '2015-04-20 12:04:12', '10.12.71.214', 0),
(447, '2015-04-21 07:51:09', '10.12.62.12', 0),
(448, '2015-04-21 08:00:34', '10.12.62.21', 0),
(449, '2015-04-21 12:07:11', '10.12.73.239', 0),
(450, '2015-04-22 12:10:00', '114.79.60.40', 1),
(451, '2015-04-22 12:42:42', '10.12.62.13', 0),
(452, '2015-04-23 11:42:18', '10.12.73.49', 0),
(454, '2015-04-27 07:40:34', '10.12.76.50', 0),
(453, '2015-04-24 12:38:09', '10.10.20.1', 0),
(455, '2015-04-27 19:38:22', '202.62.16.32', 1),
(456, '2015-04-28 09:08:20', '10.12.71.200', 0),
(457, '2015-04-28 10:24:38', '10.12.83.192', 0),
(458, '2015-04-30 12:33:07', '180.248.7.172', 0),
(459, '2015-05-02 09:03:46', '10.12.63.204', 0),
(460, '2015-05-03 11:05:01', '180.247.177.174', 0),
(461, '2015-05-04 11:03:23', '10.12.67.184', 0),
(462, '2015-05-05 08:43:20', '114.79.29.210', 3),
(464, '2015-05-07 13:07:05', '180.247.189.30', 0),
(463, '2015-05-06 13:03:11', '10.12.78.253', 0),
(465, '2015-05-08 08:37:16', '10.12.83.45', 5),
(466, '2015-05-09 11:08:04', '10.12.76.15', 0),
(467, '2015-05-09 14:28:00', '10.12.62.2', 0),
(468, '2015-05-11 01:00:32', '120.172.6.137', 1),
(469, '2015-05-11 12:30:43', '10.12.67.54', 0),
(471, '2015-05-13 08:39:22', '10.12.78.89', 0),
(470, '2015-05-11 12:56:25', '10.12.63.206', 0),
(472, '2015-05-13 11:14:50', '10.12.63.205', 0),
(473, '2015-05-13 14:08:52', '10.12.78.237', 0),
(474, '2015-05-15 08:40:33', '180.247.244.35', 1),
(475, '2015-05-15 17:13:29', '10.12.74.50', 0),
(476, '2015-05-16 10:02:57', '180.241.217.207', 0),
(477, '2015-05-17 20:25:07', '202.67.41.31', 0),
(478, '2015-05-18 13:41:44', '36.81.153.9', 0),
(479, '2015-05-19 09:07:22', '10.12.73.244', 0),
(480, '2015-05-19 10:24:06', '10.12.63.200', 0),
(481, '2015-05-19 10:57:43', '10.12.61.174', 0),
(482, '2015-05-19 14:49:26', '182.6.231.137', 0),
(483, '2015-05-20 09:25:19', '10.12.73.253', 0),
(486, '2015-05-22 10:23:29', '180.248.10.79', 0),
(484, '2015-05-20 15:07:20', '182.14.210.134', 0),
(485, '2015-05-20 21:29:16', '120.164.43.148', 0),
(487, '2015-05-23 09:19:59', '39.242.241.131', 0),
(488, '2015-05-23 22:46:37', '180.241.6.66', 3),
(489, '2015-05-25 12:42:13', '114.125.78.247', 0),
(490, '2015-05-26 08:30:29', '39.214.129.142', 0),
(491, '2015-05-26 10:43:49', '125.163.113.94', 3),
(492, '2015-05-27 07:32:52', '120.185.32.203', 6),
(494, '2015-05-28 07:11:49', '10.12.73.201', 0),
(493, '2015-05-27 12:06:53', '10.12.67.214', 0),
(495, '2015-05-28 08:20:14', '10.12.61.12', 0),
(496, '2015-05-28 12:48:38', '10.12.63.33', 0),
(497, '2015-05-29 11:27:59', '10.12.1.157', 1),
(498, '2015-05-31 17:42:12', '182.10.107.67', 0),
(499, '2015-06-01 07:10:29', '10.12.73.242', 0),
(500, '2015-06-01 09:54:48', '10.12.83.17', 7),
(501, '2015-06-03 10:21:50', '10.12.61.172', 0),
(502, '2015-06-03 11:27:37', '39.242.253.226', 0),
(503, '2015-06-03 18:18:17', '180.248.15.37', 0),
(504, '2015-06-04 08:53:52', '10.12.73.91', 0),
(505, '2015-06-04 12:41:08', '10.12.67.200', 0),
(506, '2015-06-04 13:29:21', '10.12.80.195', 0),
(507, '2015-06-05 06:36:00', '10.12.71.42', 0),
(508, '2015-06-05 09:23:17', '10.12.80.103', 0),
(509, '2015-06-05 10:17:43', '10.12.61.173', 0),
(510, '2015-06-05 10:20:48', '10.12.61.24', 0),
(511, '2015-06-05 10:40:37', '10.12.80.147', 7),
(512, '2015-06-05 10:54:51', '10.12.80.168', 3),
(513, '2015-06-06 07:25:16', '10.12.80.129', 0),
(515, '2015-06-06 19:35:32', '114.79.28.243', 0),
(514, '2015-06-06 08:02:08', '10.12.80.101', 0),
(516, '2015-06-08 07:26:48', '10.12.80.167', 0),
(517, '2015-06-08 08:44:14', '10.12.80.124', 0),
(518, '2015-06-08 17:41:14', '114.125.76.185', 1),
(519, '2015-06-09 02:34:08', '49.213.21.149', 4),
(520, '2015-06-09 07:20:16', '10.12.80.179', 0),
(521, '2015-06-09 09:18:23', '10.12.80.200', 0),
(522, '2015-06-09 11:22:49', '10.12.80.196', 0),
(523, '2015-06-09 12:02:50', '10.12.80.173', 0),
(524, '2015-06-09 13:10:28', '10.12.67.98', 13),
(525, '2015-06-10 09:10:57', '10.12.80.130', 0),
(526, '2015-06-10 10:04:57', '10.12.80.110', 0),
(527, '2015-06-10 21:12:20', '39.194.254.249', 1),
(528, '2015-06-11 09:45:58', '120.164.42.82', 1),
(529, '2015-06-11 13:16:49', '10.12.80.5', 0),
(530, '2015-06-11 14:04:55', '10.12.80.2', 0),
(531, '2015-06-13 12:56:40', '114.79.47.55', 2),
(532, '2015-06-15 07:13:14', '10.12.80.4', 0),
(533, '2015-06-15 08:26:42', '182.3.45.185', 0),
(534, '2015-06-18 05:06:55', '182.7.210.57', 0),
(535, '2015-06-21 13:03:27', '36.74.95.242', 0),
(536, '2015-06-23 13:29:44', '180.247.181.99', 0),
(537, '2015-07-02 22:56:42', '103.28.114.137', 0),
(538, '2015-07-03 07:11:12', '114.120.236.101', 3),
(539, '2015-07-03 07:21:48', '39.212.152.192', 0),
(540, '2015-07-04 09:33:08', '39.212.83.54', 0),
(541, '2015-07-05 22:41:46', '180.248.212.173', 2),
(542, '2015-07-05 22:42:12', '36.85.131.184', 1),
(543, '2015-07-05 22:44:07', '180.248.214.55', 1),
(544, '2015-07-06 09:30:42', '120.164.46.192', 0),
(545, '2015-07-10 11:59:13', '36.74.92.64', 0),
(546, '2015-07-15 09:58:23', '180.245.125.82', 0),
(547, '2015-07-21 20:47:51', '120.184.104.129', 0),
(548, '2015-07-28 05:43:38', '114.121.238.73', 0),
(549, '2015-07-29 12:41:51', '202.93.37.89', 0),
(550, '2015-07-29 19:28:15', '124.195.118.98', 0),
(551, '2015-08-03 05:19:39', '120.164.44.40', 0),
(552, '2015-08-04 08:37:42', '36.82.91.161', 0),
(553, '2015-08-06 09:57:34', '103.28.114.90', 0),
(554, '2015-08-08 11:55:16', '36.74.119.221', 0),
(555, '2015-08-15 18:25:31', '114.121.233.15', 0),
(556, '2015-08-18 03:24:12', '36.81.143.42', 0),
(557, '2015-08-18 11:46:56', '36.85.12.97', 0),
(558, '2015-08-24 08:44:23', '36.74.127.137', 6),
(559, '2015-08-25 01:23:00', '36.79.202.233', 0),
(560, '2015-08-26 18:00:14', '114.120.195.73', 2),
(561, '2015-08-26 18:00:20', '114.120.195.74', 1),
(562, '2015-08-28 22:43:30', '36.79.200.99', 0),
(563, '2015-08-28 23:01:30', '114.4.83.77', 0),
(564, '2015-08-31 07:16:39', '36.74.93.165', 0),
(565, '2015-08-31 09:31:47', '114.4.78.96', 0),
(566, '2015-08-31 17:04:13', '114.79.29.102', 0),
(567, '2015-09-01 05:24:32', '125.164.230.39', 0),
(568, '2015-09-02 18:48:51', '36.74.122.209', 0),
(569, '2015-09-04 11:41:22', '103.246.200.55', 1),
(570, '2015-09-08 08:56:20', '36.81.145.190', 0),
(571, '2015-09-12 14:12:58', '114.121.236.229', 0),
(572, '2015-09-13 09:58:08', '125.167.131.170', 0),
(573, '2015-09-14 15:34:38', '180.247.183.181', 0),
(574, '2015-09-15 11:50:26', '103.26.12.60', 2),
(575, '2015-09-17 19:49:34', '114.4.77.202', 0),
(576, '2015-09-18 09:25:28', '180.247.77.168', 0),
(577, '2015-09-20 18:32:02', '36.82.89.151', 0),
(578, '2015-09-21 10:03:37', '114.79.61.171', 0),
(579, '2015-09-22 08:24:03', '114.124.34.245', 0),
(580, '2015-09-22 08:29:23', '103.246.201.17', 1),
(581, '2015-09-22 08:43:50', '36.79.213.239', 0),
(582, '2015-09-28 08:13:41', '36.74.120.36', 3),
(583, '2015-09-28 15:17:01', '114.121.163.253', 0),
(584, '2015-09-30 17:48:22', '114.79.47.31', 4),
(585, '2015-10-01 08:02:49', '36.74.126.63', 0),
(586, '2015-10-01 11:25:53', '120.191.1.211', 8),
(587, '2015-10-03 03:33:34', '36.79.216.65', 0),
(588, '2015-10-03 07:51:13', '146.185.28.59', 0),
(589, '2015-10-05 08:01:20', '36.74.88.82', 0),
(590, '2015-10-07 09:55:38', '202.67.46.24', 0),
(591, '2015-10-08 08:22:10', '180.247.183.251', 0),
(592, '2015-10-08 09:32:47', '36.84.102.81', 0),
(593, '2015-10-08 20:50:21', '36.85.4.229', 0),
(594, '2015-10-10 18:56:29', '114.4.75.197', 0),
(595, '2015-10-13 05:32:14', '180.253.57.249', 0),
(596, '2015-10-13 07:55:20', '180.248.13.135', 0),
(597, '2015-10-14 16:12:45', '36.74.88.176', 0),
(598, '2015-10-16 08:01:28', '36.74.88.248', 0),
(599, '2015-10-16 15:32:30', '180.248.7.26', 0),
(600, '2015-10-17 07:11:52', '36.74.89.255', 0),
(601, '2015-10-19 08:07:05', '180.248.1.230', 0),
(602, '2015-10-20 08:02:47', '180.248.6.226', 0),
(603, '2015-10-21 11:43:27', '36.81.154.48', 0),
(604, '2015-10-22 07:11:51', '36.74.127.130', 0),
(605, '2015-10-22 09:40:02', '180.248.13.28', 0),
(606, '2015-10-23 08:28:24', '36.74.114.50', 0),
(607, '2015-10-23 14:28:54', '95.211.226.36', 0),
(608, '2015-10-23 19:11:19', '120.184.168.162', 0),
(609, '2015-10-27 10:57:32', '36.85.9.244', 0),
(610, '2015-10-30 08:36:10', '125.164.226.244', 0),
(611, '2015-10-30 13:44:11', '36.85.10.156', 0),
(612, '2015-10-31 04:47:20', '36.79.211.4', 0),
(613, '2015-11-01 22:31:03', '36.79.209.228', 0),
(614, '2015-11-02 17:58:19', '125.164.231.79', 0),
(615, '2015-11-04 09:26:00', '36.74.92.31', 0),
(616, '2015-11-06 16:56:58', '180.247.181.160', 0),
(617, '2015-11-13 09:28:57', '114.79.62.96', 0),
(619, '2015-11-26 07:27:32', '114.121.135.61', 0),
(618, '2015-11-18 11:53:03', '114.79.28.119', 0),
(620, '2015-11-26 07:29:47', '114.124.3.18', 0),
(621, '2015-11-26 10:39:47', '202.67.46.29', 0),
(622, '2015-11-27 08:52:58', '124.195.117.210', 7),
(623, '2015-11-28 13:34:09', '114.4.78.245', 0),
(624, '2015-11-29 15:57:50', '103.28.114.242', 0),
(625, '2015-11-30 06:17:46', '120.174.246.106', 0),
(626, '2015-11-30 09:43:31', '114.121.163.0', 0),
(627, '2015-11-30 13:50:17', '36.79.205.74', 0),
(628, '2015-11-30 14:08:07', '180.248.5.167', 0),
(629, '2015-11-30 14:58:25', '103.28.114.110', 0),
(630, '2015-12-01 00:15:17', '36.84.98.142', 0),
(631, '2015-12-01 03:58:11', '125.167.132.85', 0),
(632, '2015-12-01 06:25:19', '125.167.134.249', 0),
(633, '2015-12-01 20:09:48', '36.74.115.95', 0),
(634, '2015-12-02 13:36:58', '146.185.28.62', 0),
(635, '2015-12-02 17:40:51', '114.121.128.190', 0),
(636, '2015-12-03 11:28:20', '114.121.130.87', 4),
(637, '2015-12-03 11:29:19', '114.124.32.210', 1),
(638, '2015-12-03 12:49:17', '36.74.84.109', 3),
(639, '2015-12-03 20:48:47', '114.124.32.35', 0),
(640, '2015-12-07 14:30:33', '114.120.235.156', 0),
(641, '2015-12-07 21:03:37', '36.85.7.55', 0),
(642, '2015-12-08 20:17:29', '115.178.251.96', 6),
(643, '2015-12-10 18:22:12', '36.81.172.2', 0),
(644, '2015-12-15 23:36:32', '180.247.189.206', 0),
(645, '2015-12-17 09:11:13', '146.185.28.58', 0),
(646, '2015-12-17 12:09:57', '180.248.10.255', 0),
(648, '2015-12-20 15:44:17', '115.178.252.228', 0),
(647, '2015-12-19 08:49:26', '202.67.46.27', 0),
(649, '2015-12-25 10:39:24', '114.125.73.124', 5),
(650, '2015-12-26 11:12:35', '114.79.63.102', 0),
(651, '2015-12-29 08:49:32', '114.4.78.241', 0),
(652, '2015-12-30 12:16:04', '36.74.116.241', 2),
(653, '2015-12-30 13:45:35', '125.164.226.80', 0),
(654, '2015-12-30 17:54:20', '180.248.11.53', 0),
(655, '2016-01-02 07:50:17', '36.74.125.135', 0),
(656, '2016-01-02 10:55:24', '115.178.250.159', 0),
(657, '2016-01-03 20:42:08', '114.125.76.12', 0),
(658, '2016-01-04 09:45:31', '180.247.181.164', 0),
(659, '2016-01-05 13:56:33', '36.84.99.251', 0),
(660, '2016-01-06 21:12:57', '114.121.128.183', 2),
(661, '2016-01-07 11:21:44', '115.178.254.8', 0),
(662, '2016-01-11 08:19:16', '36.74.96.254', 0),
(663, '2016-01-13 07:47:10', '120.164.46.128', 1),
(664, '2016-01-13 08:54:55', '36.85.15.213', 0),
(665, '2016-01-13 19:44:50', '114.4.23.19', 5),
(666, '2016-01-14 15:48:33', '36.74.93.159', 0),
(667, '2016-01-15 09:14:29', '115.178.254.95', 0),
(668, '2016-01-15 20:15:43', '114.125.76.122', 0),
(669, '2016-01-16 09:17:47', '202.67.46.18', 0),
(670, '2016-01-16 09:58:04', '180.247.176.189', 0),
(671, '2016-01-19 17:43:25', '36.85.6.165', 0),
(672, '2016-01-19 19:02:07', '114.124.1.55', 0),
(673, '2016-01-20 09:40:10', '115.178.252.40', 0),
(674, '2016-01-20 10:14:24', '185.80.220.177', 0),
(675, '2016-01-20 10:17:09', '202.67.41.23', 0),
(676, '2016-01-23 14:20:03', '114.121.153.192', 0),
(677, '2016-01-26 08:35:10', '120.164.43.38', 2),
(678, '2016-01-28 11:22:54', '180.253.52.158', 0),
(679, '2016-01-28 21:47:22', '103.205.82.242', 0),
(680, '2016-01-30 08:52:18', '36.74.94.82', 0),
(681, '2016-01-30 11:54:59', '36.74.124.10', 0),
(682, '2016-01-31 18:06:09', '120.164.45.58', 0),
(683, '2016-01-31 20:12:00', '120.164.45.250', 0),
(684, '2016-01-31 21:09:57', '180.253.53.248', 6),
(685, '2016-02-01 05:20:43', '36.85.2.204', 0),
(686, '2016-02-01 10:37:22', '114.121.238.64', 0),
(687, '2016-02-01 12:25:28', '180.248.13.162', 0),
(688, '2016-02-01 13:56:48', '36.79.209.97', 1),
(689, '2016-02-02 15:57:04', '114.4.75.221', 0),
(690, '2016-02-02 16:30:46', '180.245.124.43', 0),
(691, '2016-02-05 10:16:34', '36.81.143.122', 0),
(695, '2016-02-10 11:42:43', '36.84.99.140', 0),
(692, '2016-02-09 09:10:53', '103.28.225.94', 4),
(694, '2016-02-10 02:01:52', '180.246.89.130', 1),
(693, '2016-02-09 21:00:30', '36.79.205.244', 0),
(696, '2016-02-12 20:13:43', '202.67.40.14', 0),
(697, '2016-02-13 09:49:23', '202.67.46.6', 0),
(698, '2016-02-15 19:27:00', '114.124.27.50', 0),
(699, '2016-02-16 07:30:35', '36.74.99.188', 0),
(701, '2016-02-17 11:13:18', '36.74.115.233', 7),
(700, '2016-02-16 23:07:05', '36.72.26.224', 5),
(702, '2016-02-17 13:59:53', '180.253.63.26', 0),
(703, '2016-02-19 19:57:13', '114.79.45.184', 0),
(704, '2016-02-20 12:09:20', '120.168.1.227', 0),
(705, '2016-02-22 11:16:50', '114.121.239.86', 0),
(706, '2016-02-23 18:11:52', '202.67.40.26', 0),
(707, '2016-02-24 09:54:43', '202.67.41.5', 0),
(708, '2016-02-24 19:40:26', '61.5.65.215', 0),
(709, '2016-02-26 11:38:40', '103.28.114.141', 0),
(710, '2016-02-26 20:06:29', '114.121.238.6', 0),
(711, '2016-02-29 10:56:59', '180.247.182.213', 0),
(712, '2016-02-29 14:12:41', '180.214.233.126', 1),
(713, '2016-02-29 19:51:56', '114.121.237.235', 0),
(714, '2016-03-01 08:37:43', '125.167.132.59', 2),
(715, '2016-03-01 15:16:37', '120.164.45.148', 0),
(716, '2016-03-01 17:55:35', '114.121.233.178', 0),
(717, '2016-03-02 20:51:08', '114.121.235.240', 2),
(718, '2016-03-03 19:36:33', '36.79.221.11', 0),
(719, '2016-03-06 09:13:15', '36.79.213.236', 0),
(720, '2016-03-07 09:00:19', '114.121.233.27', 0),
(721, '2016-03-07 10:47:13', '114.120.238.115', 1),
(722, '2016-03-09 20:58:42', '114.120.237.66', 3),
(723, '2016-03-12 08:58:46', '114.120.238.152', 0),
(724, '2016-03-14 04:33:12', '120.161.0.124', 0),
(725, '2016-03-14 08:29:24', '36.74.115.52', 0),
(726, '2016-06-15 11:43:37', '::1', 0);

-- --------------------------------------------------------

--
-- Table structure for table `menu`
--

CREATE TABLE `menu` (
  `id` int(11) NOT NULL,
  `name` varchar(50) NOT NULL,
  `controller` varchar(50) NOT NULL,
  `action` varchar(50) NOT NULL DEFAULT 'index',
  `icon` varchar(50) NOT NULL,
  `order` int(11) NOT NULL DEFAULT '1',
  `parent_id` int(11) DEFAULT NULL
) ENGINE=InnoDB DEFAULT CHARSET=latin1;

--
-- Dumping data for table `menu`
--

INSERT INTO `menu` (`id`, `name`, `controller`, `action`, `icon`, `order`, `parent_id`) VALUES
(1, 'Beranda', 'site', 'index', 'fa fa-home', 1, NULL),
(2, 'Master', '', 'index', 'fa fa-database', 2, NULL),
(3, 'Menu', 'menu', 'index', 'fa fa-circle-o', 3, 2),
(4, 'Hak Akses', 'role', 'index', 'fa fa-circle-o', 4, 2),
(5, 'Pengguna', 'user', 'index', 'fa fa-circle-o', 5, 2);

-- --------------------------------------------------------

--
-- Table structure for table `module`
--

CREATE TABLE `module` (
  `id` int(5) NOT NULL,
  `nama` varchar(30) NOT NULL,
  `controller` varchar(20) NOT NULL,
  `action` varchar(1000) NOT NULL,
  `icon` varchar(20) NOT NULL,
  `level` int(2) NOT NULL,
  `type` int(2) NOT NULL COMMENT '1=sidebar, 2=lainnya',
  `order` int(2) NOT NULL,
  `parent_id` int(2) NOT NULL DEFAULT '0'
) ENGINE=MyISAM DEFAULT CHARSET=latin1;

--
-- Dumping data for table `module`
--

INSERT INTO `module` (`id`, `nama`, `controller`, `action`, `icon`, `level`, `type`, `order`, `parent_id`) VALUES
(1, 'Beranda', 'site', 'index', 'icon-home', 1, 1, 3, 0),
(2, 'Loket', 'loket', 'index', 'icon-random', 1, 1, 5, 0),
(4, 'Klinik Umum', 'poliUmum', 'index', 'icon-accessibility-2', 1, 1, 12, 34),
(5, 'Klinik Gigi', 'poliGigi', 'index', 'icon-accessibility-2', 1, 1, 13, 34),
(6, 'Klinik MTBS', 'poliAnak', 'index', 'icon-accessibility-2', 1, 1, 14, 34),
(7, 'Laboratorium', 'poliLaborat', 'index', 'icon-chemical', 1, 1, 27, 0),
(8, 'Laporan', 'laporan', 'index', 'icon-file', 1, 1, 30, 0),
(9, 'Apotek Rawat Jalan', 'apotek', 'index', 'icon-plus', 1, 1, 24, 36),
(10, 'Kasir', 'kasir', 'index', 'icon-archive', 1, 1, 37, 0),
(11, 'Manajemen Modul', 'module', 'index', 'icon-tasks', 1, 1, 50, 0),
(12, 'Master', '#', 'index', 'icon-database', 1, 1, 38, 0),
(13, 'Pasien', 'pasien', 'index', 'icon-ok', 1, 1, 46, 12),
(14, 'Pengaturan', 'setting', 'index', 'icon-cogs', 1, 1, 52, 0),
(15, 'Pusat Pesan', 'message', 'index', 'icon-comments-2', 1, 1, 53, 0),
(16, 'Master Obat', 'obat', 'index', 'icon-ok', 1, 1, 21, 36),
(17, 'Hak Akses', 'hakAkses', 'index', 'icon-users', 1, 1, 51, 0),
(18, 'Telusuri Pasien', 'temukanPasien', 'index', 'icon-github-4', 1, 1, 7, 0),
(19, 'Profil', 'profile', 'index', 'icon-ok', 1, 2, 1, 0),
(20, 'Ganti Password', 'changePassword', 'index', 'icon-ok', 1, 2, 2, 0),
(21, 'Pegawai', 'user', 'index', 'icon-github-4', 1, 1, 47, 12),
(22, 'Laborat', 'laborat', 'index', 'icon-github-4', 1, 1, 48, 12),
(23, 'Wilayah Kerja', 'puskesmas', 'index', 'icon-umbrella', 1, 1, 43, 12),
(24, 'Departemen', 'departemen', 'index', 'icon-network', 1, 1, 44, 12),
(25, 'Klinik Luar Gedung', 'luarUmum', 'index', 'icon-accessibility-2', 1, 1, 25, 0),
(26, 'UGD', 'ugd', 'index', 'icon-accessibility-2', 1, 1, 26, 0),
(27, 'Rawat Inap', 'rawatInap', 'index', 'icon-comments-2', 1, 1, 28, 0),
(28, 'Tindakan', 'tindakan', 'index', 'icon-ok', 1, 1, 45, 12),
(29, 'Gudang Obat', 'gudangObat', 'index', 'icon-box-add', 1, 1, 26, 360),
(30, 'Satuan Obat', 'obatSatuan', 'index', 'icon-ok', 1, 1, 23, 36),
(31, 'Jenis Obat', 'obatJenis', 'index', 'icon-ok', 1, 1, 22, 36),
(32, 'Klinik', 'poliPuskesmas', 'index', 'icon-ok', 1, 1, 42, 12),
(33, 'Klinik Lansia', 'poliLansia', 'index', 'icon-accessibility-2', 1, 1, 15, 34),
(34, 'Poli Klinik', 'master', 'index', 'icon-database', 1, 1, 10, 0),
(35, 'Klinik KIA', 'kia', 'index', 'icon-accessibility-2', 1, 1, 11, 34),
(36, 'Manajemen Obat', '#', 'index', 'icon-database', 1, 1, 20, 0),
(37, 'Klinik DDTK', 'poliDdtk', 'index', 'icon-accessibility-2', 1, 1, 16, 34),
(38, 'Klinik IMS & VCT', 'poliIms', 'index', 'icon-accessibility-2', 1, 1, 17, 34),
(39, 'Klinik IVA', 'poliIva', 'index', 'icon-accessibility-2', 1, 1, 18, 34),
(40, 'Reset Transaksi', 'reset', 'index', 'icon-minus-sign', 1, 1, 49, 0),
(41, 'Input Klinik Umum', 'inputPoli', 'index', 'icon-ok', 1, 1, 9, 0),
(42, 'Edit Kunjungan', 'editKunjungan', 'index', 'icon-pencil', 1, 1, 8, 0),
(43, 'Laporan Poli', 'laporanPoli', 'index', 'icon-ok', 1, 1, 32, 8),
(44, 'Laporan Loket', 'laporanLoket', 'index', 'icon-ok', 1, 1, 33, 8),
(45, 'Laporan Kasir', 'laporanKasir', 'index', 'icon-ok', 1, 1, 34, 8),
(46, 'Laporan Apotek', 'laporanApotek', 'index', 'icon-ok', 1, 1, 35, 8),
(47, 'Laporan Gudang Obat', 'laporanGudangObat', 'index', 'icon-ok', 1, 1, 36, 8),
(48, 'PONED', 'poned', 'index', 'icon-flag', 1, 1, 29, 0),
(49, 'Kategori LB1', 'lb1Kategori', 'index', 'icon-ok', 1, 1, 40, 12),
(102, 'Data UKS', 'dataUks', 'index', 'icon-file-text', 1, 1, 79, 90),
(101, 'Data Promkes', 'dataPromkes', 'index', 'icon-file-text', 1, 1, 78, 90),
(100, 'Data KIA', 'dataKia', 'index', 'icon-file-text', 1, 1, 77, 90),
(99, 'Data Kesling', 'dataKesling', 'index', 'icon-file-text', 1, 1, 76, 90),
(98, 'Data Kematian Ibu', 'dataKematianIbu', 'index', 'icon-file-text', 1, 1, 75, 90),
(97, 'Data Kematian Bayi', 'dataKematianBayi', 'index', 'icon-file-text', 1, 1, 74, 90),
(62, 'Dokter Penanggungjawab', 'dokter', 'index', 'icon-list', 1, 1, 41, 12),
(96, 'Data Keg. Pusk.', 'dataKegPuskesmas', 'index', 'icon-file-text', 1, 1, 73, 90),
(95, 'Data KB', 'dataKb', 'index', 'icon-file-text', 1, 1, 72, 90),
(94, 'Data Imunisasi', 'dataImunisasi', 'index', 'icon-file-text', 1, 1, 71, 90),
(93, 'Data Gigi', 'dataGigi', 'index', 'icon-file-text', 1, 1, 70, 90),
(92, 'Data Gizi', 'dataGizi', 'index', 'icon-file-text', 1, 1, 69, 90),
(91, 'Data Dasar', 'dataDasar', 'index', 'icon-file-text', 1, 1, 68, 90),
(90, 'Data Kesehatan', '#', 'index', 'icon-business-card', 1, 1, 67, 0),
(72, 'Dokter Pngg Jawab', 'dokter', 'index', 'icon-file-text', 1, 1, 39, 12),
(73, 'Admin Panel', 'admin', 'index', 'icon-key-2', 1, 1, 4, 0),
(74, 'Farmasi', 'farmasi', 'index', 'icon-list-2', 1, 1, 6, 0),
(75, 'Posyandu', 'obatPosyandu', 'index', 'icon-folder-closed', 1, 1, 54, 0),
(76, 'P3K', 'obatPppk', 'index', 'icon-folder-closed', 1, 1, 55, 0),
(77, 'Posyandu Lansia', 'obatPosyanduLansia', 'index', 'icon-folder-closed', 1, 1, 56, 0),
(78, 'UKS', 'obatUks', 'index', 'icon-folder-closed', 1, 1, 57, 0),
(79, 'Program P2M', 'obatP2m', 'index', 'icon-folder-closed', 1, 1, 58, 0),
(80, 'Program Imunisasi', 'obatImunisasi', 'index', 'icon-folder-closed', 1, 1, 59, 0),
(81, 'Program TB Paru', 'obatTbParu', 'index', 'icon-folder-closed', 1, 1, 60, 0),
(82, 'Program Malaria', 'obatMalaria', 'index', 'icon-folder-closed', 1, 1, 61, 0),
(83, 'Program ISPA', 'obatIspa', 'index', 'icon-folder-closed', 1, 1, 62, 0),
(84, 'Program Diare', 'obatDiare', 'index', 'icon-folder-closed', 1, 1, 63, 0),
(85, 'Program Surveilans', 'obatSurveilans', 'index', 'icon-folder-closed', 1, 1, 64, 0),
(86, 'Program DBD', 'obatDbd', 'index', 'icon-folder-closed', 1, 1, 65, 0),
(87, 'Program IMS', 'obatIms', 'index', 'icon-folder-closed', 1, 1, 66, 0),
(88, 'Pengaturan Farmasi', 'settingFarmasi', 'index', 'icon-cog', 1, 1, 19, 0),
(89, 'Laporan Obat', 'laporanObat', 'index', 'icon-file-text', 1, 1, 31, 8);

-- --------------------------------------------------------

--
-- Table structure for table `obat`
--

CREATE TABLE `obat` (
  `id` int(11) NOT NULL,
  `kode` char(10) NOT NULL,
  `nama` varchar(50) NOT NULL,
  `kemasan_id` int(11) NOT NULL,
  `jenis` int(3) NOT NULL DEFAULT '1',
  `harga_satuan` int(10) NOT NULL DEFAULT '0',
  `harga_gflk` int(10) NOT NULL DEFAULT '0',
  `is_utama` int(1) NOT NULL DEFAULT '1',
  `stok_saat_ini` int(10) NOT NULL DEFAULT '0',
  `stok_gflk` int(10) NOT NULL DEFAULT '0',
  `status` int(1) NOT NULL DEFAULT '1'
) ENGINE=MyISAM DEFAULT CHARSET=latin1;

--
-- Dumping data for table `obat`
--

INSERT INTO `obat` (`id`, `kode`, `nama`, `kemasan_id`, `jenis`, `harga_satuan`, `harga_gflk`, `is_utama`, `stok_saat_ini`, `stok_gflk`, `status`) VALUES
(1, 'a001', 'Aciklovir SK 5%', 26, 1, 0, 3440, 1, 0, 2825, 1),
(2, 'a003', 'Aciklovir tab 400mg', 25, 1, 0, 336, 1, 0, 45250, 1),
(3, 'a004', 'Air Raksa Dental Use', 3, 1, 0, 242000, 1, 0, 0, 1),
(4, 'a005', 'Alat Suntik 10ml', 16, 2, 0, 1298, 1, 0, 18487, 1),
(5, 'a007', 'Alat Suntik 3ml', 16, 2, 0, 650, 1, 0, 6387, 1),
(6, 'a008', 'Alat Suntik 5ml', 16, 2, 0, 979, 1, 0, 27187, 1),
(7, 'a009', 'Albendasol Tab 400mg', 25, 1, 0, 344, 1, 0, -2250, 1),
(8, '020', 'ALBUMIN', 11, 1, 0, 0, 1, 0, 0, 0),
(9, 'a013', 'Alkaline Phospat', 11, 3, 0, 0, 1, 0, 0, 1),
(10, 'a014', 'Alkohol 70% 100ml', 3, 1, 0, 2500, 1, 0, 17496, 1),
(11, 'a015', 'Alkohol Swab', 16, 5, 0, 100, 1, 0, 33955, 1),
(12, 'a016', 'Alopurinol Tab 100mg', 25, 1, 0, 86, 1, 0, 52300, 1),
(13, 'a017', 'Aluminium Reagen Test', 11, 3, 0, 0, 1, 0, 0, 1),
(14, '002', 'ALVOLGIL', 16, 1, 0, 0, 1, 0, 0, 0),
(15, 'a018', 'Ambiven Tab (Komb Pereda Wasir)', 25, 1, 0, 1270, 1, 0, 0, 1),
(16, 'a019', 'Ambroxol Tab 30mg', 25, 1, 0, 124, 1, 0, 7400, 1),
(17, 'a020', 'Aminofilin inj 24mg/ml - 10ml', 1, 2, 0, 3822, 1, 0, 70, 1),
(18, 'a021', 'Aminofilin tab 200mg', 25, 1, 0, 80, 1, 0, 165600, 1),
(19, 'a022', 'Amitriptilin tab 25mg', 25, 1, 0, 112, 1, 0, 1100, 1),
(20, '008', 'AMOKSICLAV 500MG', 25, 1, 0, 4593, 1, 0, 0, 0),
(21, 'a025', 'Amoksisilin kap 500mg', 10, 1, 0, 261, 1, 0, 1355000, 1),
(22, 'a026', 'Amoksisilin SK 125mg/5ml', 3, 1, 0, 2445, 1, 0, 11100, 1),
(23, 'a027', 'Ampisilin inj 1gr', 27, 2, 0, 5100, 1, 0, 2747, 1),
(24, '024', 'AMPISILIN SK 125MG/5ML', 3, 2, 0, 0, 1, 0, 0, 0),
(25, '013', 'ANTALGIN INJ 250MG/ML-2ML', 1, 2, 0, 1200, 1, 0, 0, 0),
(26, '038', 'ANTALGIN TAB 500MG', 25, 1, 0, 145, 1, 0, 0, 0),
(27, 'a028', 'Antasida DOEN tab', 25, 1, 0, 72, 1, 0, 1166900, 1),
(28, 'a029', 'Antasida sir', 3, 1, 0, 2160, 1, 0, 0, 1),
(29, 'a030', 'Anti Bakteri DOEN SK ( Bacitracin )', 26, 1, 0, 2516, 1, 0, 2375, 1),
(30, 'a032', 'Anti Hemoroid DOEN Suppo', 23, 1, 0, 3045, 1, 0, 0, 1),
(31, 'a031', 'Anti Fungi DOEN ( 3-6 ) SK', 17, 1, 0, 1904, 1, 0, 1992, 1),
(32, 'a033', 'Anti Hemoroid Komb Suppo ( Boraginol )', 23, 1, 0, 0, 1, 0, 0, 1),
(33, 'a034', 'Aqua pro inj', 3, 2, 0, 2200, 1, 0, 12938, 1),
(34, 'a035', 'Aquadest 20 liter', 3, 5, 0, 0, 1, 0, 0, 1),
(35, 'a036', 'Aquadest steril ( 1000ml )', 3, 1, 0, 7500, 1, 0, 871, 1),
(36, 'a039', 'Asam Traneksamat inj 250mg', 1, 2, 0, 2950, 1, 0, 0, 1),
(37, 'a040', 'Asam Traneksamat tab 500mg', 25, 1, 0, 1386, 1, 0, -50, 1),
(38, 'a037', 'Asam Askorbat tab 250mg', 25, 1, 0, 159, 1, 0, 273500, 1),
(39, 'a044', 'Asam Askorbat Tab 50mg', 25, 1, 0, 95, 1, 0, 0, 0),
(40, 'a038', 'Asam Mefenamat tab 500mg', 25, 1, 0, 112, 1, 0, 359398, 1),
(41, 'r007', 'Reagen Asam Urat', 11, 3, 0, 1570000, 1, 0, 0, 1),
(42, 'a042', 'Atropin inj 0,5mg', 1, 2, 0, 1350, 1, 0, 0, 1),
(43, 'b001', 'Barbiturate ', 11, 3, 0, 0, 1, 0, 0, 1),
(44, 'b002', 'Bayclin 1000ml', 3, 5, 0, 0, 1, 0, 0, 1),
(45, 'b003', 'Bayclin 200ml', 3, 5, 0, 3300, 1, 0, 0, 1),
(46, 'b004', 'Benzatin PP inj 1,2 juta IU / vial', 27, 2, 0, 0, 1, 0, 0, 1),
(47, 'b005', 'Betahistin Mesilat tab 6mg', 25, 1, 0, 924, 1, 0, 0, 1),
(48, 'b007', 'Blood tranfusi set', 16, 5, 0, 3600, 1, 0, 2402, 1),
(49, 'b008', 'Blue tip', 16, 5, 0, 0, 1, 0, 0, 1),
(50, 'b009', 'BOD', 11, 3, 0, 0, 1, 0, 0, 1),
(51, 'b010', 'Borak Gliserin', 3, 1, 0, 0, 1, 0, 0, 1),
(52, 'b011', 'Borax test', 12, 3, 0, 0, 1, 0, 0, 1),
(53, 'b012', 'Box slide', 16, 5, 0, 143000, 1, 0, 0, 1),
(54, 'b013', 'Briliant Green Lactose Broth ( BGLB )', 3, 3, 0, 0, 1, 0, 0, 1),
(55, 'c001', 'Ca Gluconas inj 10%', 1, 2, 0, 7800, 1, 0, 0, 1),
(56, 'c002', 'Captopril tab 25mg', 25, 1, 0, 84, 1, 0, 623700, 1),
(57, 'c003', 'Carbamazepin tab 200mg', 25, 1, 0, 245, 1, 0, 57000, 1),
(58, 'c004', 'Cat Gut no 2/0', 16, 5, 0, 5583, 1, 0, 3761, 1),
(59, 'c005', 'Cat Gut no 3/0', 16, 5, 0, 5583, 1, 0, 3156, 1),
(60, 'c006', 'Cavit G ( Caviton )', 17, 1, 0, 165000, 1, 0, 4, 1),
(61, 'r008', 'Reagen Chlorin', 11, 3, 0, 0, 1, 0, 0, 1),
(62, 'r009', 'Reagen Cholesterol', 11, 3, 0, 0, 1, 0, 0, 1),
(63, 'c011', 'Cholesterol strip', 16, 5, 0, 20130, 1, 0, 320, 1),
(64, '028', 'CHRESOPHENE', 16, 1, 0, 0, 1, 0, 0, 0),
(65, 'c012', 'Cimetidin inj ( Ulsikur )', 1, 2, 0, 0, 1, 0, 0, 1),
(66, 'c013', 'Cimetidin tab 200mg', 25, 1, 0, 111, 1, 0, 0, 1),
(67, 'c014', 'Cocain', 11, 3, 0, 0, 1, 0, 0, 1),
(68, 'c015', 'COD', 11, 3, 0, 0, 1, 0, 0, 1),
(70, 'd001', 'D40%', 27, 2, 0, 3500, 1, 0, 110, 1),
(71, 'd002', 'Deksametason inj 5mg/ml - 1ml', 1, 2, 0, 1580, 1, 0, 5130, 1),
(72, 'd003', 'Deksametason tab 0,5mg', 25, 1, 0, 62, 1, 0, 666600, 1),
(73, 'd005', 'Dektrometorfan tab 15mg', 25, 1, 0, 90, 1, 0, 0, 1),
(74, 'd004', 'Dektrometorfan sir 10mg/ 5ml', 3, 1, 0, 1379, 1, 0, 0, 1),
(75, 'd006', 'Demacolin tab ( Obat Anti Flu Komb )', 25, 1, 0, 277, 1, 0, 64200, 1),
(76, 'd007', 'Dentorit', 17, 1, 0, 0, 1, 0, 0, 1),
(77, 'd008', 'Depo Progestin inj', 27, 2, 0, 0, 1, 0, 0, 1),
(78, 'd009', 'Desinfectan tangan', 3, 5, 0, 91300, 1, 0, 0, 1),
(79, 'd010', 'Devitalisasi Pasta', 17, 1, 0, 148500, 1, 0, 0, 1),
(80, 'd013', 'Diazepam tab 2mg', 25, 1, 0, 45, 1, 0, 27200, 1),
(81, 'd011', 'Diazepam inj 5mg/ml - 2ml', 1, 2, 0, 4180, 1, 0, 80, 1),
(82, 'd012', 'Diazepam suppo 10mg ( Stesolid rectal tube )', 23, 1, 0, 16748, 1, 0, 905, 1),
(83, 'd015', 'Dietil Carbamazine tab', 25, 1, 0, 136, 1, 0, 0, 1),
(84, 'd016', 'DifenhidraminHCl inj 10mg/ml - 1ml', 1, 2, 0, 1050, 1, 0, 15720, 1),
(85, 'd017', 'Digoksin tab 0,25mg', 25, 1, 0, 97, 1, 0, 2200, 1),
(86, 'd018', 'Dimenhidrinat tab 50mg', 25, 1, 0, 104, 1, 0, 12900, 1),
(87, 'd020', 'Duk Steril', 16, 5, 0, 0, 1, 0, 0, 1),
(88, 'e001', 'ECG Gel', 3, 5, 0, 27500, 1, 0, 0, 1),
(89, 'e002', 'EDTA 10%', 12, 3, 0, 0, 1, 0, 0, 1),
(90, 'e003', 'Efedrin HCl Tab 25mg', 25, 1, 0, 51, 1, 0, 0, 1),
(91, 'e005', 'Ekstrak Belladon tab 10mg', 25, 1, 0, 38, 1, 0, 0, 1),
(92, '011', 'ENDOMETHAZONE', 16, 1, 0, 0, 1, 0, 0, 0),
(93, 'e006', 'Epinefrin HCl inj iv/im 1mg/ml', 1, 2, 0, 8100, 1, 0, 325, 1),
(94, 'e007', 'Eritromisin tab 500mg', 25, 1, 0, 930, 1, 0, 11700, 1),
(95, 'e008', 'Etakridin ( Rivanol ) lar 0,1%', 3, 1, 0, 2550, 1, 0, 366, 1),
(96, 'e010', 'Etanol 70 % 1000ml', 3, 5, 0, 25000, 1, 0, 0, 1),
(97, 'e011', 'Eter Alkohol', 3, 3, 0, 41800, 1, 0, 0, 1),
(98, 'e009', 'Ethambutol tab 500mg', 25, 1, 0, 451, 1, 0, 0, 1),
(99, 'e012', 'Etil Klorida semprot', 3, 5, 0, 104000, 1, 0, 1197, 1),
(100, 'e013', 'Eugenol cairan', 3, 1, 0, 16667, 1, 0, 0, 1),
(101, '015', 'EXTRAN NETRAL', 3, 1, 0, 0, 1, 0, 0, 0),
(102, '014', 'FAMOTIDIN TAB 20 MG', 25, 1, 0, 0, 1, 0, 0, 0),
(103, '016', 'FDC KOMBINASI 4  (intensif)', 25, 1, 0, 0, 1, 0, 0, 0),
(104, 'r010', 'Reagen Fe ( Besi )', 11, 3, 0, 0, 1, 0, 0, 1),
(105, 'f002', 'Fenobarbital tab 30mg', 25, 1, 0, 220, 1, 0, 17000, 1),
(106, 'f004', 'Fitomenadion tab 10mg', 25, 1, 0, 630, 1, 0, 5400, 1),
(107, 'f003', 'Fitomenadion inj 2mg/ml -1ml', 1, 2, 0, 3417, 1, 0, 0, 1),
(108, 'f005', 'Folly Catether no 16', 16, 5, 0, 8000, 1, 0, 550, 1),
(109, 'f007', 'Furosemid inj iv/im 10mg/ml', 1, 2, 0, 1829, 1, 0, 1160, 1),
(110, 'f008', 'Furosemid tab 40mg', 25, 1, 0, 85, 1, 0, 400, 1),
(111, 'g001', 'Gameksan emulsi 1%', 3, 1, 0, 0, 1, 0, 0, 1),
(112, 'g002', 'Garam Oralit untuk 200ml air', 6, 1, 0, 288, 1, 0, 4600, 1),
(113, 'g004', 'Gentamisin SK 0,1%', 26, 1, 0, 3450, 1, 0, 1130, 1),
(114, 'g005', 'Gentamisin TM 0,3%', 3, 1, 0, 3194, 1, 0, 0, 1),
(115, 'g003', 'Gentamicyn inj 80mg', 1, 2, 0, 4400, 1, 0, 0, 1),
(116, 'g006', 'Gentian Violet lar 1%', 3, 1, 0, 900, 1, 0, 0, 1),
(117, 'g007', 'Glass Ionomer (GC IX )', 16, 1, 0, 605000, 1, 0, 0, 1),
(118, 'g008', 'Glibenklamid tab 5mg', 25, 1, 0, 56, 1, 0, 28000, 1),
(120, 'g009', 'Gliseril Guayakolat tab 100mg', 25, 1, 0, 28, 1, 0, 509000, 1),
(121, 'r012', 'Glukosa Reagen', 3, 3, 0, 1155000, 1, 0, 0, 1),
(122, 'g010', 'Glukosa lar infus 5 % steril', 3, 1, 0, 5200, 1, 0, 5420, 1),
(123, 'r015', 'GOT Reagen ', 11, 3, 0, 1161000, 1, 0, 0, 1),
(124, 'r016', 'GPT Reagen ', 11, 3, 0, 1161000, 1, 0, 0, 1),
(125, 'g012', 'Griseofulvin tab 125mg', 25, 1, 0, 209, 1, 0, 68400, 1),
(126, 'h001', 'Haloperidol Decanoat inj 50mg/ml', 1, 2, 0, 83333, 1, 0, 0, 1),
(127, 'h002', 'Haloperidol inj 5mg/ml', 1, 2, 0, 6250, 1, 0, 0, 1),
(128, 'h003', 'Haloperidol tab 0,5mg', 25, 1, 0, 59, 1, 0, 0, 1),
(129, 'h004', 'Haloperidol tab 1,5mg', 25, 1, 0, 69, 1, 0, 35000, 1),
(130, 'h005', 'Haloperidol tab 5mg', 25, 1, 0, 96, 1, 0, 54600, 1),
(131, 'h006', 'Handscoen panjang plasenta', 16, 5, 0, 15400, 1, 0, 0, 1),
(132, 'h007', 'Handscoen steril', 16, 5, 0, 4180, 1, 0, 20604, 1),
(133, 'h008', 'HCL 0,1%', 3, 3, 0, 0, 1, 0, 0, 1),
(134, 'h009', 'Hidroklortiazid ( HCT ) tab 25mg	', 25, 1, 0, 149, 1, 0, 102000, 1),
(135, 'h010', 'Hidrokortison krim 2,5%', 26, 1, 0, 2798, 1, 0, 6168, 1),
(136, 'h011', 'Hiosina inj 20mg/ml ', 1, 2, 0, 4500, 1, 0, 600, 1),
(137, 'h012', 'Hiosina tab 10mg ( Buscopan )', 25, 1, 0, 2333, 1, 0, 10300, 1),
(138, 'i001', 'Ibuprofen tab 200mg', 25, 1, 0, 110, 1, 0, 0, 1),
(139, 'i002', 'Ibuprofen tab 400mg', 25, 1, 0, 150, 1, 0, 451980, 1),
(140, 'i003', 'Implan', 16, 5, 0, 0, 1, 0, 0, 1),
(141, 'i004', 'Infuset anak', 16, 5, 0, 3500, 1, 0, 2973, 1),
(142, 'i005', 'Infuset dewasa', 16, 5, 0, 4975, 1, 0, 9263, 1),
(143, '018', 'IODIOL', 10, 1, 0, 0, 1, 0, 0, 0),
(144, 'i006', 'Iodium Test', 3, 3, 0, 0, 1, 0, 0, 1),
(145, 'i007', 'Isosorbid Dinitrat tab 5mg', 25, 1, 0, 105, 1, 0, 3000, 1),
(146, 'i008', 'IV Catetether no 18', 16, 5, 0, 7018, 1, 0, 7710, 1),
(147, 'i009', 'IV Catetether no 20', 16, 5, 0, 7018, 1, 0, 8200, 1),
(148, 'i010', 'IV Catetether no 22', 16, 5, 0, 7018, 1, 0, 5745, 1),
(149, 'i011', 'IV Catetether no 24', 16, 5, 0, 7018, 1, 0, 7395, 1),
(150, 'j001', 'Jarum jahit bedah', 16, 5, 0, 13200, 1, 0, 0, 1),
(151, 'k001', 'Kalsium Hidroksida Pasta', 12, 1, 0, 264000, 1, 0, 0, 1),
(152, 'k002', 'Kalsium Laktat tab 500mg', 25, 1, 0, 70, 1, 0, 493400, 1),
(153, 'k004', 'Kandistatin suspensi', 3, 1, 0, 0, 1, 0, 0, 1),
(154, 'k005', 'Kapas pembalut adsorben 250gr', 18, 5, 0, 12500, 1, 0, 1061, 1),
(155, 'k006', 'Karbazokrom inj', 1, 2, 0, 0, 1, 0, 0, 1),
(156, 'k007', 'Kartu Golongan darah', 16, 5, 0, 0, 1, 0, 0, 1),
(157, 'k008', 'Kasa pembalut hidrofil 4m x 10cm', 18, 5, 0, 1500, 1, 0, 29850, 1),
(158, 'k009', 'Kasa steril + obat ( Daryantule )', 16, 5, 0, 16500, 1, 0, 160, 1),
(159, 'k010', 'Kasa steril 16 x 16', 16, 5, 0, 363, 1, 0, 57128, 1),
(160, 'k011', 'Kertas ECG', 16, 5, 0, 32560, 1, 0, 48, 1),
(161, 'k012', 'Kertas Lakmus', 16, 5, 0, 0, 1, 0, 0, 1),
(162, 'k013', 'Kertas Lensa', 16, 5, 0, 32945, 1, 0, 12, 1),
(163, 'k014', 'Kertas Saring', 16, 5, 0, 11000, 1, 0, 19, 1),
(164, 'k015', 'Kertas USG', 16, 5, 0, 352000, 1, 0, 32, 1),
(165, 'k016', 'Kesadahan', 11, 3, 0, 0, 1, 0, 0, 1),
(166, 'k019', 'Kloramfenikol kap 250mg', 10, 1, 0, 249, 1, 0, 32100, 1),
(167, 'k020', 'Kloramfenikol SM 1%', 26, 1, 0, 1600, 1, 0, 3888, 1),
(168, 'k021', 'Kloramfenikol TM', 3, 1, 0, 0, 1, 0, 0, 1),
(169, 'k022', 'Kloramfenikol TT 3 %', 26, 1, 0, 1980, 1, 0, 2136, 1),
(170, 'c016', 'Colsancetine inj 1gr ( Kloram inj )', 27, 2, 0, 7260, 1, 0, 1020, 1),
(171, 'k024', 'Klorfeniramin Maleat tab 4mg', 25, 1, 0, 51, 1, 0, 837400, 1),
(172, 'r022', 'Reagen Klorida', 11, 3, 0, 0, 1, 0, 0, 1),
(173, 'k026', 'Klorpromazin tab 100 mg', 25, 1, 0, 144, 1, 0, 210700, 1),
(174, 'k027', 'Klorpromazin tab 25mg', 25, 1, 0, 68, 1, 0, 0, 1),
(175, 'k025', 'Klorpromazin inj 25mg/ml - 1ml', 1, 2, 0, 1100, 1, 0, 0, 1),
(176, 'k028', 'KMNO4 0,1N', 3, 3, 0, 0, 1, 0, 0, 1),
(177, 'k029', 'KOH 10%', 3, 3, 0, 0, 1, 0, 0, 1),
(178, 'k030', 'Komb Vit C 500mg dan Vit B.Komplek (Pritavit)', 25, 1, 0, 1100, 1, 0, 0, 1),
(179, 'k031', 'Kotrimoksasol sirp', 3, 1, 0, 2167, 1, 0, 11750, 1),
(180, 'k032', 'Kotrimoksasol tab dewasa', 25, 1, 0, 138, 1, 0, 162700, 1),
(181, 'k033', 'Kotrimoksasol tab ped', 25, 1, 0, 0, 1, 0, 0, 1),
(182, 'l001', 'Lactosa Broth ( LB )', 3, 3, 0, 5940000, 1, 0, 0, 1),
(183, 'l002', 'Larutan Benedict', 3, 3, 0, 20000, 1, 0, 0, 1),
(184, 'l003', 'Larutan Chlorin', 3, 5, 0, 9900, 1, 0, 0, 1),
(185, 'l004', 'Larutan Eosin 2%', 3, 3, 0, 203500, 1, 0, 0, 1),
(186, 'l005', 'Larutan Etanol Asam', 3, 3, 0, 32347, 1, 0, 0, 1),
(187, '019', 'LARUTAN FEHLING A', 3, 1, 0, 0, 1, 0, 0, 0),
(188, '021', 'LARUTAN FEHLING B', 3, 1, 0, 0, 1, 0, 0, 0),
(189, 'l006', 'Larutan Giemsa statin', 3, 3, 0, 258500, 1, 0, 0, 1),
(190, 'l007', 'Larutan Hayem', 3, 3, 0, 0, 1, 0, 0, 1),
(191, 'l008', 'Larutan Karbol Fuchsin', 3, 3, 0, 22020, 1, 0, 0, 1),
(192, 'l009', 'Larutan Metilen Biru', 3, 3, 0, 16195, 1, 0, 0, 1),
(193, 'l010', 'Larutan Turk', 3, 3, 0, 18700, 1, 0, 0, 1),
(194, 'l011', 'Lavertran salep luka bakar', 17, 1, 0, 2948, 1, 0, 0, 1),
(196, 'l014', 'Lisol mengandung Kresol 50%', 3, 5, 0, 41000, 1, 0, 981, 1),
(197, 'l015', 'Loperamid tab 2mg', 25, 1, 0, 89, 1, 0, 28300, 1),
(198, 'm001', 'Masker Earlop', 16, 5, 0, 440, 1, 0, 120000, 1),
(199, 'm002', 'MB Kusta Anak', 22, 1, 0, 19800, 1, 0, 12, 1),
(200, 'm003', 'MB Kusta Dewasa', 22, 1, 0, 27852, 1, 0, 54, 1),
(201, 'm005', 'Metanol ', 3, 3, 0, 77000, 1, 0, 0, 1),
(202, 'm006', 'Metformin tab 500mg', 25, 1, 0, 113, 1, 0, 321200, 1),
(203, 'm007', 'Methylen Blue 0,3%', 3, 3, 0, 0, 1, 0, 0, 1),
(204, 'm008', 'Methylen Yellow', 3, 3, 0, 0, 1, 0, 0, 1),
(205, 'm010', 'Metilergometrin tab 0,125mg ', 25, 1, 0, 154, 1, 0, 9600, 1),
(206, 'm009', 'Metilergometrin inj (myomergin)', 1, 2, 0, 2750, 1, 0, -13, 1),
(207, 'm013', 'Metoklopramid tab 10mg', 25, 1, 0, 99, 1, 0, 0, 1),
(208, 'm012', 'Metoklopramid inj', 1, 2, 0, 0, 1, 0, 0, 1),
(209, 'm015', 'Metronidasol tab 250mg', 25, 1, 0, 0, 1, 0, 0, 1),
(210, 'm016', 'Metronidasol tab 500mg', 25, 1, 0, 160, 1, 0, 92300, 1),
(211, 'm017', 'MgSO4 20% inj', 1, 2, 0, 2800, 1, 0, 0, 1),
(212, 'm018', 'MgSO4 40% inj', 1, 2, 0, 3500, 1, 0, 0, 1),
(213, 'm020', 'Mikrodiol ( Pil KB )', 25, 1, 0, 0, 1, 0, 0, 1),
(214, 'm019', 'Mikonasol SK 2%', 26, 1, 0, 3000, 1, 0, 11568, 1),
(215, 'm021', 'Mineral Mix', 6, 1, 0, 2450, 1, 0, 3921, 1),
(216, 'm022', 'Misoprostol tab 0,2mg ( Cytostol )', 25, 1, 0, 10285, 1, 0, 0, 1),
(217, 'r025', 'Reagen Mn ( Mangan )', 11, 3, 0, 0, 1, 0, 0, 1),
(218, 'm023', 'Modecate inj', 1, 2, 0, 55000, 1, 0, 2015, 1),
(219, 'm024', 'Monoklorkamfer Mentol cairan', 3, 1, 0, 55000, 1, 0, 0, 1),
(220, 'm025', 'Multivitamin sir ( Vical )', 3, 1, 0, 6380, 1, 0, -40, 1),
(221, 'm026', 'Mummifying Pasta', 3, 1, 0, 214500, 1, 0, 0, 1),
(222, 'n002', 'Na.Sitrat 3,13%', 3, 3, 0, 0, 1, 0, 0, 1),
(223, 'n001', 'Na Metamizol inj 500mg ( Antrain )', 1, 2, 0, 10200, 1, 0, 0, 1),
(224, 'n003', 'Narkoba 5PM ( AMP,THC,OPI,MET,BZO)', 16, 3, 0, 0, 1, 0, 0, 1),
(225, 'n005', 'Natrium Klorida inf 0,9 %', 3, 1, 0, 4700, 1, 0, 1475, 1),
(226, 'n006', 'NB Topical', 26, 1, 0, 0, 1, 0, 0, 1),
(227, 'n007', 'Nelaton Catether', 16, 5, 0, 0, 1, 0, 0, 1),
(228, 'n008', 'Neo vit k inj 2mg/ml ( Vitka infant )', 1, 2, 0, 8250, 1, 0, -13, 1),
(229, 'n010', 'Neurotropik vit tab ( Molaneuron )', 25, 1, 0, 440, 1, 0, 159000, 1),
(230, '012', 'NEUROBORAN INJ', 27, 1, 0, 0, 1, 0, 0, 0),
(231, 'n011', 'Nifedipin tab 10mg', 25, 1, 0, 110, 1, 0, 43700, 1),
(232, 'n012', 'Nistatin tabsal 500000 IU', 25, 1, 0, 640, 1, 0, 5300, 1),
(233, 'n013', 'Nistatin tabvag 100000 IU', 25, 1, 0, 480, 1, 0, 5230, 1),
(234, 'r026', 'Reagen NO2 ( Nitrit )', 11, 3, 0, 0, 1, 0, 0, 1),
(235, 'r027', 'Reagen NO3 ( Nitrat )', 11, 3, 0, 0, 1, 0, 0, 1),
(236, 'n014', 'Norit', 25, 1, 0, 0, 1, 0, 0, 1),
(237, 'n015', 'Nutrient Agar', 3, 3, 0, 0, 1, 0, 0, 1),
(238, 'o002', 'O A T I', 15, 1, 0, 359990, 1, 0, 0, 1),
(239, 'o003', 'O A T II', 15, 1, 0, 1199990, 1, 0, 22, 1),
(240, 'o001', 'O A T Anak', 15, 1, 0, 214900, 1, 0, 125, 1),
(241, 'o004', 'O A T Sisipan', 15, 1, 0, 160000, 1, 0, 0, 1),
(242, 'o007', 'Obat Anti Diare komb tab ', 25, 1, 0, 367, 1, 0, 0, 1),
(243, 'o013', 'Obat Sariawan ( Cazetin ) ', 3, 1, 0, 20295, 1, 0, 0, 1),
(244, 'o010', 'Obat kekurangan B1 ( Alinamin ) inj', 1, 2, 0, 14960, 1, 0, 10, 1),
(245, 'o011', 'Obat pelancar ASI', 25, 1, 0, 0, 1, 0, 0, 1),
(246, 'o012', 'Obat pencahar ( Dulcolax ) tab', 25, 1, 0, 1100, 1, 0, 3520, 1),
(247, 's007', 'Salep Luka bakar ( Bioplasenton )', 26, 1, 0, 12980, 1, 0, 150, 1),
(248, 'o014', 'Obat untuk Nebul ( Combiven )', 27, 2, 0, 11781, 1, 0, 390, 1),
(249, 'o005', 'Obat Batuk Hitam (O B H/OBH plus sir)', 3, 1, 0, 9350, 1, 0, 0, 1),
(250, 'o015', 'Obyek Glass', 16, 5, 0, 13200, 1, 0, 267, 1),
(251, 'o016', 'Oil Emersi', 3, 3, 0, 412500, 1, 0, -2, 1),
(252, 'o017', 'Oksigen 1m3', 16, 5, 0, 0, 1, 0, 0, 1),
(253, 'o018', 'Oksigen 1m3 refill', 16, 5, 0, 0, 1, 0, -1, 1),
(254, 'o019', 'Oksigen 6m3', 16, 5, 0, 3088594, 1, 0, 24, 1),
(255, 'o020', 'Oksigen 6m3 refill', 16, 5, 0, 0, 1, 0, 0, 1),
(256, 'o021', 'Oksitetra SK 3 %', 26, 1, 0, 1646, 1, 0, 1964, 1),
(257, 'o022', 'Oksitetra SM 1 %', 26, 1, 0, 2658, 1, 0, -13, 1),
(258, 'o023', 'Oksitosin inj 10IU /ml', 1, 2, 0, 2200, 1, 0, -39, 1),
(259, 'p001', 'Papaverin tab', 25, 1, 0, 100, 1, 0, 0, 1),
(260, 'p002', 'Paraformaldehid tab 1gr', 25, 1, 0, 60, 1, 0, 0, 1),
(261, 'p003', 'Parasetamol sir 120mg/ 5ml', 3, 1, 0, 1438, 1, 0, 9996, 1),
(262, 'p004', 'Parasetamol tab 100mg', 25, 1, 0, 97, 1, 0, 544000, 1),
(263, 'p005', 'Parasetamol tab 500mg', 25, 1, 0, 79, 1, 0, 1058000, 1),
(264, 'p006', 'Pehacain inj', 1, 2, 0, 3113, 1, 0, 4494, 1),
(265, 'p008', 'Piracetam tab 400mg', 25, 1, 0, 194, 1, 0, 0, 1),
(266, 'p007', 'Piracetam inj 1gr/5ml', 1, 2, 0, 17105, 1, 0, 600, 1),
(267, 'p010', 'Pirantel tab 125mg', 25, 1, 0, 298, 1, 0, 0, 1),
(268, 'p011', 'Piridoksin HCl ( Vit B6 )tab ', 25, 1, 0, 110, 1, 0, 14500, 1),
(269, 'p013', 'Plester 5 yard x 2 inchi', 18, 5, 0, 23625, 1, 0, 1467, 1),
(270, 'p014', 'Plester Putih Berpori', 18, 5, 0, 49300, 1, 0, 2480, 1),
(271, 'p016', 'Pot Urine', 16, 5, 0, 1650, 1, 0, 270, 1),
(272, 'p018', 'Povidon iodida btl 300 ml', 3, 5, 0, 14203, 1, 0, 246, 1),
(273, 'p017', 'Povidon iodida btl 30 ml', 3, 5, 0, 2163, 1, 0, 0, 1),
(274, 'p020', 'Prednison tab 5mg', 25, 1, 0, 114, 1, 0, 475500, 1),
(275, 'p021', 'Propanolol HCl tab 40mg', 25, 1, 0, 107, 1, 0, 18200, 1),
(277, 'p012', 'Piroxicam tab 20mg', 25, 1, 0, 105, 1, 0, 86100, 1),
(278, 'r001', 'Rak Pengecatan', 16, 5, 0, 605000, 1, 0, 0, 1),
(279, 'r002', 'Ranitidin inj 25mg/2ml', 1, 2, 0, 1140, 1, 0, 18585, 1),
(281, 'r011', 'Reagen Formalin', 11, 3, 0, 0, 1, 0, 0, 1),
(282, 'r013', 'Reagen Golongan darah', 11, 3, 0, 456500, 1, 0, 4, 1),
(283, 'r014', 'Reagen Golongan darah Rhesus', 11, 3, 0, 195800, 1, 0, 4, 1),
(284, 'r033', 'Regulator Oksigen', 16, 5, 0, 0, 1, 0, 5, 1),
(285, 'r034', 'Reserpin tab 0,25mg', 25, 1, 0, 103, 1, 0, 0, 1),
(286, 'r035', 'Retinol ( Vit A ) 100000 IU', 10, 1, 0, 260, 1, 0, 22850, 1),
(287, 'r036', 'Retinol ( Vit A ) 200000 IU', 10, 1, 0, 459, 1, 0, 62600, 1),
(288, 'r037', 'Rhodamin B test', 11, 3, 0, 0, 1, 0, 0, 1),
(289, 'r038', 'Ringer Laktat lar inf steril', 3, 1, 0, 5200, 1, 0, 33100, 1),
(290, 's014', 'Serum Anti Bisa Ular ( SABU ) I', 27, 2, 0, 468919, 1, 0, 0, 1),
(291, 's001', 'Safety box 2,5 Liter', 16, 5, 0, 0, 1, 0, 0, 1),
(292, 's004', 'Salbutamol tab 2 mg', 25, 1, 0, 59, 1, 0, 58000, 1),
(293, 's006', 'Salep 2 - 4', 17, 1, 0, 2000, 1, 0, 2704, 1),
(294, 's008', 'Salisil bedak 2 %', 6, 1, 0, 1250, 1, 0, 1580, 1),
(295, 's009', 'Salisil spiritus 10%', 3, 1, 0, 0, 1, 0, 0, 1),
(296, 's012', 'Sefotaxim inj 1 gr', 27, 2, 0, 2950, 1, 0, 320, 1),
(297, 's013', 'Semen seng PO4 serbuk & cair', 16, 1, 0, 114400, 1, 0, 0, 1),
(298, 'r028', 'Reagen Seng', 11, 3, 0, 0, 1, 0, 0, 1),
(299, 's015', 'Serum Anti Tetanus ( ATS ) 1500 IU', 1, 2, 0, 125400, 1, 0, 0, 1),
(300, 's016', 'Sianokobalamin inj ( Vit B12 )', 1, 2, 0, 1078, 1, 0, 6100, 1),
(302, 's019', 'Silver Amalgam serbuk', 3, 1, 0, 726000, 1, 0, 0, 1),
(303, 's020', 'Simvastatin tab 10mg', 25, 1, 0, 169, 1, 0, 28500, 1),
(304, 's021', 'Siprofloxacin tab 500mg', 25, 1, 0, 255, 1, 0, 25300, 1),
(305, 's022', 'Slym Zueger', 16, 5, 0, 10800, 1, 0, -13, 1),
(306, '005', 'SOLVITRON SYR.', 3, 1, 0, 0, 1, 0, 0, 0),
(307, 's023', 'Spons gelatin cubicles 1 x 1 x 1 cm', 16, 1, 0, 66000, 1, 0, 0, 1),
(309, 's024', 'Spuit BCG ( ADS 0,05 ml )', 16, 5, 0, 0, 1, 0, 1700, 1),
(310, 's025', 'Spuit BCG ( ADS 0,5 ml )', 16, 5, 0, 0, 1, 0, 11850, 1),
(311, 'p015', 'Pot Sputum ', 16, 5, 0, 0, 1, 0, 9670, 1),
(312, 's026', 'Streptomisin Sulfat inj 1500mg/vial', 27, 2, 0, 0, 1, 0, 0, 1),
(313, 's028', 'Sulfacetamid Natrium TM 15 %', 3, 1, 0, 3465, 1, 0, 888, 1),
(314, 'r029', 'Reagen Sulfat', 11, 3, 0, 0, 1, 0, 0, 1),
(315, 's029', 'Syntocinon inj', 1, 2, 0, 0, 1, 0, 0, 1),
(316, 't001', 'Tablet tambah darah', 25, 1, 0, 50, 1, 0, 81000, 1),
(317, 'r030', 'Reagen Tembaga', 11, 3, 0, 0, 1, 0, 0, 1),
(318, 't004', 'Temporary Stopping Fletcher', 16, 1, 0, 35200, 1, 0, 0, 1),
(319, 'g011', 'Glukosa strip', 16, 5, 0, 4752, 1, 0, 800, 1),
(320, 't013', 'Tes Kehamilan', 16, 1, 0, 0, 1, 0, 0, 1),
(321, 't015', 'Tetracyclin 1% Salep Mata', 26, 1, 0, 0, 1, 0, 0, 1),
(322, 't014', 'Tetrasiklin HCL Kapsul 250mg', 10, 1, 0, 0, 1, 0, 0, 1),
(323, 't005', 'Tetrasiklin kap 500mg', 10, 1, 0, 300, 1, 0, 201200, 1),
(324, 't006', 'Tiamfenikol kap 500mg', 10, 1, 0, 680, 1, 0, 173700, 1),
(325, 't007', 'Tiamin HCl ( Vit B1 ) tab 50mg', 25, 1, 0, 38, 1, 0, 0, 1),
(326, 't008', 'Tiamin HCl inj 100mg/ml - 1ml', 1, 2, 0, 0, 1, 0, 0, 1),
(327, 'r031', 'Reagen Trigliserid', 11, 3, 0, 2541000, 1, 0, 0, 1),
(328, 't009', 'Triheksifenidil HCl tab 2mg', 25, 1, 0, 40, 1, 0, 11500, 1),
(329, 't010', 'Trikresol Formalin ( TKF )', 3, 1, 0, 72600, 1, 0, 0, 1),
(330, 't011', 'Troly Oksigen besar', 16, 5, 0, 0, 1, 0, 0, 1),
(331, 'u002', 'Under ped', 16, 5, 0, 2860, 1, 0, 114, 1),
(332, 'r032', 'Reagen Ureum', 11, 3, 0, 1875000, 1, 0, 0, 1),
(333, '025', 'URIC ACID', 21, 1, 0, 0, 1, 0, 0, 0),
(334, 'u003', 'Urine bag', 16, 5, 0, 4000, 1, 0, 470, 1),
(335, 'u004', 'Urine Test strip 10 parameter', 22, 5, 0, 2904, 1, 0, 400, 1),
(336, 'u001', 'U S G gel', 3, 5, 0, 82500, 1, 0, 0, 1),
(337, 'v001', 'Vitamin B.Complek tab', 25, 1, 0, 107, 1, 0, 454500, 1),
(338, 'n004', 'Natrium Diklofenak tab 50mg', 25, 1, 0, 176, 1, 0, 499150, 1),
(339, 'w001', 'Widal set', 11, 3, 0, 946000, 1, 0, 0, 1),
(340, 'w002', 'Wing Needle', 16, 5, 0, 1400, 1, 0, 200, 1),
(341, 'x001', 'Xylol', 3, 3, 0, 118800, 1, 0, 7, 1),
(342, '039', 'XYLOMIDON INJ. 15    MG   / ML', 1, 2, 0, 0, 1, 0, 0, 0),
(343, 'y001', 'Yellow tip', 16, 5, 0, 217400, 1, 0, 0, 1),
(344, 'z001', 'Ziehl Nielsen', 3, 3, 0, 540100, 1, 0, 0, 1),
(345, 'z002', 'Zink tab 20mg', 25, 1, 0, 474, 1, 0, 2600, 1),
(347, 'c009', 'Cell Clean', 3, 3, 0, 1210000, 1, 0, 0, 1),
(348, 'e004', 'Eight Check', 27, 3, 0, 990000, 1, 0, 0, 1),
(349, 'l012', 'LED P2', 16, 5, 0, 0, 1, 0, 0, 1),
(350, 'r005', 'Reagen Anti Hbs', 11, 3, 0, 1028500, 1, 0, 0, 1),
(351, 'r006', 'Reagen Anti Hbs Ag', 11, 3, 0, 858000, 1, 0, 0, 1),
(352, 'r017', 'Reagen HDL Cholesterol', 11, 3, 0, 3740000, 1, 0, 0, 1),
(353, 'r023', 'Reagen Kreatinin', 11, 3, 0, 617000, 1, 0, 0, 1),
(354, 'r024', 'Reagen LDL Cholesterol', 11, 3, 0, 4345000, 1, 0, 0, 1),
(355, 's010', 'Sampel Cup', 3, 5, 0, 1095, 1, 0, 0, 1),
(356, 's027', 'Stromatolyser WH', 3, 3, 0, 1320000, 1, 0, 0, 1),
(357, 't002', 'Tabung K3 EDTA', 16, 5, 0, 252125, 1, 0, 0, 1),
(358, 't003', 'Tabung K3 Kimia Klinik', 16, 5, 0, 252125, 1, 0, 0, 1),
(359, 'm004', 'MB Kusta PB', 22, 1, 0, 0, 1, 0, 36, 1),
(361, 'a024', 'Amlodipin tab 5mg', 25, 1, 0, 187, 1, 0, 0, 1),
(362, 'v009', 'Vaksin HBO / HB Uniject', 27, 2, 0, 0, 1, 0, 553, 1),
(363, 'v005', 'Vaksin Difteri Tetanus (DT)', 1, 2, 0, 0, 1, 0, 0, 1),
(364, 'v002', 'Vaksin BCG', 1, 2, 0, 0, 1, 0, 77, 0),
(365, 'v004', 'Vaksin Polio/Folio', 27, 1, 0, 0, 1, 0, 713, 1),
(366, 'v003', 'Vaksin Tetanus Toxsoid (TT)', 1, 2, 0, 0, 1, 0, 201, 1),
(367, 'v010', 'Vaksin DPT HB Combo', 1, 2, 0, 0, 1, 0, 2174, 1),
(368, 'v007', 'Vaksin Tetanus Difteria (TD)', 27, 2, 0, 0, 1, 0, 0, 1),
(369, 'v011', 'Vaksin DPT HIB Pentavalent', 27, 2, 0, 0, 1, 0, 611, 1),
(370, 'v008', 'Vaksin Campak', 27, 2, 0, 0, 1, 0, 1123, 1),
(371, 'c007', 'Cefadroxil kap 500mg', 10, 1, 0, 509, 1, 0, 0, 1),
(380, 's002', 'Salbutamol ( Ventolin ) rotacaps', 10, 1, 0, 431, 1, 0, 0, 1),
(381, 's003', 'Salbutamol ( Ventolin ) rotahaler', 16, 1, 0, 5867, 1, 0, 755, 1),
(408, 'c008', 'Cefixime kap 200mg', 10, 1, 0, 3306, 1, 0, 0, 1),
(373, 'r039', 'Risperidon tab 2mg', 25, 1, 0, 1008, 1, 0, 40950, 1),
(379, 'm014', 'Metronidasol suppo 500mg ( Flagyl )', 23, 1, 0, 3220, 1, 0, 390, 1),
(378, 'k017', 'Ketokonasol krim 2 % 10grm', 26, 1, 0, 2569, 1, 0, 2355, 1),
(407, 'b006', 'Bisoprolol tab 5mg', 25, 1, 0, 645, 1, 0, 5608, 1),
(374, 'o008', 'Obat Anti Diare sir ( Neo Kaominal )', 3, 1, 0, 6325, 1, 0, 0, 1),
(375, 'o024', 'Omeprasole kap 20mg', 25, 1, 0, 211, 1, 0, 61950, 1),
(410, 'd019', 'Doxycycline kap 100mg', 10, 1, 0, 270, 1, 0, 0, 1),
(385, 'o025', 'Ondansetron inj', 1, 2, 0, 2400, 1, 0, 4225, 1),
(388, '032', 'FDC KOMBINASI 2  (lanjutan)', 25, 1, 0, 0, 1, 0, 0, 0),
(383, 's005', 'Salbutamol tab 4 mg', 25, 1, 0, 89, 1, 0, 0, 1),
(384, '033', 'INAMID TAB', 24, 1, 0, 0, 1, 0, 0, 0),
(386, 'a043', 'Attapulgit tab 600mg', 25, 1, 0, 190, 1, 0, 176598, 1),
(387, 'l013', 'Lidokain Comp inj', 1, 2, 0, 1363, 1, 0, 0, 1),
(391, 'p009', 'Piracetam tab 250mg', 25, 1, 0, 0, 1, 0, 0, 1),
(392, '034', 'KB1 3 BULANAN INJ', 27, 2, 0, 0, 1, 0, 0, 0),
(396, 'a011', 'Albotil Concentrat 5ml', 3, 1, 24750, 21780, 1, 0, 50, 1),
(397, 's011', 'Sefadroxil kap 500mg', 10, 1, 100000, 509, 1, 0, 0, 1),
(418, 'o006', 'Obat Anti Anemi tab ( Etabion )', 25, 1, 0, 300, 1, 0, 229100, 1),
(399, 'a023', 'Amlodipin tab 10mg', 25, 1, 0, 330, 1, 0, 600, 1),
(400, 'o009', 'Obat Anti Flatelet tab ( Aspilet )', 25, 1, 0, 704, 1, 0, 9600, 1),
(412, 'k003', 'Kanamycine inj 1gr', 27, 2, 0, 5000, 1, 0, 40, 1),
(423, 's018', 'Silk 3/0', 16, 5, 0, 3056, 1, 0, 1548, 1),
(431, 'a002', 'Aciklovir tab 200mg', 25, 1, 1, 237, 1, 0, 0, 1),
(430, 'r021', 'Reagen Hematologi Lyse', 11, 3, 5, 0, 1, 0, 0, 1),
(429, 'r020', 'Reagen Hematologi Hipocleaner', 11, 3, 5, 0, 1, 0, 0, 1),
(428, 'r019', 'Reagen Hematologi Diluent', 11, 3, 5, 0, 1, 0, 0, 1),
(427, 'r018', 'Reagen Hematologi Cleaner', 11, 3, 5, 0, 1, 0, 0, 1),
(426, 'f006', 'Folly Catether no 18', 16, 5, 6, 8000, 1, 0, 370, 1),
(425, 't012', 'Troly Oksigen kecil', 16, 5, 3, 0, 1, 0, 0, 1),
(422, 's017', 'Silk 2/0', 16, 5, 6, 3056, 1, 0, 2448, 1),
(421, 'r004', 'Reagen Aluminium', 11, 3, 5, 0, 1, 0, 0, 1),
(420, 'r003', 'Ranitidin tab 150mg', 25, 1, 1, 120, 1, 0, 121700, 1),
(419, 'p019', 'Povidon iodida btl 60 ml', 3, 5, 6, 5998, 1, 0, 432, 1),
(417, 'n009', 'Neurotropik inj ( Neurosanbe )', 1, 2, 2, 5297, 1, 0, 0, 1),
(415, 'm011', 'Metilprednisolon tab 4mg', 25, 1, 1, 205, 1, 0, 116000, 1),
(414, 'k023', 'Klorbiotic inj 1 gr ( Kloram inj )', 27, 2, 2, 11110, 1, 0, 0, 1),
(413, 'k018', 'Ketokonasol tab 200mg', 25, 1, 1, 300, 1, 0, 8900, 1),
(411, 'f001', 'FDC komb 1 & 3 ', 15, 1, 4, 359950, 1, 0, 216, 1),
(409, 'd014', 'Diazepam tab 5mg', 25, 1, 1, 0, 1, 0, 0, 1),
(406, 'a041', 'Asam Urat strip', 16, 5, 6, 5060, 1, 0, 800, 1),
(404, 'a012', 'Albotil Ovula', 23, 1, 4, 19000, 1, 0, 18, 1),
(403, 'a010', 'Albotil Concentrat 10ml', 3, 1, 4, 32300, 1, 0, 0, 1),
(402, 'a006', 'Alat Suntik 1ml', 16, 2, 6, 650, 1, 0, 1187, 1),
(432, 's030', 'Safety box 5 Liter', 16, 5, 0, 31900, 1, 0, 0, 1),
(433, 'ce99', 'Cell Pack', 4, 1, 0, 1980000, 1, 0, 0, 1),
(434, 'p022', 'Piracetam tab 800mg', 25, 1, 0, 803, 1, 0, 1800, 1),
(435, 'r040', 'Reagen HIV ( R1) Intec', 19, 3, 0, 41633, 1, 0, 446, 1),
(436, 'r041', 'Reagen HIV ( R2) Oncoprobe', 19, 3, 0, 68640, 1, 0, 50, 1),
(437, 'r042', 'Reagen HIV ( R3 ) Vikia', 19, 3, 0, 49720, 1, 0, 0, 1),
(438, 's031', 'SST with clot activator 8ml ( Vacutainer )', 16, 5, 0, 6050, 1, 0, 70, 1),
(439, 'g013', 'Glimepirid tab 2mg', 25, 1, 0, 436, 1, 0, 0, 1),
(440, 'b014', 'Bisakodil Suppo ( Stolax ) 10mg', 23, 1, 0, 6045, 1, 0, 24, 1),
(441, 'n016', 'Nasal Canula', 16, 5, 0, 5500, 1, 0, 1915, 1),
(442, 'b015', 'Bayclin 500ml', 3, 5, 0, 5000, 1, 0, -13, 1),
(445, 'g014', 'Gentamycin inj 40mg', 1, 1, 0, 3399, 1, 0, -18, 1),
(444, 'a045', 'Aquagel 82gr', 7, 5, 0, 34528, 1, 0, 118, 1),
(443, 'm027', 'Metoklopramid tab 5mg', 25, 1, 0, 108, 1, 0, 0, 1),
(446, 'i012', 'Ibuprofen suspensi 100mg', 3, 1, 0, 3499, 1, 0, 285, 1),
(447, 'l016', 'Loratadin tab 10mg', 25, 1, 0, 154, 1, 0, 40700, 1),
(448, 'h013', 'Holder', 16, 5, 0, 0, 1, 0, 45, 1),
(449, 'a046', 'Aseptic Gel 500ml', 3, 5, 0, 22000, 1, 0, 715, 1),
(450, 'b016', 'Becefort sir', 3, 1, 0, 15760, 1, 0, 50, 1),
(451, 'b017', 'Becefort tab 500 mg', 25, 1, 0, 785, 1, 0, 1100, 1),
(452, 'r043', 'Reagen HIV  ( SD )', 22, 3, 0, 0, 1, 0, 1800, 1),
(453, 'r044', 'Reagen RPR', 4, 3, 0, 0, 1, 0, 0, 1),
(454, 'r045', 'Reagen Sipilis', 22, 3, 0, 0, 1, 0, 0, 1);

-- --------------------------------------------------------

--
-- Table structure for table `obat_departemen`
--

CREATE TABLE `obat_departemen` (
  `id` int(11) NOT NULL,
  `obat_id` int(11) NOT NULL,
  `puskesmas_id` int(11) NOT NULL,
  `departemen_id` int(11) NOT NULL,
  `distribusi_obat_tujuan_id` int(11) NOT NULL,
  `stok` int(11) NOT NULL
) ENGINE=MyISAM DEFAULT CHARSET=latin1;

-- --------------------------------------------------------

--
-- Table structure for table `obat_jenis`
--

CREATE TABLE `obat_jenis` (
  `id` int(11) NOT NULL,
  `nama` varchar(30) NOT NULL
) ENGINE=MyISAM DEFAULT CHARSET=latin1;

--
-- Dumping data for table `obat_jenis`
--

INSERT INTO `obat_jenis` (`id`, `nama`) VALUES
(1, 'Obat'),
(2, 'Injeksi'),
(3, 'Reagent'),
(4, 'Vaksin'),
(5, 'Barang Habis Pakai'),
(6, 'obat');

-- --------------------------------------------------------

--
-- Table structure for table `obat_lama`
--

CREATE TABLE `obat_lama` (
  `id` int(11) NOT NULL,
  `kode` char(10) NOT NULL,
  `nama` varchar(50) NOT NULL,
  `kemasan_id` int(11) NOT NULL,
  `jenis` int(3) NOT NULL DEFAULT '1',
  `harga_satuan` int(3) NOT NULL,
  `is_utama` int(1) NOT NULL DEFAULT '1',
  `stok_saat_ini` int(10) NOT NULL DEFAULT '0',
  `status` int(1) NOT NULL DEFAULT '1'
) ENGINE=MyISAM DEFAULT CHARSET=latin1;

--
-- Dumping data for table `obat_lama`
--

INSERT INTO `obat_lama` (`id`, `kode`, `nama`, `kemasan_id`, `jenis`, `harga_satuan`, `is_utama`, `stok_saat_ini`, `status`) VALUES
(1, '1', 'ACYLOVIR SALEP', 26, 1, 0, 1, 100, 1),
(2, '2', 'ACYLOVIR TABLET 400 MG', 25, 1, 0, 1, 20, 1),
(3, '3', 'AIR RAKSA DENTAL USE 100GR', 3, 1, 0, 1, 300, 1),
(4, '4', 'ALAT SUNTIK 10 ML', 16, 1, 0, 1, 200, 1),
(5, '5', 'ALAT SUNTIK 3 ML', 16, 1, 0, 1, 10, 1),
(6, '6', 'ALAT SUNTIK 5 ML', 16, 1, 0, 1, 0, 1),
(7, '7', 'ALBENDASOL TAB', 25, 1, 0, 1, 0, 1),
(8, '8', 'ALBUMIN', 11, 1, 0, 1, 0, 1),
(9, '9', 'ALKALINE PHOSPAT', 11, 1, 0, 1, 0, 1),
(10, '10', 'ALKOHOL 70 % 100 ML', 3, 1, 0, 1, 0, 1),
(11, '11', 'ALKOHOL SWAB', 19, 1, 0, 1, 0, 1),
(12, '12', 'ALOPURINOL TAB. 100    MG', 25, 1, 0, 1, 0, 1),
(13, '13', 'ALUMINIUM REAGEN TEST', 11, 3, 0, 1, 0, 1),
(14, '14', 'ALVOLGIL', 16, 1, 0, 1, 0, 1),
(15, '15', 'AMBIVEN TAB / KOMB. PEREDA WASIR', 24, 1, 0, 1, 0, 1),
(16, '16', 'AMBROXOL TABLET', 24, 1, 0, 1, 0, 1),
(17, '17', 'AMINOFILINA INJ 24MG/ML -10ML', 1, 2, 0, 1, 0, 1),
(18, '18', 'AMINOFILINA TAB 200MG', 25, 1, 0, 1, 0, 1),
(19, '19', 'AMITRIPTILIN TABSAL 25MG', 25, 1, 0, 1, 0, 1),
(20, '20', 'AMOKSICLAV 500MG', 25, 1, 0, 1, 0, 1),
(21, '21', 'AMOKSISILIN KAP 500MG', 9, 1, 0, 1, 0, 1),
(22, '22', 'AMOKSISILIN SK 125MG/5ML', 3, 1, 0, 1, 0, 1),
(23, '23', 'AMPISILIN 1 GR INJ', 1, 2, 0, 1, 0, 1),
(24, '24', 'AMPISILIN SK 125MG/5ML', 3, 2, 0, 1, 0, 1),
(25, '25', 'ANTALGIN INJ 250MG/ML-2ML', 1, 2, 0, 1, 0, 1),
(26, '26', 'ANTALGIN TAB 500MG', 25, 1, 0, 1, 0, 1),
(27, '27', 'ANTASIDA DOEN TAB', 25, 1, 0, 1, 0, 1),
(28, '28', 'ANTASIDA SYRUP', 3, 1, 0, 1, 0, 1),
(29, '29', 'ANTI BAKTERI DOEN SALEP  (  BACITRASIN  )', 26, 1, 0, 1, 0, 1),
(30, '30', 'ANTI HEMOROID ', 23, 1, 0, 1, 0, 1),
(31, '31', 'ANTIFUNGI DOEN (3-6SALEP)', 17, 1, 0, 1, 0, 1),
(32, '32', 'ANUSOL SUPP( BORAGINOL)', 23, 1, 0, 1, 0, 1),
(33, '33', 'AQUA PRO INJ STERIL', 3, 2, 0, 1, 0, 1),
(34, '34', 'AQUADEST 20 LITER', 8, 5, 0, 1, 0, 1),
(35, '35', 'AQUADEST STERIL', 3, 1, 0, 1, 0, 1),
(36, '36', 'AS TRANEKSAMAT    INJ   250 MG', 1, 2, 0, 1, 0, 1),
(37, '37', 'AS TRANEKSAMAT    KAPS   500 MG', 25, 1, 0, 1, 0, 1),
(38, '38', 'ASAM ASKORBAT TAB   250MG', 25, 1, 0, 1, 0, 1),
(39, '39', 'ASAM ASKORBAT TAB   50MG', 25, 1, 0, 1, 0, 1),
(40, '40', 'ASAM MEFENAMAT KAPL 500 MG', 9, 1, 0, 1, 0, 1),
(41, '41', 'ASAM URAT REAGEN', 3, 1, 0, 1, 0, 1),
(42, '42', 'ATROPIN SULF   INJ. 0,5MG', 1, 2, 0, 1, 0, 1),
(43, '43', 'BARBITURATE', 22, 1, 0, 1, 0, 1),
(44, '44', 'BAYCLIN 1 LITER', 3, 5, 0, 1, 0, 1),
(45, '45', 'BAYCLIN 200 ML', 3, 5, 0, 1, 0, 1),
(46, '46', 'BENZATIN PP 1,2 JUTA IU/VIAL', 1, 2, 0, 1, 0, 1),
(47, '47', 'BETAHISTIN MESILAT TAB 6MG', 24, 1, 0, 1, 0, 1),
(48, '48', 'BLOOD TRANSFUSION SET', 16, 5, 0, 1, 0, 1),
(49, '49', 'BLUE TIPS', 16, 1, 0, 1, 0, 1),
(50, '50', 'BOD', 11, 5, 0, 1, 0, 1),
(51, '51', 'BORAK GLISERIN', 3, 5, 0, 1, 0, 1),
(52, '52', 'BORAX TEST', 3, 5, 0, 1, 0, 1),
(53, '53', 'BOX SLIDE', 12, 5, 0, 1, 0, 1),
(54, '54', 'BRILIANT GREEN LACTOSE BROTH / BGLB', 3, 1, 0, 1, 0, 1),
(55, '55', 'CA GLUCONAS 10 %', 1, 2, 0, 1, 0, 1),
(56, '56', 'CAPTOPRIL TAB 25 MG', 25, 1, 0, 1, 0, 1),
(57, '57', 'CARBAMAZEPIN 200    MG   TAB', 25, 1, 0, 1, 0, 1),
(58, '58', 'CATGUT NO.2/0', 14, 1, 0, 1, 0, 1),
(59, '59', 'CATGUT NO.3/0', 14, 1, 0, 1, 0, 1),
(60, '60', 'CAVIT G', 16, 1, 0, 1, 0, 1),
(61, '61', 'CHLORINE REAGENT TEST', 21, 3, 0, 1, 0, 1),
(62, '62', 'CHOLESTEROL REAGEN', 3, 3, 0, 1, 0, 1),
(63, '63', 'CHOLESTEROL STRIP', 22, 5, 0, 1, 0, 1),
(64, '64', 'CHRESOPHENE', 16, 1, 0, 1, 0, 1),
(65, '65', 'CIMETIDIN INJ.( ULSIKUR )', 1, 1, 0, 1, 0, 1),
(66, '66', 'CIMETIDINE 200 MG   TABLET', 25, 1, 0, 1, 0, 1),
(67, '67', 'COCAIN', 22, 5, 0, 1, 0, 1),
(68, '68', 'COD', 11, 1, 0, 1, 0, 1),
(69, '69', 'CREATININ', 11, 1, 0, 1, 0, 1),
(70, '70', 'D 40%', 7, 1, 0, 1, 0, 1),
(71, '71', 'DEKSAMETASON INJ   5MG/ML-1ML', 1, 2, 0, 1, 0, 1),
(72, '72', 'DEKSAMETASON TAB   0,5MG', 25, 1, 0, 1, 0, 1),
(73, '73', 'DEKSTROMETORFAN   TAB 15MG', 25, 1, 0, 1, 0, 1),
(74, '74', 'DEKSTROMETORFAN  SIR 10MG/5ML', 3, 1, 0, 1, 0, 1),
(75, '75', 'DEMACOLIN TAB', 25, 1, 0, 1, 0, 1),
(76, '76', 'DENTORIT', 3, 1, 0, 1, 0, 1),
(77, '77', 'DEPO PROGESTIN', 27, 2, 0, 1, 0, 1),
(78, '78', 'DESINFECTAN TANGAN', 3, 5, 0, 1, 0, 1),
(79, '79', 'DEVITALISASI PASTA', 17, 1, 0, 1, 0, 1),
(80, '80', 'DIAZEPAM   TAB 2MG', 25, 1, 0, 1, 0, 1),
(81, '81', 'DIAZEPAM INJ   5MG/ML-2ML', 1, 2, 0, 1, 0, 1),
(82, '82', 'DIAZEPAM SUPPO 10MG', 23, 1, 0, 1, 0, 1),
(83, '83', 'DIETHYLCARBAMAZINE ', 24, 1, 0, 1, 0, 1),
(84, '84', 'DIFENHIDRAMIN HCL INJ 10MG/ML -1ML', 1, 2, 0, 1, 0, 1),
(85, '85', 'DIGOKSIN TAB    0,25MG', 25, 1, 0, 1, 0, 1),
(86, '86', 'DIMENHIDRINAT TAB    50   MG', 25, 1, 0, 1, 0, 1),
(87, '87', 'DUK STERIL', 5, 1, 0, 1, 0, 1),
(88, '88', 'ECG GEL', 26, 1, 0, 1, 0, 1),
(89, '89', 'EDTA 10%', 3, 1, 0, 1, 0, 1),
(90, '90', 'EFEDRIN HCL TAB 25MG', 25, 1, 0, 1, 0, 1),
(91, '91', 'EKSTRAK BELADON    TAB   10MG', 25, 1, 0, 1, 0, 1),
(92, '92', 'ENDOMETHAZONE', 16, 1, 0, 1, 0, 1),
(93, '93', 'EPINEFRINA   HCL (ADRENALIN INJ)', 1, 2, 0, 1, 0, 1),
(94, '94', 'ERITHROMYCIN 500 MG', 24, 1, 0, 1, 0, 1),
(95, '95', 'ETAKRIDINA (RIVANOL) LAR   0,1%', 3, 1, 0, 1, 0, 1),
(96, '96', 'ETANOL 70 %', 3, 1, 0, 1, 0, 1),
(97, '97', 'ETER ALKOHOL', 3, 1, 0, 1, 0, 1),
(98, '98', 'ETHAMBUTOL 500 MG', 25, 1, 0, 1, 0, 1),
(99, '99', 'ETIL KLORIDA SEMPROT', 3, 1, 0, 1, 0, 1),
(100, '100', 'EUGENOL CAIRAN', 3, 1, 0, 1, 0, 1),
(101, '101', 'EXTRAN NETRAL', 3, 1, 0, 1, 0, 1),
(102, '102', 'FAMOTIDIN TAB 20 MG', 25, 1, 0, 1, 0, 1),
(103, '103a', 'FDC KOMBINASI 4  (intensif)', 25, 1, 0, 1, 0, 1),
(104, '104', 'FE ( BESI ) REAGENT TEST', 21, 1, 0, 1, 0, 1),
(105, '105', 'FENOBARBITAL TAB 30MG  (  LUMINAL  )', 25, 1, 0, 1, 0, 1),
(106, '106', 'FITOMENADION   TABSAL GULA 10MG', 25, 1, 0, 1, 0, 1),
(107, '107', 'FITOMENADION INJ   10MG/ML -1ML', 1, 2, 0, 1, 0, 1),
(108, '108', 'FOLLY CATHETER 16/18', 16, 5, 0, 1, 0, 1),
(109, '109', 'FUROSEMID INJ IV/IM 10MG / ML', 1, 2, 0, 1, 0, 1),
(110, '110', 'FUROSEMID TAB 40MG', 25, 1, 0, 1, 0, 1),
(111, '111', 'GAMEKSAN ELMUSI 1%', 3, 1, 0, 1, 0, 1),
(112, '112', 'GARAM ORALIT UTK   200ML AIR', 20, 1, 0, 1, 0, 1),
(113, '113', 'GENTAMISIN SALEP   KULIT', 26, 1, 0, 1, 0, 1),
(114, '114', 'GENTAMISIN SULFAT TM 0.3%', 3, 1, 0, 1, 0, 1),
(115, '115', 'GENTAMYCIN INJ', 1, 2, 0, 1, 0, 1),
(116, '116', 'GENTIAN VIOLET LAR 1%', 3, 1, 0, 1, 0, 1),
(117, '117', 'GLASS IONOMER (GC IX)', 3, 1, 0, 1, 0, 1),
(118, '118', 'GLIBENKLAMID TAB 5 MG', 25, 1, 0, 1, 0, 1),
(119, '119', 'GLIKO TEST', 21, 1, 0, 1, 0, 1),
(120, '120', 'GLISERIL GUAIAKOLAT   TAB 100MG  (  GG )', 25, 1, 0, 1, 0, 1),
(121, '121', 'GLUKOSA REAGEN', 3, 1, 0, 1, 0, 1),
(122, '122', 'GLUKOSA LAR INF   5% STERIL', 3, 2, 0, 1, 0, 1),
(123, '123', 'GOT REAGEN', 3, 1, 0, 1, 0, 1),
(124, '124', 'GPT REAGEN', 3, 1, 0, 1, 0, 1),
(125, '125', 'GRISEOFULVIN TAB 125MG', 25, 1, 0, 1, 0, 1),
(126, '126', 'HALOPERIDOL DECANOAT INJ. 50MG/ML', 1, 2, 0, 1, 0, 1),
(127, '127', 'HALOPERIDOL INJ. 5MG/ML', 1, 2, 0, 1, 0, 1),
(128, '128', 'HALOPERIDOL TAB 0,5MG', 25, 1, 0, 1, 0, 1),
(129, '129', 'HALOPERIDOL TAB 1,5MG', 25, 1, 0, 1, 0, 1),
(130, '130', 'HALOPERIDOL TAB 5MG  (  HALDOL  )', 25, 1, 0, 1, 0, 1),
(131, '131', 'HANDSCOEN PANJANG PLASENTA MANUAL', 16, 1, 0, 1, 0, 1),
(132, '132', 'HANSCOEN STERIL ', 16, 1, 0, 1, 0, 1),
(133, '133', 'HCL 0,1%', 3, 1, 0, 1, 0, 1),
(134, '134', 'HIDROKLOROTIAZID ( HCT ) TAB 25 MG', 25, 1, 0, 1, 0, 1),
(135, '135', 'HIDROKORTISON KRIM 2,5%', 26, 1, 0, 1, 0, 1),
(136, '136', 'HIOSINA INJ. 20 MG/ML ( BUSCOPAN INJ. )', 1, 2, 0, 1, 0, 1),
(137, '137', 'HIOSINA TAB 10 MG ( BUSCOPAN )', 24, 1, 0, 1, 0, 1),
(138, '138', 'IBUPROFEN TAB 200MG', 25, 1, 0, 1, 0, 1),
(139, '139', 'IBUPROFEN TAB 400MG', 25, 1, 0, 1, 0, 1),
(140, '140', 'IMPLAN', 22, 1, 0, 1, 0, 1),
(141, '141', 'INFUSION SET ANAK', 16, 2, 0, 1, 0, 1),
(142, '142', 'INFUSION SET DEWASA', 16, 2, 0, 1, 0, 1),
(143, '143', 'IODIOL', 10, 1, 0, 1, 0, 1),
(144, '144', 'IODIUM TEST', 3, 1, 0, 1, 0, 1),
(145, '145', 'ISOSORBID DINITRAD TAB 5MG', 25, 1, 0, 1, 0, 1),
(146, '146', 'IV CATETHER NO 18', 16, 2, 0, 1, 0, 1),
(147, '147', 'IV CATETHER NO 20', 16, 2, 0, 1, 0, 1),
(148, '148', 'IV CATETHER NO 22', 16, 2, 0, 1, 0, 1),
(149, '149', 'IV CATETHER NO 24', 16, 2, 0, 1, 0, 1),
(150, '150', 'JARUM JAHIT BEDAH G 12 1132', 16, 1, 0, 1, 0, 1),
(151, '151', 'KALSIUM HIDROKSIDA PASTA', 12, 1, 0, 1, 0, 1),
(152, '152', 'KALSIUM LAKTAT TAB 500MG  (  KALK )', 25, 1, 0, 1, 0, 1),
(153, '153', 'KANDISTATIN SUSPENSI', 3, 1, 0, 1, 0, 1),
(154, '154', 'KAPAS PEMB / ABSORBEN 250GR', 6, 1, 0, 1, 0, 1),
(155, '155', 'KARBAZOKROM INJ.', 1, 1, 0, 1, 0, 1),
(156, '156', 'KARTU GOL. DARAH', 13, 1, 0, 1, 0, 1),
(157, '157', 'KASA PEMB    HIDROFIL   4 M X 10 CM', 18, 1, 0, 1, 0, 1),
(158, '158', 'KASA STERIL + OBAT', 13, 1, 0, 1, 0, 1),
(159, '159', 'KASA STERIL 16X16', 13, 1, 0, 1, 0, 1),
(160, '160', 'KERTAS ECG', 16, 1, 0, 1, 0, 1),
(161, '161', 'KERTAS LAKMUS', 15, 1, 0, 1, 0, 1),
(162, '162', 'KERTAS LENSA', 16, 1, 0, 1, 0, 1),
(163, '163', 'KERTAS SARING', 16, 1, 0, 1, 0, 1),
(164, '164', 'KERTAS USG', 16, 1, 0, 1, 0, 1),
(165, '165', 'KESADAHAN', 11, 1, 0, 1, 0, 1),
(166, '166', 'KLORAMFENICOL    KAPS   250MG', 10, 1, 0, 1, 0, 1),
(167, '167', 'KLORAMFENICOL SM 1%', 26, 1, 0, 1, 0, 1),
(168, '168', 'KLORAMFENICOL TM   ( CENDO )', 3, 1, 0, 1, 0, 1),
(169, '169', 'KLORAMFENICOL TT 3%', 3, 1, 0, 1, 0, 1),
(170, '170', 'KLORAMFENIKOL 1000 MG INJ.', 27, 1, 0, 1, 0, 1),
(171, '171', 'KLORFENIRAMIN    MALEAT   TAB 4MG ( C T M )', 25, 1, 0, 1, 0, 1),
(172, '172', 'KLORIDA REAGEN TEST', 11, 1, 0, 1, 0, 1),
(173, '173', 'KLORPROMAZINE    TABSAL   100MG', 25, 1, 0, 1, 0, 1),
(174, '174', 'KLORPROMAZINE    TABSAL   25MG', 25, 1, 0, 1, 0, 1),
(175, '175', 'KLORPROMAZINE INJ 25 MG/ 1ML', 1, 2, 0, 1, 0, 1),
(176, '176', 'KMNO4 0,1N', 3, 1, 0, 1, 0, 1),
(177, '177', 'KOH 10%', 3, 1, 0, 1, 0, 1),
(178, '178', 'KOMB VIT B KOMPLEK & C ( PRITAVIT )', 25, 1, 0, 1, 0, 1),
(179, '179', 'KOTRIMOKSASOL SUSP', 3, 1, 0, 1, 0, 1),
(180, '180', 'KOTRIMOKSAZOL   TAB DEWASA', 25, 1, 0, 1, 0, 1),
(181, '181', 'KOTRIMOKSAZOL PED TAB', 25, 1, 0, 1, 0, 1),
(182, '182', 'LACTOSA BROTH ( LB )', 3, 1, 0, 1, 0, 1),
(183, '183', 'LARUTAN BENEDICT', 3, 1, 0, 1, 0, 1),
(184, '184', 'LARUTAN CHLORIN', 3, 1, 0, 1, 0, 1),
(185, '185', 'LARUTAN EOSIN 2 %', 3, 1, 0, 1, 0, 1),
(186, '186', 'LARUTAN ETANOL ASAM', 3, 1, 0, 1, 0, 1),
(187, '187', 'LARUTAN FEHLING A', 3, 1, 0, 1, 0, 1),
(188, '188', 'LARUTAN FEHLING B', 3, 1, 0, 1, 0, 1),
(189, '189', 'LARUTAN GIEMSA STATIN', 3, 1, 0, 1, 0, 1),
(190, '190', 'LARUTAN HAYEM', 3, 1, 0, 1, 0, 1),
(191, '191', 'LARUTAN KARBOL FUKSIN', 3, 1, 0, 1, 0, 1),
(192, '192', 'LARUTAN METILEN BIRU', 3, 1, 0, 1, 0, 1),
(193, '193', 'LARUTAN TURK', 3, 1, 0, 1, 0, 1),
(194, '194', 'LAVERTRAN SALEP', 17, 1, 0, 1, 0, 1),
(195, '195', 'LIDOKAIN KOMP.   INJEKSI', 1, 2, 0, 1, 0, 1),
(196, '196', 'LISOL MGD    KRESOL 50%', 3, 1, 0, 1, 0, 1),
(197, '197', 'LOPERAMIDE TAB 2 MG', 25, 1, 0, 1, 0, 1),
(198, '198', 'MASKER EARLOP', 16, 1, 0, 1, 0, 1),
(199, '199', 'MB KUSTA ANAK', 2, 1, 0, 1, 0, 1),
(200, '200', 'MB KUSTA DEWASA', 2, 1, 0, 1, 0, 1),
(201, '201', 'METANOL', 3, 1, 0, 1, 0, 1),
(202, '202', 'METFORMIN HCL 500MG', 24, 1, 0, 1, 0, 1),
(203, '203', 'METHYLEN BLUE 0,3%', 3, 1, 0, 1, 0, 1),
(204, '204', 'METHYLEN YELLOW TEST', 3, 1, 0, 1, 0, 1),
(205, '205', 'METIL ERG MAL. TABSAL 0,125MG', 25, 1, 0, 1, 0, 1),
(206, '206', 'METIL ERGOMETRIN INJ.', 1, 1, 0, 1, 0, 1),
(207, '207', 'METOKLOPRAMID    TAB   10 MG', 25, 1, 0, 1, 0, 1),
(208, '208', 'METOKLOPRAMID INJ', 1, 2, 0, 1, 0, 1),
(209, '209', 'METRONIDAZOL TAB. 250MG', 25, 1, 0, 1, 0, 1),
(210, '210', 'METRONIDAZOL TAB. 500 MG', 25, 1, 0, 1, 0, 1),
(211, '211', 'MGSO4 20% INJ', 27, 1, 0, 1, 0, 1),
(212, '212', 'MGSO4 40% INJ', 27, 1, 0, 1, 0, 1),
(213, '213', 'MICRODIOL ( PIL KB )', 22, 1, 0, 1, 0, 1),
(214, '214', 'MIKONAZOL SALEP KULIT', 26, 1, 0, 1, 0, 1),
(215, '215', 'MINERAL MIX', 6, 1, 0, 1, 0, 1),
(216, '216', 'MISOPROSTOL TAB 0.2 MG', 25, 1, 0, 1, 0, 1),
(217, '217', 'MN ( MANGAN ) REAGENT TEST', 21, 1, 0, 1, 0, 1),
(218, '218', 'MODECATE', 1, 2, 0, 1, 0, 1),
(219, '219', 'MONOKLORKAMFER    MENTOL   CAIRAN', 3, 1, 0, 1, 0, 1),
(220, '220', 'MULTI VITAMIN SIRUP  (  VICAL  )', 3, 1, 0, 1, 0, 1),
(221, '221', 'MUMMIFYING PASTA', 17, 1, 0, 1, 0, 1),
(222, '222', 'NA SITRAT 3,13%', 3, 1, 0, 1, 0, 1),
(223, '223', 'NA. METAMIZOL 500 MG INJ. NOVALGIN INJ.', 1, 2, 0, 1, 0, 1),
(224, '224', 'NARKOBA 5 PM ( AMP,THC,OPI,MET,BZO )', 22, 1, 0, 1, 0, 1),
(225, '225', 'NATRIUM KLORIDA    INF   0,9 %STERIL', 3, 2, 0, 1, 0, 1),
(226, '226', 'NB TOPICAL', 26, 1, 0, 1, 0, 1),
(227, '227', 'NELATHON KATETER', 16, 1, 0, 1, 0, 1),
(228, '228', 'NEO VIT K INJ', 1, 2, 0, 1, 0, 1),
(229, '229', 'NEOTROPIK VITAMIN  (  MOLANEURON  )', 25, 1, 0, 1, 0, 1),
(230, '230', 'NEUROBORAN INJ', 27, 1, 0, 1, 0, 1),
(231, '231', 'NIFEDIPIN 10MG', 24, 1, 0, 1, 0, 1),
(232, '232', 'NISTATIN TABSAL   500.000IU', 25, 1, 0, 1, 0, 1),
(233, '233', 'NISTATIN TABVAG   100.000IU/GR', 25, 1, 0, 1, 0, 1),
(234, '234', 'NO2 ( NITRIT ) REAGENT TEST', 21, 1, 0, 1, 0, 1),
(235, '235', 'NO3 ( NITRAT ) REAGENT TEST', 21, 1, 0, 1, 0, 1),
(236, '236', 'NORIT', 25, 1, 0, 1, 0, 1),
(237, '237', 'NUTRIENT AGAR', 3, 1, 0, 1, 0, 1),
(238, '238', 'O  A  T  I', 15, 1, 0, 1, 0, 1),
(239, '239', 'O  A  T  II', 15, 1, 0, 1, 0, 1),
(240, '240', 'OBAT ANTI   TUBERKOLOSIS KAT.ANAK', 15, 1, 0, 1, 0, 1),
(241, '241', 'OBAT ANTI   TUBERKOLOSIS SISIPAN', 15, 1, 0, 1, 0, 1),
(242, '242', 'OBAT ANTI DIARE (ATTAPLUGITE KOMB)', 25, 1, 0, 1, 0, 1),
(243, '243', 'CAZETIN', 3, 1, 0, 1, 0, 1),
(244, '244', 'OBAT KEKURANGAN VIT. B1 INJ.', 1, 1, 0, 1, 0, 1),
(245, '245', 'OBAT PELANCAR ASI', 9, 1, 0, 1, 0, 1),
(246, '246', 'OBAT PENCAHAR  (  MELAXAN  )', 24, 1, 0, 1, 0, 1),
(247, '247', 'BIOPLACENTON', 26, 1, 0, 1, 0, 1),
(248, '248', 'OBAT U/ NEBULIZER ( COMBIVEN )', 1, 2, 0, 1, 0, 1),
(249, '249', 'OBH PLUS', 3, 1, 0, 1, 0, 1),
(250, '250', 'OBYEK GLASS', 12, 1, 0, 1, 0, 1),
(251, '251', 'OIL EMERSI', 3, 1, 0, 1, 0, 1),
(252, '252', 'OKSIGEN 1 M3', 21, 1, 0, 1, 0, 1),
(253, '253', 'OKSIGEN 1 M3 REFILL', 21, 1, 0, 1, 0, 1),
(254, '254', 'OKSIGEN 6 M3', 21, 1, 0, 1, 0, 1),
(255, '255', 'OKSIGEN 6 M3 REFILL', 21, 1, 0, 1, 0, 1),
(256, '256', 'OKSITETRASIKLIN    HCL   SALEP 3%', 26, 1, 0, 1, 0, 1),
(257, '257', 'OKSITETRASIKLIN SM', 26, 1, 0, 1, 0, 1),
(258, '258', 'OKSITOSIN INJ.', 1, 1, 0, 1, 0, 1),
(259, '259', 'PAPAVERIN TAB', 25, 1, 0, 1, 0, 1),
(260, '260', 'PARAFORMALDEHID    TAB   1GR', 25, 1, 0, 1, 0, 1),
(261, '261', 'PARASETAMOL SIR   120MG/5ML', 3, 1, 0, 1, 0, 1),
(262, '262', 'PARASETAMOL TAB 100MG', 25, 1, 0, 1, 0, 1),
(263, '263', 'PARASETAMOL TAB 500MG', 25, 1, 0, 1, 0, 1),
(264, '264', 'PEHACAIN', 1, 2, 0, 1, 0, 1),
(265, '265', 'PIRACETAM   400 MG TAB', 25, 1, 0, 1, 0, 1),
(266, '266', 'PIRACETAM INJ 1GR/5ML', 1, 2, 0, 1, 0, 1),
(267, '267', 'PIRANTEL TAB 125MG', 25, 1, 0, 1, 0, 1),
(268, '268', 'PIRIDOKSIN HCL (VIT.B6) TAB 10MG', 25, 1, 0, 1, 0, 1),
(269, '269', 'PLESTER 5 YARDS X    2   INCH', 18, 1, 0, 1, 0, 1),
(270, '270', 'PLESTER PUTIH BERPORI 10X5CM', 18, 1, 0, 1, 0, 1),
(271, '271', 'POT URINE', 16, 1, 0, 1, 0, 1),
(272, '272', 'POVIDON IODIDA    10%   300ML', 3, 1, 0, 1, 0, 1),
(273, '273', 'POVIDON IODIDA 30 ML', 3, 1, 0, 1, 0, 1),
(274, '274', 'PREDNISON TAB 5MG', 25, 1, 0, 1, 0, 1),
(275, '275', 'PROPANOLOL HCL    TAB   40MG', 25, 1, 0, 1, 0, 1),
(276, '276', 'PROTEIN TOTAL REAGEN', 3, 1, 0, 1, 0, 1),
(277, '277', 'PYROXICAM TAB', 25, 1, 0, 1, 0, 1),
(278, '278', 'RAK PENGECATAN', 21, 5, 0, 1, 0, 1),
(279, '279', 'RANITIDIN 25MG/2ML', 1, 2, 0, 1, 0, 1),
(280, '280', 'REAGEN DARAH', 21, 1, 0, 1, 0, 1),
(281, '281', 'REAGEN FORMALIN', 21, 1, 0, 1, 0, 1),
(282, '282', 'REAGEN GOL. DARAH', 21, 1, 0, 1, 0, 1),
(283, '283', 'REAGEN GOL. DARAH RHESUS', 21, 1, 0, 1, 0, 1),
(284, '284', 'REGULATOR OKSIGEN', 21, 1, 0, 1, 0, 1),
(285, '285', 'RESERPIN TAB 0,25MG', 25, 1, 0, 1, 0, 1),
(286, '286', 'RETINOL (VIT.A) 100.000 IU', 10, 1, 0, 1, 0, 1),
(287, '287', 'RETINOL (VIT.A) 200.000 IU', 10, 1, 0, 1, 0, 1),
(288, '288', 'RHODAMIN B TEST', 11, 1, 0, 1, 0, 1),
(289, '289', 'RINGER LAKTAT LAR    INF   STERIL', 3, 2, 0, 1, 0, 1),
(290, '290', 'SABU I', 27, 1, 0, 1, 0, 1),
(291, '291', 'SAFETY BOX', 16, 1, 0, 1, 0, 1),
(292, '292', 'SALBUTAMOL TAB 2MG', 25, 1, 0, 1, 0, 1),
(293, '293', 'SALEP 2-4 KOMB', 17, 1, 0, 1, 0, 1),
(294, '294', 'SALISIL BEDAK 2%', 17, 1, 0, 1, 0, 1),
(295, '295', 'SALISIL SPIRITUS 10%', 3, 1, 0, 1, 0, 1),
(296, '296', 'SEFOTAKSIM 1GR', 27, 1, 0, 1, 0, 1),
(297, '297', 'SEMEN SENG PO4    SERB   & CAIR', 3, 1, 0, 1, 0, 1),
(298, '298', 'SENG REAGEN TEST', 11, 1, 0, 1, 0, 1),
(299, '299', 'SERUM ATS 1.500 IU/AMPUL', 27, 1, 0, 1, 0, 1),
(300, '300', 'SIANOKOBALAMIN (VIT.B12)   INJ', 1, 2, 0, 1, 0, 1),
(301, '301', 'SILK ( BENANG BEDAH SUTERA )', 12, 1, 0, 1, 0, 1),
(302, '302', 'SILVER AMALGAM  SERBUK 65-75%', 3, 1, 0, 1, 0, 1),
(303, '303', 'SIMVASTATIN 10MG', 24, 1, 0, 1, 0, 1),
(304, '304', 'SIPROFLOKSASIN TAB', 25, 1, 0, 1, 0, 1),
(305, '305', 'SLYM ZUEGER', 16, 1, 0, 1, 0, 1),
(306, '306', 'SOLVITRON SYR.', 3, 1, 0, 1, 0, 1),
(307, '307', 'SPON GELATIN CUBICLES 1X1X1CM', 12, 1, 0, 1, 0, 1),
(308, '308', 'SPUIT 1 ML', 16, 1, 0, 1, 0, 1),
(309, '309', 'SPUIT BCG ( ADS 0,05ML )', 16, 1, 0, 1, 0, 1),
(310, '310', 'SPUIT BCG ( ADS 0,5 ML )', 16, 1, 0, 1, 0, 1),
(311, '311', 'SPUTUM POT', 16, 1, 0, 1, 0, 1),
(312, '312', 'STREPTOMISIN SULF INJ.1500 MG/VIAL', 27, 1, 0, 1, 0, 1),
(313, '313', 'SULFASETAMID    NATRIUM   TM 15%', 3, 1, 0, 1, 0, 1),
(314, '314', 'SULFAT REAGEN TEST', 11, 1, 0, 1, 0, 1),
(315, '315', 'SYNTOSINON', 1, 1, 0, 1, 0, 1),
(316, '316', 'TABLET TAMBAH DARAH  (  FE )', 25, 1, 0, 1, 0, 1),
(317, '317', 'TEMBAGA REAGEN TEST', 11, 1, 0, 1, 0, 1),
(318, '318', 'TEMPORARY    STOPPING   FLETCHER', 3, 1, 0, 1, 0, 1),
(319, '319', 'TES GLUKOSA STRIP', 22, 1, 0, 1, 0, 1),
(320, '320', 'TES KEHAMILAN', 16, 1, 0, 1, 0, 1),
(321, '321', 'TETRACYCLIN 1 % SALEP MATA', 26, 1, 0, 1, 0, 1),
(322, '322', 'TETRASIKLIN HCL    KAPS   250MG', 10, 1, 0, 1, 0, 1),
(323, '323', 'TETRASIKLIN HCL    KAPS   500MG', 10, 1, 0, 1, 0, 1),
(324, '324', 'TIAMFENIKOL KAPSUL 500 MG', 11, 1, 0, 1, 0, 1),
(325, '325', 'TIAMIN  HCL (VIT.B1) TAB   50MG', 25, 1, 0, 1, 0, 1),
(326, '326', 'TIAMIN HCL INJ.100MG/ML-1ML', 1, 2, 0, 1, 0, 1),
(327, '327', 'TRIGLISERID REAGEN', 3, 1, 0, 1, 0, 1),
(328, '328', 'TRIHEKSIFENIDIL    HCL   TAB 2MG', 25, 1, 0, 1, 0, 1),
(329, '329', 'TRIKRESOL    FORMALIN   (TKF)', 3, 1, 0, 1, 0, 1),
(330, '330', 'TROLY OKSIGEN', 21, 1, 0, 1, 0, 1),
(331, '331', 'UNDER PED', 16, 1, 0, 1, 0, 1),
(332, '332', 'UREUM REAGEN', 3, 1, 0, 1, 0, 1),
(333, '333', 'URIC ACID', 21, 1, 0, 1, 0, 1),
(334, '334', 'URINE BAG', 16, 1, 0, 1, 0, 1),
(335, '335', 'URINE TEST STRIP 10 PARAMETER', 22, 1, 0, 1, 0, 1),
(336, '336', 'USG GEL', 3, 1, 0, 1, 0, 1),
(337, '337', 'VITAMIN B KOMPLEK TAB', 25, 1, 0, 1, 0, 1),
(338, '338', 'NATRIUM  DICLOFENAK 50mg', 25, 1, 0, 1, 0, 1),
(339, '339', 'WIDAL SET', 11, 1, 0, 1, 0, 1),
(340, '340', 'WING NEDDLE', 16, 1, 0, 1, 0, 1),
(341, '341', 'XYLOL', 3, 1, 0, 1, 0, 1),
(342, '342', 'XYLOMIDON INJ. 15    MG   / ML', 1, 2, 0, 1, 0, 1),
(343, '343', 'YELLOW TIPS', 21, 1, 0, 1, 0, 1),
(344, '344', 'ZIEHL NEELSEN', 15, 1, 0, 1, 0, 1),
(345, '345', 'ZINK TAB 20MG', 25, 1, 0, 1, 0, 1),
(346, '346', 'CELL PACK', 4, 1, 0, 1, 0, 1),
(347, '347', 'CELL CLEAN', 3, 1, 0, 1, 0, 1),
(348, '348', 'EIGHT CHECK', 21, 1, 0, 1, 0, 1),
(349, '349', 'LED P2', 16, 1, 0, 1, 0, 1),
(350, '350', 'REAGEN ANTI HBS', 22, 1, 0, 1, 0, 1),
(351, '351', 'REAGEN ANTI HBS AG', 22, 1, 0, 1, 0, 1),
(352, '352', 'REAGEN HDL CHOLESTEROL', 3, 1, 0, 1, 0, 1),
(353, '353', 'REAGEN KREATININ', 3, 1, 0, 1, 0, 1),
(354, '354', 'REAGEN LDL CHOLESTEROL', 3, 1, 0, 1, 0, 1),
(355, '355', 'SAMPEL CUP', 16, 1, 0, 1, 0, 1),
(356, '356', 'STROMATOLYSER WH', 3, 1, 0, 1, 0, 1),
(357, '357', 'TABUNG K3 EDTA', 16, 1, 0, 1, 0, 1),
(358, '358', 'TABUNG K3 KIMIA KLINIK', 16, 1, 0, 1, 0, 1),
(359, '359', 'MB KUSTA PB', 2, 1, 0, 1, 0, 1),
(360, '360', 'BETAHISTINE', 24, 1, 0, 1, 0, 1),
(361, '361', 'Amlodipine 5mg', 24, 1, 0, 1, 0, 1),
(362, '362', 'HBO', 27, 2, 0, 1, 0, 1),
(363, '363', 'DT', 1, 2, 0, 1, 0, 1),
(364, '364', 'BCG', 1, 2, 0, 1, 0, 1),
(365, '365', 'POLIO', 27, 1, 0, 1, 0, 1),
(366, '366', 'TETANUS TOXSOID', 1, 2, 0, 1, 0, 1),
(367, '367', 'DPT / HB', 1, 2, 0, 1, 0, 1),
(368, '368', 'tD', 27, 2, 0, 1, 0, 1),
(369, '369', 'DPT / HB / HIB', 27, 2, 0, 1, 0, 1),
(370, '370', 'CAMPAK', 27, 2, 0, 1, 0, 1),
(371, '371', 'CEFADROXIL', 9, 1, 0, 1, 0, 1),
(372, '372', 'D40', 9, 1, 0, 1, 0, 1),
(382, '382', 'Stesolid', 1, 2, 0, 1, 0, 1),
(380, '380', 'Ventolin cap', 10, 1, 0, 1, 0, 1),
(381, '381', 'Ventolin rotahaler', 16, 1, 0, 1, 0, 1),
(408, '408', 'Cefixime kap 200mg', 10, 1, 0, 1, 0, 1),
(373, '373', 'RISPERIDON', 9, 1, 0, 1, 0, 1),
(379, '379', 'Metronidazol (flagil )', 25, 1, 0, 1, 0, 1),
(378, '378', 'Ketokonazol', 25, 1, 0, 1, 0, 1),
(407, '407', 'Bisoprolol tab 5mg	', 25, 1, 0, 1, 0, 1),
(374, '374', 'NEO KAOMINAL', 3, 1, 0, 1, 0, 1),
(375, '375', 'OMEPRAZOL', 9, 1, 0, 1, 0, 1),
(390, '390', 'p', 1, 1, 0, 1, 0, 1),
(410, '410', 'Doxycycline kap 100mg', 10, 1, 0, 1, 0, 1),
(385, '385', 'Ondansetron ', 1, 2, 0, 1, 0, 1),
(389, '389', 'NATRIUM DICLOFENAK', 19, 1, 0, 1, 0, 1),
(388, '103b', 'FDC KOMBINASI 2  (lanjutan)', 25, 1, 0, 1, 0, 1),
(383, '383', 'Salbutamol 4 mg', 25, 1, 0, 1, 0, 1),
(384, '384', 'INAMID TAB', 24, 1, 0, 1, 0, 1),
(386, '386', 'Attapulgit  (  PULAREX  )', 25, 1, 0, 1, 0, 1),
(387, '387', 'LIDOKAIN KOMP INJ', 1, 2, 0, 1, 0, 1),
(391, '391', 'PIRACETAM  800mg', 9, 1, 0, 1, 0, 1),
(392, '323', 'KB1 3 BULANAN INJ', 27, 2, 0, 1, 0, 1),
(396, '01', 'ALBOTHYL CONC', 3, 1, 24750, 1, 0, 1),
(397, '02', 'SEFADROKSIL 500 MG', 10, 1, 100000, 1, 0, 1),
(418, '418', 'Obat Anti Anemi tab ( Etabion )', 25, 1, 0, 1, 0, 1),
(399, '03', 'Amlodipine 10mg', 25, 1, 0, 1, 0, 1),
(400, '392', 'Aspilet', 25, 1, 0, 1, 0, 1),
(401, '393', 'Kaca slide', 14, 5, 0, 1, 0, 1),
(412, '412', 'Kanamycine inj 1gr', 27, 2, 0, 1, 0, 1),
(423, '423', 'Silk 3/0', 16, 5, 0, 1, 0, 1);

-- --------------------------------------------------------

--
-- Table structure for table `obat_lplpo_harian`
--

CREATE TABLE `obat_lplpo_harian` (
  `id` int(11) NOT NULL,
  `puskesmas_id` int(11) NOT NULL,
  `obat_id` int(11) NOT NULL,
  `tahun` int(4) NOT NULL,
  `bulan` int(2) NOT NULL,
  `t_1` int(11) NOT NULL DEFAULT '0',
  `p_1` int(11) NOT NULL DEFAULT '0',
  `s_1` int(11) NOT NULL DEFAULT '0',
  `t_2` int(11) NOT NULL DEFAULT '0',
  `p_2` int(11) NOT NULL DEFAULT '0',
  `s_2` int(11) NOT NULL DEFAULT '0',
  `t_3` int(11) NOT NULL DEFAULT '0',
  `p_3` int(11) NOT NULL DEFAULT '0',
  `s_3` int(11) NOT NULL DEFAULT '0',
  `t_4` int(11) NOT NULL DEFAULT '0',
  `p_4` int(11) NOT NULL DEFAULT '0',
  `s_4` int(11) NOT NULL DEFAULT '0',
  `t_5` int(11) NOT NULL DEFAULT '0',
  `p_5` int(11) NOT NULL DEFAULT '0',
  `s_5` int(11) NOT NULL DEFAULT '0',
  `t_6` int(11) NOT NULL DEFAULT '0',
  `p_6` int(11) NOT NULL DEFAULT '0',
  `s_6` int(11) NOT NULL DEFAULT '0',
  `t_7` int(11) NOT NULL DEFAULT '0',
  `p_7` int(11) NOT NULL DEFAULT '0',
  `s_7` int(11) NOT NULL DEFAULT '0',
  `t_8` int(11) NOT NULL DEFAULT '0',
  `p_8` int(11) NOT NULL DEFAULT '0',
  `s_8` int(11) NOT NULL DEFAULT '0',
  `t_9` int(11) NOT NULL DEFAULT '0',
  `p_9` int(11) NOT NULL DEFAULT '0',
  `s_9` int(11) NOT NULL DEFAULT '0',
  `t_10` int(11) NOT NULL DEFAULT '0',
  `p_10` int(11) NOT NULL DEFAULT '0',
  `s_10` int(11) NOT NULL DEFAULT '0',
  `t_11` int(11) NOT NULL DEFAULT '0',
  `p_11` int(11) NOT NULL DEFAULT '0',
  `s_11` int(11) NOT NULL DEFAULT '0',
  `t_12` int(11) NOT NULL DEFAULT '0',
  `p_12` int(11) NOT NULL DEFAULT '0',
  `s_12` int(11) NOT NULL DEFAULT '0',
  `t_13` int(11) NOT NULL DEFAULT '0',
  `p_13` int(11) NOT NULL DEFAULT '0',
  `s_13` int(11) NOT NULL DEFAULT '0',
  `t_14` int(11) NOT NULL DEFAULT '0',
  `p_14` int(11) NOT NULL DEFAULT '0',
  `s_14` int(11) NOT NULL DEFAULT '0',
  `t_15` int(11) NOT NULL DEFAULT '0',
  `p_15` int(11) NOT NULL DEFAULT '0',
  `s_15` int(11) NOT NULL DEFAULT '0',
  `t_16` int(11) NOT NULL DEFAULT '0',
  `p_16` int(11) NOT NULL DEFAULT '0',
  `s_16` int(11) NOT NULL DEFAULT '0',
  `t_17` int(11) NOT NULL DEFAULT '0',
  `p_17` int(11) NOT NULL DEFAULT '0',
  `s_17` int(11) NOT NULL DEFAULT '0',
  `t_18` int(11) NOT NULL DEFAULT '0',
  `p_18` int(11) NOT NULL DEFAULT '0',
  `s_18` int(11) NOT NULL DEFAULT '0',
  `t_19` int(11) NOT NULL DEFAULT '0',
  `p_19` int(11) NOT NULL DEFAULT '0',
  `s_19` int(11) NOT NULL DEFAULT '0',
  `t_20` int(11) NOT NULL DEFAULT '0',
  `p_20` int(11) NOT NULL DEFAULT '0',
  `s_20` int(11) NOT NULL DEFAULT '0',
  `t_21` int(11) NOT NULL DEFAULT '0',
  `p_21` int(11) NOT NULL DEFAULT '0',
  `s_21` int(11) NOT NULL DEFAULT '0',
  `t_22` int(11) NOT NULL DEFAULT '0',
  `p_22` int(11) NOT NULL DEFAULT '0',
  `s_22` int(11) NOT NULL DEFAULT '0',
  `t_23` int(11) NOT NULL DEFAULT '0',
  `p_23` int(11) NOT NULL DEFAULT '0',
  `s_23` int(11) NOT NULL DEFAULT '0',
  `t_24` int(11) NOT NULL DEFAULT '0',
  `p_24` int(11) NOT NULL DEFAULT '0',
  `s_24` int(11) NOT NULL DEFAULT '0',
  `t_25` int(11) NOT NULL DEFAULT '0',
  `p_25` int(11) NOT NULL DEFAULT '0',
  `s_25` int(11) NOT NULL DEFAULT '0',
  `t_26` int(11) NOT NULL DEFAULT '0',
  `p_26` int(11) NOT NULL DEFAULT '0',
  `s_26` int(11) NOT NULL DEFAULT '0',
  `t_27` int(11) NOT NULL DEFAULT '0',
  `p_27` int(11) NOT NULL DEFAULT '0',
  `s_27` int(11) NOT NULL DEFAULT '0',
  `t_28` int(11) NOT NULL DEFAULT '0',
  `p_28` int(11) NOT NULL DEFAULT '0',
  `s_28` int(11) NOT NULL DEFAULT '0',
  `t_29` int(11) NOT NULL DEFAULT '0',
  `p_29` int(11) NOT NULL DEFAULT '0',
  `s_29` int(11) NOT NULL DEFAULT '0',
  `t_30` int(11) NOT NULL DEFAULT '0',
  `p_30` int(11) NOT NULL DEFAULT '0',
  `s_30` int(11) NOT NULL DEFAULT '0',
  `t_31` int(11) NOT NULL DEFAULT '0',
  `p_31` int(11) NOT NULL DEFAULT '0',
  `s_31` int(11) NOT NULL DEFAULT '0'
) ENGINE=InnoDB DEFAULT CHARSET=latin1;

-- --------------------------------------------------------

--
-- Table structure for table `obat_lplpo_unit`
--

CREATE TABLE `obat_lplpo_unit` (
  `id` int(11) NOT NULL,
  `puskesmas_id` int(11) NOT NULL,
  `departemen_id` int(11) NOT NULL,
  `tujuan_id` int(11) NOT NULL,
  `obat_id` int(11) NOT NULL,
  `tahun` int(4) NOT NULL,
  `bulan` int(2) NOT NULL,
  `t_1` int(11) NOT NULL DEFAULT '0',
  `p_1` int(11) NOT NULL DEFAULT '0',
  `s_1` int(11) NOT NULL DEFAULT '0',
  `t_2` int(11) NOT NULL DEFAULT '0',
  `p_2` int(11) NOT NULL DEFAULT '0',
  `s_2` int(11) NOT NULL DEFAULT '0',
  `t_3` int(11) NOT NULL DEFAULT '0',
  `p_3` int(11) NOT NULL DEFAULT '0',
  `s_3` int(11) NOT NULL DEFAULT '0',
  `t_4` int(11) NOT NULL DEFAULT '0',
  `p_4` int(11) NOT NULL DEFAULT '0',
  `s_4` int(11) NOT NULL DEFAULT '0',
  `t_5` int(11) NOT NULL DEFAULT '0',
  `p_5` int(11) NOT NULL DEFAULT '0',
  `s_5` int(11) NOT NULL DEFAULT '0',
  `t_6` int(11) NOT NULL DEFAULT '0',
  `p_6` int(11) NOT NULL DEFAULT '0',
  `s_6` int(11) NOT NULL DEFAULT '0',
  `t_7` int(11) NOT NULL DEFAULT '0',
  `p_7` int(11) NOT NULL DEFAULT '0',
  `s_7` int(11) NOT NULL DEFAULT '0',
  `t_8` int(11) NOT NULL DEFAULT '0',
  `p_8` int(11) NOT NULL DEFAULT '0',
  `s_8` int(11) NOT NULL DEFAULT '0',
  `t_9` int(11) NOT NULL DEFAULT '0',
  `p_9` int(11) NOT NULL DEFAULT '0',
  `s_9` int(11) NOT NULL DEFAULT '0',
  `t_10` int(11) NOT NULL DEFAULT '0',
  `p_10` int(11) NOT NULL DEFAULT '0',
  `s_10` int(11) NOT NULL DEFAULT '0',
  `t_11` int(11) NOT NULL DEFAULT '0',
  `p_11` int(11) NOT NULL DEFAULT '0',
  `s_11` int(11) NOT NULL DEFAULT '0',
  `t_12` int(11) NOT NULL DEFAULT '0',
  `p_12` int(11) NOT NULL DEFAULT '0',
  `s_12` int(11) NOT NULL DEFAULT '0',
  `t_13` int(11) NOT NULL DEFAULT '0',
  `p_13` int(11) NOT NULL DEFAULT '0',
  `s_13` int(11) NOT NULL DEFAULT '0',
  `t_14` int(11) NOT NULL DEFAULT '0',
  `p_14` int(11) NOT NULL DEFAULT '0',
  `s_14` int(11) NOT NULL DEFAULT '0',
  `t_15` int(11) NOT NULL DEFAULT '0',
  `p_15` int(11) NOT NULL DEFAULT '0',
  `s_15` int(11) NOT NULL DEFAULT '0',
  `t_16` int(11) NOT NULL DEFAULT '0',
  `p_16` int(11) NOT NULL DEFAULT '0',
  `s_16` int(11) NOT NULL DEFAULT '0',
  `t_17` int(11) NOT NULL DEFAULT '0',
  `p_17` int(11) NOT NULL DEFAULT '0',
  `s_17` int(11) NOT NULL DEFAULT '0',
  `t_18` int(11) NOT NULL DEFAULT '0',
  `p_18` int(11) NOT NULL DEFAULT '0',
  `s_18` int(11) NOT NULL DEFAULT '0',
  `t_19` int(11) NOT NULL DEFAULT '0',
  `p_19` int(11) NOT NULL DEFAULT '0',
  `s_19` int(11) NOT NULL DEFAULT '0',
  `t_20` int(11) NOT NULL DEFAULT '0',
  `p_20` int(11) NOT NULL DEFAULT '0',
  `s_20` int(11) NOT NULL DEFAULT '0',
  `t_21` int(11) NOT NULL DEFAULT '0',
  `p_21` int(11) NOT NULL DEFAULT '0',
  `s_21` int(11) NOT NULL DEFAULT '0',
  `t_22` int(11) NOT NULL DEFAULT '0',
  `p_22` int(11) NOT NULL DEFAULT '0',
  `s_22` int(11) NOT NULL DEFAULT '0',
  `t_23` int(11) NOT NULL DEFAULT '0',
  `p_23` int(11) NOT NULL DEFAULT '0',
  `s_23` int(11) NOT NULL DEFAULT '0',
  `t_24` int(11) NOT NULL DEFAULT '0',
  `p_24` int(11) NOT NULL DEFAULT '0',
  `s_24` int(11) NOT NULL DEFAULT '0',
  `t_25` int(11) NOT NULL DEFAULT '0',
  `p_25` int(11) NOT NULL DEFAULT '0',
  `s_25` int(11) NOT NULL DEFAULT '0',
  `t_26` int(11) NOT NULL DEFAULT '0',
  `p_26` int(11) NOT NULL DEFAULT '0',
  `s_26` int(11) NOT NULL DEFAULT '0',
  `t_27` int(11) NOT NULL DEFAULT '0',
  `p_27` int(11) NOT NULL DEFAULT '0',
  `s_27` int(11) NOT NULL DEFAULT '0',
  `t_28` int(11) NOT NULL DEFAULT '0',
  `p_28` int(11) NOT NULL DEFAULT '0',
  `s_28` int(11) NOT NULL DEFAULT '0',
  `t_29` int(11) NOT NULL DEFAULT '0',
  `p_29` int(11) NOT NULL DEFAULT '0',
  `s_29` int(11) NOT NULL DEFAULT '0',
  `t_30` int(11) NOT NULL DEFAULT '0',
  `p_30` int(11) NOT NULL DEFAULT '0',
  `s_30` int(11) NOT NULL DEFAULT '0',
  `t_31` int(11) NOT NULL DEFAULT '0',
  `p_31` int(11) NOT NULL DEFAULT '0',
  `s_31` int(11) NOT NULL DEFAULT '0'
) ENGINE=InnoDB DEFAULT CHARSET=latin1;

-- --------------------------------------------------------

--
-- Table structure for table `obat_puskesmas`
--

CREATE TABLE `obat_puskesmas` (
  `id` int(11) NOT NULL,
  `obat_id` int(11) NOT NULL,
  `puskesmas_id` int(11) NOT NULL,
  `harga_jual` int(11) DEFAULT '0',
  `stok` int(11) NOT NULL
) ENGINE=MyISAM DEFAULT CHARSET=latin1;

--
-- Dumping data for table `obat_puskesmas`
--

INSERT INTO `obat_puskesmas` (`id`, `obat_id`, `puskesmas_id`, `harga_jual`, `stok`) VALUES
(1, 1, 1, 0, 1),
(2, 9, 1, 0, 1000);

-- --------------------------------------------------------

--
-- Table structure for table `obat_rusak`
--

CREATE TABLE `obat_rusak` (
  `id` int(11) NOT NULL,
  `waktu` datetime NOT NULL,
  `puskesmas_id` int(11) NOT NULL,
  `departemen_id` int(11) NOT NULL,
  `user_id` int(11) NOT NULL,
  `distribusi_obat_tujuan_id` int(11) NOT NULL,
  `keterangan` text NOT NULL
) ENGINE=MyISAM DEFAULT CHARSET=latin1;

--
-- Dumping data for table `obat_rusak`
--

INSERT INTO `obat_rusak` (`id`, `waktu`, `puskesmas_id`, `departemen_id`, `user_id`, `distribusi_obat_tujuan_id`, `keterangan`) VALUES
(1, '2015-08-20 00:00:00', 1, 21, 4, 2, 'kartu stok'),
(2, '2015-08-20 00:00:00', 1, 21, 4, 2, 'stok apotik'),
(3, '2015-08-20 00:00:00', 1, 21, 4, 2, 'kartu stok'),
(4, '2015-10-28 00:00:00', 2, 22, 63, 2, 'obat ED september 2015 dari ugd dan gudang obat'),
(5, '2016-01-13 00:00:00', 2, 22, 63, 2, 'OBAT PECAH SEWAKTU MENGAMBIL KARNA TERPELESET');

-- --------------------------------------------------------

--
-- Table structure for table `obat_rusak_detail`
--

CREATE TABLE `obat_rusak_detail` (
  `id` int(11) NOT NULL,
  `obat_rusak_id` int(11) NOT NULL,
  `obat_id` int(11) NOT NULL,
  `jumlah` int(11) NOT NULL
) ENGINE=MyISAM DEFAULT CHARSET=latin1;

--
-- Dumping data for table `obat_rusak_detail`
--

INSERT INTO `obat_rusak_detail` (`id`, `obat_rusak_id`, `obat_id`, `jumlah`) VALUES
(1, 1, 175, 60),
(2, 2, 72, 844),
(3, 3, 21, 100),
(4, 3, 40, 100),
(5, 3, 75, 100),
(6, 3, 99, 1),
(7, 3, 263, 100),
(10, 6, 93, 2),
(11, 7, 261, 1),
(12, 1, 1, 19),
(13, 2, 431, 97),
(14, 3, 431, 194),
(16, 5, 17, 9);

-- --------------------------------------------------------

--
-- Table structure for table `obat_satuan`
--

CREATE TABLE `obat_satuan` (
  `id` int(11) NOT NULL,
  `nama` varchar(30) NOT NULL
) ENGINE=MyISAM DEFAULT CHARSET=latin1;

--
-- Dumping data for table `obat_satuan`
--

INSERT INTO `obat_satuan` (`id`, `nama`) VALUES
(1, 'amp'),
(2, 'blister'),
(3, 'botol'),
(4, 'box'),
(5, 'buah'),
(6, 'bungkus'),
(7, 'fls'),
(8, 'galon'),
(9, 'kaplet'),
(10, 'kapsul'),
(11, 'kit'),
(12, 'kotak'),
(13, 'lembar'),
(14, 'pack'),
(15, 'paket'),
(16, 'pcs'),
(17, 'pot'),
(18, 'rol'),
(19, 'sachet'),
(20, 'sase'),
(21, 'set'),
(22, 'strip'),
(23, 'supp'),
(24, 'tab'),
(25, 'tablet'),
(26, 'tube'),
(27, 'vial');

-- --------------------------------------------------------

--
-- Table structure for table `obat_stok_history`
--

CREATE TABLE `obat_stok_history` (
  `id` int(11) NOT NULL,
  `bulan` int(2) NOT NULL,
  `tahun` int(4) NOT NULL,
  `obat_id` int(11) NOT NULL,
  `puskesmas_id` int(11) NOT NULL,
  `jumlah` int(11) NOT NULL
) ENGINE=MyISAM DEFAULT CHARSET=latin1;

--
-- Dumping data for table `obat_stok_history`
--

INSERT INTO `obat_stok_history` (`id`, `bulan`, `tahun`, `obat_id`, `puskesmas_id`, `jumlah`) VALUES
(1, 7, 2014, 1, 2, 103),
(2, 7, 2014, 2, 2, 346),
(3, 7, 2014, 3, 2, 0),
(4, 7, 2014, 4, 2, 0),
(5, 7, 2014, 5, 2, 800),
(6, 7, 2014, 6, 2, 550),
(7, 7, 2014, 7, 2, 148),
(8, 7, 2014, 8, 2, 0),
(9, 7, 2014, 9, 2, 0),
(10, 7, 2014, 10, 2, 0),
(11, 7, 2014, 11, 2, 0),
(12, 7, 2014, 12, 2, 1200),
(13, 7, 2014, 13, 2, 0),
(14, 7, 2014, 14, 2, 0),
(15, 7, 2014, 15, 2, 200),
(16, 7, 2014, 16, 2, 772),
(17, 7, 2014, 17, 2, 5),
(18, 7, 2014, 18, 2, 1852),
(19, 7, 2014, 19, 2, 0),
(20, 7, 2014, 20, 2, 0),
(21, 7, 2014, 21, 2, 9061),
(22, 7, 2014, 22, 2, 209),
(23, 7, 2014, 23, 2, 70),
(24, 7, 2014, 24, 2, 0),
(25, 7, 2014, 25, 2, 0),
(26, 7, 2014, 26, 2, 0),
(27, 7, 2014, 27, 2, 9155),
(28, 7, 2014, 28, 2, 158),
(29, 7, 2014, 29, 2, 66),
(30, 7, 2014, 30, 2, 30),
(31, 7, 2014, 31, 2, 48),
(32, 7, 2014, 32, 2, 0),
(33, 7, 2014, 33, 2, 60),
(34, 7, 2014, 34, 2, 0),
(35, 7, 2014, 35, 2, 0),
(36, 7, 2014, 36, 2, 0),
(37, 7, 2014, 37, 2, 0),
(38, 7, 2014, 38, 2, 0),
(39, 7, 2014, 39, 2, 0),
(40, 7, 2014, 40, 2, 6820),
(41, 7, 2014, 41, 2, 0),
(42, 7, 2014, 42, 2, 0),
(43, 7, 2014, 43, 2, 0),
(44, 7, 2014, 44, 2, 0),
(45, 7, 2014, 45, 2, 0),
(46, 7, 2014, 46, 2, 0),
(47, 7, 2014, 47, 2, 230),
(48, 7, 2014, 48, 2, 2),
(49, 7, 2014, 49, 2, 0),
(50, 7, 2014, 50, 2, 0),
(51, 7, 2014, 51, 2, 0),
(52, 7, 2014, 52, 2, 0),
(53, 7, 2014, 53, 2, 0),
(54, 7, 2014, 54, 2, 0),
(55, 7, 2014, 55, 2, 0),
(56, 7, 2014, 56, 2, 5169),
(57, 7, 2014, 57, 2, 0),
(58, 7, 2014, 58, 2, 26),
(59, 7, 2014, 59, 2, 0),
(60, 7, 2014, 60, 2, 0),
(61, 7, 2014, 61, 2, 0),
(62, 7, 2014, 62, 2, 0),
(63, 7, 2014, 63, 2, 0),
(64, 7, 2014, 64, 2, 0),
(65, 7, 2014, 65, 2, 0),
(66, 7, 2014, 66, 2, 1054),
(67, 7, 2014, 67, 2, 0),
(68, 7, 2014, 68, 2, 0),
(69, 7, 2014, 69, 2, 0),
(70, 7, 2014, 70, 2, 14),
(71, 7, 2014, 71, 2, 0),
(72, 7, 2014, 72, 2, 885),
(73, 7, 2014, 73, 2, 946),
(74, 7, 2014, 74, 2, 0),
(75, 7, 2014, 75, 2, 3543),
(76, 7, 2014, 76, 2, 0),
(77, 7, 2014, 77, 2, 129),
(78, 7, 2014, 78, 2, 3),
(79, 7, 2014, 79, 2, 0),
(80, 7, 2014, 80, 2, 677),
(81, 7, 2014, 81, 2, 0),
(82, 7, 2014, 82, 2, 2),
(83, 7, 2014, 83, 2, 0),
(84, 7, 2014, 84, 2, 240),
(85, 7, 2014, 85, 2, 320),
(86, 7, 2014, 86, 2, 425),
(87, 7, 2014, 87, 2, 0),
(88, 7, 2014, 88, 2, 0),
(89, 7, 2014, 89, 2, 0),
(90, 7, 2014, 90, 2, 0),
(91, 7, 2014, 91, 2, 2726),
(92, 7, 2014, 92, 2, 0),
(93, 7, 2014, 93, 2, 23),
(94, 7, 2014, 94, 2, 518),
(95, 7, 2014, 95, 2, 1),
(96, 7, 2014, 96, 2, 1),
(97, 7, 2014, 97, 2, 0),
(98, 7, 2014, 98, 2, 0),
(99, 7, 2014, 99, 2, 5),
(100, 7, 2014, 100, 2, 0),
(101, 7, 2014, 101, 2, 0),
(102, 7, 2014, 102, 2, 0),
(103, 7, 2014, 103, 2, 346),
(104, 7, 2014, 104, 2, 0),
(105, 7, 2014, 105, 2, 0),
(106, 7, 2014, 106, 2, 236),
(107, 7, 2014, 107, 2, 0),
(108, 7, 2014, 108, 2, 13),
(109, 7, 2014, 109, 2, 0),
(110, 7, 2014, 110, 2, 316),
(111, 7, 2014, 111, 2, 0),
(112, 7, 2014, 112, 2, 502),
(113, 7, 2014, 113, 2, 62),
(114, 7, 2014, 114, 2, 38),
(115, 7, 2014, 115, 2, 0),
(116, 7, 2014, 116, 2, 0),
(117, 7, 2014, 117, 2, 0),
(118, 7, 2014, 118, 2, 2731),
(119, 7, 2014, 119, 2, 0),
(120, 7, 2014, 120, 2, 12730),
(121, 7, 2014, 121, 2, 0),
(122, 7, 2014, 122, 2, 23),
(123, 7, 2014, 123, 2, 0),
(124, 7, 2014, 124, 2, 0),
(125, 7, 2014, 125, 2, 570),
(126, 7, 2014, 126, 2, 0),
(127, 7, 2014, 127, 2, 0),
(128, 7, 2014, 128, 2, 0),
(129, 7, 2014, 129, 2, 0),
(130, 7, 2014, 130, 2, 0),
(131, 7, 2014, 131, 2, 54),
(132, 7, 2014, 132, 2, 252),
(133, 7, 2014, 133, 2, 0),
(134, 7, 2014, 134, 2, 1689),
(135, 7, 2014, 135, 2, 90),
(136, 7, 2014, 136, 2, 5),
(137, 7, 2014, 137, 2, 250),
(138, 7, 2014, 138, 2, 102),
(139, 7, 2014, 139, 2, 540),
(140, 7, 2014, 140, 2, 0),
(141, 7, 2014, 141, 2, 32),
(142, 7, 2014, 142, 2, 84),
(143, 7, 2014, 143, 2, 0),
(144, 7, 2014, 144, 2, 0),
(145, 7, 2014, 145, 2, 146),
(146, 7, 2014, 146, 2, 15),
(147, 7, 2014, 147, 2, 0),
(148, 7, 2014, 148, 2, 65),
(149, 7, 2014, 149, 2, 23),
(150, 7, 2014, 150, 2, 1),
(151, 7, 2014, 151, 2, 0),
(152, 7, 2014, 152, 2, 5438),
(153, 7, 2014, 153, 2, 0),
(154, 7, 2014, 154, 2, 6),
(155, 7, 2014, 155, 2, 0),
(156, 7, 2014, 156, 2, 0),
(157, 7, 2014, 157, 2, 380),
(158, 7, 2014, 158, 2, 16),
(159, 7, 2014, 159, 2, 64),
(160, 7, 2014, 160, 2, 0),
(161, 7, 2014, 161, 2, 0),
(162, 7, 2014, 162, 2, 0),
(163, 7, 2014, 163, 2, 0),
(164, 7, 2014, 164, 2, 0),
(165, 7, 2014, 165, 2, 0),
(166, 7, 2014, 166, 2, 0),
(167, 7, 2014, 167, 2, 44),
(168, 7, 2014, 168, 2, 0),
(169, 7, 2014, 169, 2, 75),
(170, 7, 2014, 170, 2, 80),
(171, 7, 2014, 171, 2, 10096),
(172, 7, 2014, 172, 2, 0),
(173, 7, 2014, 173, 2, 0),
(174, 7, 2014, 174, 2, 0),
(175, 7, 2014, 175, 2, 60),
(176, 7, 2014, 176, 2, 0),
(177, 7, 2014, 177, 2, 0),
(178, 7, 2014, 178, 2, 0),
(179, 7, 2014, 179, 2, 237),
(180, 7, 2014, 180, 2, 0),
(181, 7, 2014, 181, 2, 0),
(182, 7, 2014, 182, 2, 0),
(183, 7, 2014, 183, 2, 0),
(184, 7, 2014, 184, 2, 0),
(185, 7, 2014, 185, 2, 0),
(186, 7, 2014, 186, 2, 0),
(187, 7, 2014, 187, 2, 0),
(188, 7, 2014, 188, 2, 0),
(189, 7, 2014, 189, 2, 0),
(190, 7, 2014, 190, 2, 0),
(191, 7, 2014, 191, 2, 0),
(192, 7, 2014, 192, 2, 0),
(193, 7, 2014, 193, 2, 0),
(194, 7, 2014, 194, 2, 20),
(195, 7, 2014, 195, 2, 180),
(196, 7, 2014, 196, 2, 4),
(197, 7, 2014, 197, 2, 176),
(198, 7, 2014, 198, 2, 320),
(199, 7, 2014, 199, 2, 0),
(200, 7, 2014, 200, 2, 5),
(201, 7, 2014, 201, 2, 0),
(202, 7, 2014, 202, 2, 0),
(203, 7, 2014, 203, 2, 0),
(204, 7, 2014, 204, 2, 0),
(205, 7, 2014, 205, 2, 110),
(206, 7, 2014, 206, 2, 0),
(207, 7, 2014, 207, 2, 344),
(208, 7, 2014, 208, 2, 0),
(209, 7, 2014, 209, 2, 0),
(210, 7, 2014, 210, 2, 1204),
(211, 7, 2014, 211, 2, 0),
(212, 7, 2014, 212, 2, 0),
(213, 7, 2014, 213, 2, 0),
(214, 7, 2014, 214, 2, 50),
(215, 7, 2014, 215, 2, 0),
(216, 7, 2014, 216, 2, 0),
(217, 7, 2014, 217, 2, 0),
(218, 7, 2014, 218, 2, 6),
(219, 7, 2014, 219, 2, 0),
(220, 7, 2014, 220, 2, 197),
(221, 7, 2014, 221, 2, 0),
(222, 7, 2014, 222, 2, 0),
(223, 7, 2014, 223, 2, 0),
(224, 7, 2014, 224, 2, 0),
(225, 7, 2014, 225, 2, 39),
(226, 7, 2014, 226, 2, 0),
(227, 7, 2014, 227, 2, 0),
(228, 7, 2014, 228, 2, 0),
(229, 7, 2014, 229, 2, 0),
(230, 7, 2014, 230, 2, 0),
(231, 7, 2014, 231, 2, 1232),
(232, 7, 2014, 232, 2, 0),
(233, 7, 2014, 233, 2, 90),
(234, 7, 2014, 234, 2, 0),
(235, 7, 2014, 235, 2, 0),
(236, 7, 2014, 236, 2, 0),
(237, 7, 2014, 237, 2, 0),
(238, 7, 2014, 238, 2, 0),
(239, 7, 2014, 239, 2, 0),
(240, 7, 2014, 240, 2, 720),
(241, 7, 2014, 241, 2, 0),
(242, 7, 2014, 242, 2, 594),
(243, 7, 2014, 243, 2, 42),
(244, 7, 2014, 244, 2, 0),
(245, 7, 2014, 245, 2, 0),
(246, 7, 2014, 246, 2, 104),
(247, 7, 2014, 247, 2, 0),
(248, 7, 2014, 248, 2, 0),
(249, 7, 2014, 249, 2, 253),
(250, 7, 2014, 250, 2, 6),
(251, 7, 2014, 251, 2, 0),
(252, 7, 2014, 252, 2, 0),
(253, 7, 2014, 253, 2, 0),
(254, 7, 2014, 254, 2, 0),
(255, 7, 2014, 255, 2, 0),
(256, 7, 2014, 256, 2, 43),
(257, 7, 2014, 257, 2, 0),
(258, 7, 2014, 258, 2, 0),
(259, 7, 2014, 259, 2, 0),
(260, 7, 2014, 260, 2, 0),
(261, 7, 2014, 261, 2, 236),
(262, 7, 2014, 262, 2, 0),
(263, 7, 2014, 263, 2, 12680),
(264, 7, 2014, 264, 2, 0),
(265, 7, 2014, 265, 2, 230),
(266, 7, 2014, 266, 2, 0),
(267, 7, 2014, 267, 2, 93),
(268, 7, 2014, 268, 2, 4211),
(269, 7, 2014, 269, 2, 8),
(270, 7, 2014, 270, 2, 6),
(271, 7, 2014, 271, 2, 0),
(272, 7, 2014, 272, 2, 0),
(273, 7, 2014, 273, 2, 4),
(274, 7, 2014, 274, 2, 9976),
(275, 7, 2014, 275, 2, 250),
(276, 7, 2014, 276, 2, 0),
(277, 7, 2014, 277, 2, 2268),
(278, 7, 2014, 278, 2, 0),
(279, 7, 2014, 279, 2, 18),
(280, 7, 2014, 280, 2, 0),
(281, 7, 2014, 281, 2, 0),
(282, 7, 2014, 282, 2, 0),
(283, 7, 2014, 283, 2, 0),
(284, 7, 2014, 284, 2, 0),
(285, 7, 2014, 285, 2, 0),
(286, 7, 2014, 286, 2, 0),
(287, 7, 2014, 287, 2, 0),
(288, 7, 2014, 288, 2, 0),
(289, 7, 2014, 289, 2, 200),
(290, 7, 2014, 290, 2, 1),
(291, 7, 2014, 291, 2, 0),
(292, 7, 2014, 292, 2, 1152),
(293, 7, 2014, 293, 2, 35),
(294, 7, 2014, 294, 2, 406),
(295, 7, 2014, 295, 2, 0),
(296, 7, 2014, 296, 2, 90),
(297, 7, 2014, 297, 2, 0),
(298, 7, 2014, 298, 2, 0),
(299, 7, 2014, 299, 2, 0),
(300, 7, 2014, 300, 2, 0),
(301, 7, 2014, 301, 2, 1),
(302, 7, 2014, 302, 2, 0),
(303, 7, 2014, 303, 2, 20),
(304, 7, 2014, 304, 2, 692),
(305, 7, 2014, 305, 2, 3),
(306, 7, 2014, 306, 2, 0),
(307, 7, 2014, 307, 2, 0),
(308, 7, 2014, 308, 2, 0),
(309, 7, 2014, 309, 2, 0),
(310, 7, 2014, 310, 2, 0),
(311, 7, 2014, 311, 2, 0),
(312, 7, 2014, 312, 2, 0),
(313, 7, 2014, 313, 2, 82),
(314, 7, 2014, 314, 2, 0),
(315, 7, 2014, 315, 2, 0),
(316, 7, 2014, 316, 2, 14070),
(317, 7, 2014, 317, 2, 0),
(318, 7, 2014, 318, 2, 0),
(319, 7, 2014, 319, 2, 0),
(320, 7, 2014, 320, 2, 0),
(321, 7, 2014, 321, 2, 0),
(322, 7, 2014, 322, 2, 0),
(323, 7, 2014, 323, 2, 858),
(324, 7, 2014, 324, 2, 0),
(325, 7, 2014, 325, 2, 10852),
(326, 7, 2014, 326, 2, 0),
(327, 7, 2014, 327, 2, 0),
(328, 7, 2014, 328, 2, 2410),
(329, 7, 2014, 329, 2, 0),
(330, 7, 2014, 330, 2, 0),
(331, 7, 2014, 331, 2, 200),
(332, 7, 2014, 332, 2, 0),
(333, 7, 2014, 333, 2, 0),
(334, 7, 2014, 334, 2, 20),
(335, 7, 2014, 335, 2, 0),
(336, 7, 2014, 336, 2, 0),
(337, 7, 2014, 337, 2, 0),
(338, 7, 2014, 338, 2, 1770),
(339, 7, 2014, 339, 2, 0),
(340, 7, 2014, 340, 2, 0),
(341, 7, 2014, 341, 2, 0),
(342, 7, 2014, 342, 2, 0),
(343, 7, 2014, 343, 2, 0),
(344, 7, 2014, 344, 2, 19),
(345, 7, 2014, 345, 2, 940),
(346, 7, 2014, 346, 2, 0),
(347, 7, 2014, 347, 2, 0),
(348, 7, 2014, 348, 2, 0),
(349, 7, 2014, 349, 2, 0),
(350, 7, 2014, 350, 2, 0),
(351, 7, 2014, 351, 2, 0),
(352, 7, 2014, 352, 2, 0),
(353, 7, 2014, 353, 2, 0),
(354, 7, 2014, 354, 2, 0),
(355, 7, 2014, 355, 2, 0),
(356, 7, 2014, 356, 2, 0),
(357, 7, 2014, 357, 2, 0),
(358, 7, 2014, 358, 2, 0),
(359, 7, 2014, 359, 2, 0),
(360, 7, 2014, 360, 2, 0),
(361, 7, 2014, 361, 2, 0),
(362, 7, 2014, 362, 2, 0),
(363, 7, 2014, 363, 2, 0),
(364, 7, 2014, 364, 2, 0),
(365, 7, 2014, 365, 2, 0),
(366, 7, 2014, 366, 2, 0),
(367, 7, 2014, 367, 2, 0),
(368, 7, 2014, 368, 2, 0),
(369, 7, 2014, 369, 2, 0),
(370, 7, 2014, 370, 2, 0),
(371, 7, 2014, 371, 2, 0),
(372, 7, 2014, 372, 2, 0);

-- --------------------------------------------------------

--
-- Table structure for table `pasien`
--

CREATE TABLE `pasien` (
  `id` int(11) NOT NULL,
  `kode` char(20) NOT NULL COMMENT '35 (kode kab) (kode pusk) (kode pasien)',
  `kode_lama` char(40) DEFAULT NULL,
  `kode_folder_kk` char(6) DEFAULT NULL,
  `no_indeks_kk` char(2) DEFAULT NULL,
  `puskesmas_id` int(10) NOT NULL,
  `nama` char(70) DEFAULT NULL,
  `dalam_wilayah` int(1) NOT NULL DEFAULT '1' COMMENT '1 = ya, 2 = tidak',
  `tanggal_daftar` timestamp NULL DEFAULT NULL ON UPDATE CURRENT_TIMESTAMP,
  `nama_kepala_keluarga` char(70) DEFAULT NULL,
  `tanggal_lahir` date DEFAULT NULL,
  `umur` int(4) DEFAULT NULL,
  `umur_bulan` int(2) NOT NULL DEFAULT '0',
  `umur_hari` int(2) NOT NULL DEFAULT '0',
  `status_kawin` varchar(1) DEFAULT NULL,
  `alamat` varchar(100) DEFAULT NULL,
  `kota` char(30) DEFAULT NULL,
  `no_ktp` char(30) DEFAULT NULL,
  `no_telpon1` varchar(15) DEFAULT NULL,
  `no_telpon2` varchar(15) DEFAULT NULL,
  `kabupaten` int(5) DEFAULT '20',
  `kecamatan` int(5) DEFAULT NULL,
  `desa` int(10) DEFAULT NULL,
  `jenis_kelamin` varchar(1) DEFAULT NULL,
  `pendidikan_id` varchar(2) DEFAULT NULL,
  `profesi_id` varchar(3) DEFAULT NULL,
  `agama_id` varchar(2) DEFAULT NULL,
  `suku_id` varchar(3) DEFAULT NULL,
  `perokok` int(1) DEFAULT NULL COMMENT '0=tidak merokok, 1=merokok',
  `golongan_darah` varchar(5) DEFAULT NULL,
  `nomor_kelahiran` varchar(6) DEFAULT NULL,
  `tanggal_lahir_ayah` date DEFAULT NULL,
  `profesi_ayah` varchar(2) DEFAULT NULL,
  `pendidikan_ayah` varchar(2) DEFAULT NULL,
  `agama_ayah` varchar(2) DEFAULT NULL,
  `nama_ibu` varchar(23) DEFAULT NULL,
  `tanggal_lahir_ibu` date DEFAULT NULL,
  `pendidikan_ibu` varchar(2) DEFAULT NULL,
  `profesi_ibu` varchar(2) DEFAULT NULL,
  `agama_ibu` varchar(2) DEFAULT NULL,
  `jenis_pembayaran_id` int(5) DEFAULT '1',
  `no_asuransi` varchar(20) DEFAULT NULL,
  `status` int(1) DEFAULT '1',
  `antrian_poli_id` int(2) DEFAULT '0' COMMENT 'Menandakan User Saat ini sedang berada',
  `keterangan_alergi_obat` text
) ENGINE=MyISAM DEFAULT CHARSET=latin1;

-- --------------------------------------------------------

--
-- Table structure for table `pasien_kosong`
--

CREATE TABLE `pasien_kosong` (
  `id` int(11) NOT NULL,
  `puskesmas_id` int(11) NOT NULL,
  `kode` varchar(30) NOT NULL
) ENGINE=InnoDB DEFAULT CHARSET=latin1;

-- --------------------------------------------------------

--
-- Table structure for table `pemakaian_obat`
--

CREATE TABLE `pemakaian_obat` (
  `id` int(11) NOT NULL,
  `tanggal` date NOT NULL,
  `puskesmas_id` int(11) NOT NULL,
  `departemen_id` int(11) NOT NULL,
  `user_id` int(11) NOT NULL,
  `jenis` int(1) NOT NULL DEFAULT '1' COMMENT '1 = regular, 2 = khusus',
  `distribusi_obat_tujuan_id` int(11) NOT NULL,
  `obat_id` int(11) NOT NULL,
  `medical_record_id` int(11) NOT NULL,
  `pasien_id` int(11) NOT NULL,
  `poli_id` int(11) DEFAULT NULL,
  `jumlah` int(11) NOT NULL,
  `keterangan` text NOT NULL
) ENGINE=MyISAM DEFAULT CHARSET=latin1;

-- --------------------------------------------------------

--
-- Table structure for table `pendidikan`
--

CREATE TABLE `pendidikan` (
  `id` int(2) NOT NULL,
  `nama` varchar(30) NOT NULL
) ENGINE=MyISAM DEFAULT CHARSET=latin1;

--
-- Dumping data for table `pendidikan`
--

INSERT INTO `pendidikan` (`id`, `nama`) VALUES
(1, 'Tidak Sekolah'),
(2, 'Belum / Tidak Tamat SD'),
(3, 'Tamat SD'),
(4, 'Tamat SLTP'),
(5, 'Tamat SLTA'),
(6, 'Sarjana (S1)'),
(7, 'Magister (S2)');

-- --------------------------------------------------------

--
-- Table structure for table `penerimaan_obat`
--

CREATE TABLE `penerimaan_obat` (
  `id` int(11) NOT NULL,
  `kode` varchar(30) NOT NULL,
  `tanggal` date NOT NULL,
  `puskesmas_id` int(11) NOT NULL
) ENGINE=MyISAM DEFAULT CHARSET=latin1;

-- --------------------------------------------------------

--
-- Table structure for table `penerimaan_obat_detail`
--

CREATE TABLE `penerimaan_obat_detail` (
  `id` int(11) NOT NULL,
  `penerimaan_obat_id` int(11) NOT NULL,
  `obat_id` int(11) NOT NULL,
  `jumlah` int(11) NOT NULL
) ENGINE=MyISAM DEFAULT CHARSET=latin1;

-- --------------------------------------------------------

--
-- Table structure for table `penyakit`
--

CREATE TABLE `penyakit` (
  `id` int(11) NOT NULL,
  `kode` varchar(15) NOT NULL,
  `nama` text NOT NULL,
  `nama_indonesia` text NOT NULL,
  `kode2` varchar(15) NOT NULL,
  `jenis_id` int(11) NOT NULL DEFAULT '1',
  `kategori_id` varchar(15) NOT NULL,
  `status` int(1) NOT NULL DEFAULT '1',
  `lb1_status` int(1) NOT NULL DEFAULT '0' COMMENT '0 = tidak masuk lb1, 1 = masuk lb1'
) ENGINE=MyISAM DEFAULT CHARSET=latin1;

-- --------------------------------------------------------

--
-- Table structure for table `penyakit_jenis`
--

CREATE TABLE `penyakit_jenis` (
  `id` int(11) NOT NULL,
  `nama` varchar(30) NOT NULL
) ENGINE=MyISAM DEFAULT CHARSET=latin1;

--
-- Dumping data for table `penyakit_jenis`
--

INSERT INTO `penyakit_jenis` (`id`, `nama`) VALUES
(1, 'Penyakit Umum'),
(2, 'Penyakit Gigi');

-- --------------------------------------------------------

--
-- Table structure for table `penyakit_poli_gigi`
--

CREATE TABLE `penyakit_poli_gigi` (
  `id` int(3) NOT NULL,
  `kode_penyakit` char(6) NOT NULL,
  `nama` varchar(50) NOT NULL,
  `penyakit_id` char(10) NOT NULL
) ENGINE=MyISAM DEFAULT CHARSET=latin1;

--
-- Dumping data for table `penyakit_poli_gigi`
--

INSERT INTO `penyakit_poli_gigi` (`id`, `kode_penyakit`, `nama`, `penyakit_id`) VALUES
(1, '1501', 'Karies Gigi', ''),
(2, '1502', 'Penyakit Pulpa & Jaringan Periapikal', ''),
(3, '1503', 'Gingivitis & Penyakit Periodontal', ''),
(4, '1504', 'Gangguan Gigi & Jar. Penyangga Lain/Abses Gigi', ''),
(5, '1505', 'Peny. Rongga Mulut, Kelenjar Ludah, Radang & Lain', '');

-- --------------------------------------------------------

--
-- Table structure for table `permintaan_obat`
--

CREATE TABLE `permintaan_obat` (
  `id` int(11) NOT NULL,
  `tanggal` date NOT NULL,
  `tahun` int(4) NOT NULL,
  `bulan` int(2) NOT NULL,
  `puskesmas_id` int(11) NOT NULL,
  `status_dilayani` int(1) NOT NULL DEFAULT '0'
) ENGINE=MyISAM DEFAULT CHARSET=latin1;

--
-- Dumping data for table `permintaan_obat`
--

INSERT INTO `permintaan_obat` (`id`, `tanggal`, `tahun`, `bulan`, `puskesmas_id`, `status_dilayani`) VALUES
(13, '2015-10-05', 2015, 10, 12, 1);

-- --------------------------------------------------------

--
-- Table structure for table `permintaan_obat_detail`
--

CREATE TABLE `permintaan_obat_detail` (
  `id` int(11) NOT NULL,
  `permintaan_obat_id` int(11) NOT NULL,
  `obat_id` int(11) NOT NULL,
  `jumlah` int(11) NOT NULL
) ENGINE=MyISAM DEFAULT CHARSET=latin1;

--
-- Dumping data for table `permintaan_obat_detail`
--

INSERT INTO `permintaan_obat_detail` (`id`, `permintaan_obat_id`, `obat_id`, `jumlah`) VALUES
(31, 13, 22, 60),
(30, 13, 21, 5000),
(33, 13, 38, 1000),
(34, 13, 40, 1000),
(32, 13, 28, 50),
(29, 13, 361, 300),
(28, 13, 16, 500),
(27, 13, 2, 300),
(35, 13, 386, 200),
(36, 13, 56, 500),
(37, 13, 57, 300),
(38, 13, 72, 2000),
(39, 13, 75, 2000),
(40, 13, 411, 10),
(41, 13, 106, 300),
(42, 13, 120, 3000),
(43, 13, 142, 50),
(44, 13, 148, 50),
(45, 13, 171, 5000),
(46, 13, 173, 500),
(47, 13, 178, 2000),
(48, 13, 179, 50),
(49, 13, 180, 2000),
(50, 13, 198, 200),
(51, 13, 220, 60),
(52, 13, 223, 20),
(53, 13, 338, 3000),
(54, 13, 225, 160),
(55, 13, 229, 3000),
(56, 13, 249, 96),
(57, 13, 418, 1000),
(58, 13, 261, 60),
(59, 13, 263, 2000),
(60, 13, 289, 120),
(61, 13, 293, 24),
(62, 13, 247, 5),
(63, 13, 325, 3000),
(64, 13, 328, 500),
(65, 13, 337, 1000),
(66, 13, 345, 1000);

-- --------------------------------------------------------

--
-- Table structure for table `perujuk`
--

CREATE TABLE `perujuk` (
  `id` int(2) NOT NULL,
  `nama` varchar(20) NOT NULL,
  `status` int(1) NOT NULL DEFAULT '1'
) ENGINE=MyISAM DEFAULT CHARSET=latin1;

--
-- Dumping data for table `perujuk`
--

INSERT INTO `perujuk` (`id`, `nama`, `status`) VALUES
(1, 'Sendiri/Kluarga', 1),
(2, 'Masyarakat', 1),
(3, 'Kader', 1),
(4, 'UKS', 1),
(5, 'Polindes', 1),
(6, 'Pustu', 1),
(7, 'Kesehatan Lain', 1),
(8, 'Rumah Sakit', 1);

-- --------------------------------------------------------

--
-- Table structure for table `poli`
--

CREATE TABLE `poli` (
  `id` int(2) NOT NULL,
  `nama` varchar(20) NOT NULL,
  `jenis` int(2) NOT NULL DEFAULT '0',
  `perawatan` int(2) NOT NULL DEFAULT '1' COMMENT '1=rawat jalan, 2=ugd, 3=rawat inap, 4=poned',
  `controller` varchar(30) DEFAULT NULL,
  `status` int(2) NOT NULL DEFAULT '1'
) ENGINE=MyISAM DEFAULT CHARSET=latin1;

--
-- Dumping data for table `poli`
--

INSERT INTO `poli` (`id`, `nama`, `jenis`, `perawatan`, `controller`, `status`) VALUES
(1, 'Klinik Umum', 1, 1, 'poliUmum', 1),
(2, 'UGD', 1, 2, 'ugd', 1),
(3, 'Klinik Gigi', 1, 1, 'poliGigi', 1),
(4, 'KIA', 1, 1, 'kia', 1),
(5, 'KB & KESH. Perempuan', 1, 1, '', 0),
(6, 'Klinik Anak', 1, 1, 'poliAnak', 1),
(7, 'Pojok Gizi', 1, 1, 'pojokGizi', 0),
(8, 'Klinik Sanitasi', 1, 1, 'klinikSanitasi', 0),
(9, 'Laboratorium', 2, 5, 'poliLaborat', 1),
(10, 'Klinik Paru', 1, 1, 'klinikParu', 0),
(11, 'Klinik Kusta', 1, 1, 'klinikKusta', 0),
(12, 'Rawat Inap', 1, 3, 'rawatInap', 1),
(13, 'Poned/RB', 1, 4, 'poned', 0),
(14, 'Klinik Nifas', 1, 1, 'klinikNifas', 0),
(15, 'Puskesmas Perawatan', 3, 5, '', 0),
(16, 'RUMAH SAKIT', 3, 5, '', 1),
(17, 'UNIT KESEHATAN LAIN', 3, 5, '', 1),
(18, 'Apotek', 2, 5, 'apotek', 1),
(19, 'Kasir', 2, 5, 'kasir', 1),
(20, 'Loket', 2, 5, 'loket', 1),
(21, 'Puskesmas Pembantu', 0, 5, '', 1),
(22, 'Polindes', 0, 5, '', 1),
(23, 'Ponkesdes', 0, 5, '', 1),
(24, 'Klinik Lansia', 1, 1, 'poliLansia', 1),
(25, 'Poli IVA', 1, 1, 'poliIva', 1),
(26, 'Poli IMS & VCT', 1, 1, 'poliIms', 1),
(27, 'Poli DDTK', 1, 1, 'poliDdtk', 1);

-- --------------------------------------------------------

--
-- Table structure for table `poli_puskesmas`
--

CREATE TABLE `poli_puskesmas` (
  `id` int(11) NOT NULL,
  `poli_id` int(11) NOT NULL,
  `puskesmas_id` int(11) NOT NULL
) ENGINE=MyISAM DEFAULT CHARSET=latin1;

--
-- Dumping data for table `poli_puskesmas`
--

INSERT INTO `poli_puskesmas` (`id`, `poli_id`, `puskesmas_id`) VALUES
(1067, 24, 8),
(1047, 24, 13),
(1038, 24, 99),
(1037, 19, 99),
(1022, 24, 10),
(803, 13, 1),
(802, 12, 1),
(1014, 24, 9),
(1066, 19, 8),
(987, 24, 7),
(1102, 24, 2),
(1101, 19, 2),
(978, 24, 6),
(969, 24, 5),
(953, 24, 4),
(945, 24, 3),
(944, 20, 3),
(943, 19, 3),
(801, 6, 1),
(1100, 18, 2),
(942, 13, 3),
(1099, 13, 2),
(926, 24, 12),
(925, 19, 12),
(1046, 19, 13),
(952, 19, 4),
(951, 18, 4),
(950, 13, 4),
(949, 6, 4),
(1098, 12, 2),
(800, 4, 1),
(799, 3, 1),
(941, 12, 3),
(1045, 18, 13),
(1044, 13, 13),
(968, 19, 5),
(967, 18, 5),
(966, 13, 5),
(965, 4, 5),
(940, 4, 3),
(939, 3, 3),
(938, 2, 3),
(1097, 8, 2),
(1096, 7, 2),
(924, 18, 12),
(923, 13, 12),
(1095, 4, 2),
(922, 12, 12),
(921, 6, 12),
(1013, 19, 9),
(1012, 18, 9),
(1065, 18, 8),
(1064, 13, 8),
(1063, 12, 8),
(920, 4, 12),
(919, 3, 12),
(918, 2, 12),
(986, 19, 7),
(985, 18, 7),
(984, 13, 7),
(977, 19, 6),
(976, 18, 6),
(964, 3, 5),
(963, 2, 5),
(948, 4, 4),
(947, 3, 4),
(1021, 19, 10),
(1020, 18, 10),
(1019, 13, 10),
(1094, 3, 2),
(1093, 2, 2),
(917, 1, 12),
(1018, 4, 10),
(1017, 3, 10),
(1011, 13, 9),
(983, 12, 7),
(982, 4, 7),
(981, 3, 7),
(980, 2, 7),
(975, 13, 6),
(1010, 12, 9),
(1009, 4, 9),
(1008, 3, 9),
(1007, 2, 9),
(1036, 18, 99),
(1006, 1, 9),
(1062, 9, 8),
(1061, 4, 8),
(1060, 3, 8),
(1059, 2, 8),
(1058, 1, 8),
(1035, 13, 99),
(1034, 4, 99),
(1033, 3, 99),
(974, 12, 6),
(973, 4, 6),
(972, 3, 6),
(937, 1, 3),
(1016, 2, 10),
(971, 2, 6),
(1015, 1, 10),
(1032, 2, 99),
(962, 1, 5),
(979, 1, 7),
(798, 2, 1),
(806, 24, 1),
(805, 19, 1),
(804, 18, 1),
(797, 1, 1),
(1043, 12, 13),
(1042, 4, 13),
(1041, 3, 13),
(1040, 2, 13),
(1039, 1, 13),
(1092, 1, 2),
(946, 1, 4),
(1031, 1, 99),
(970, 1, 6);

-- --------------------------------------------------------

--
-- Table structure for table `profesi`
--

CREATE TABLE `profesi` (
  `id` int(2) NOT NULL,
  `nama` varchar(30) NOT NULL,
  `status` int(1) NOT NULL DEFAULT '1'
) ENGINE=MyISAM DEFAULT CHARSET=latin1;

--
-- Dumping data for table `profesi`
--

INSERT INTO `profesi` (`id`, `nama`, `status`) VALUES
(1, 'PEGAWAI NEGERI', 1),
(2, 'TNI / ABRI', 1),
(3, 'PENSIUNAN', 1),
(4, 'PEGAWAI SWASTA', 1),
(5, 'PEDAGANG', 1),
(6, 'NELAYAN', 1),
(7, 'PETANI', 1),
(8, 'PEKERJA LEPAS', 1),
(9, 'IBU RUMAH TANGGA', 1),
(10, 'PELAJAR', 1),
(11, 'MAHASISWA', 1),
(12, 'DI BAWAH UMUR', 1),
(13, 'TIDAK BEKERJA', 1),
(14, 'TIDAK TAHU', 1),
(15, 'WIRASWASTA', 1),
(16, 'PELAYARAN', 1),
(17, 'DAGANG', 0),
(18, 'KARYAWAN SWASTA', 1),
(19, 'PERANGKAT DESA', 1),
(20, 'DAGANG', 0),
(21, 'DAGANG', 1),
(22, 'KARY. HONORER', 1),
(23, 'BURUH TANI', 1),
(24, 'GURU HONORER', 1),
(25, 'SERABUTAN', 1),
(26, 'PENJAHIT', 1),
(27, 'USTADZ', 1),
(28, 'CUCI MOBIL', 1),
(29, 'PRT', 1),
(30, 'BAKUL ROSOK', 1),
(31, 'KONDEKTUR BIS MALAM', 1),
(32, 'BAKUL', 1),
(33, 'BENGKEL', 0),
(34, 'BENGKEL', 1),
(35, 'TKW', 1),
(36, 'GURU SWASTA', 1),
(37, 'TANI', 1),
(38, 'BURUH SERABUTAN', 1),
(39, 'BURUH', 1),
(40, 'SOPIR', 1),
(41, 'SALES', 1),
(42, 'PROYEK', 1),
(43, 'PERAWAT', 1),
(44, 'JUALAN BUBUR', 1),
(45, 'BAKULAN', 1),
(46, 'SERABUTAN', 1),
(47, 'PENGRAJIN ANYAMAN', 1),
(48, 'BURUH CAPIL', 1),
(49, 'PEKERJA BANGUNAN', 1),
(50, 'PEMBUAT BATU BATA', 1),
(51, 'PEMBUAT BATU BATA', 1),
(52, 'PENGRAJIN CAPIL', 1),
(53, 'BIDAN', 1),
(54, 'KARYAWAN BUMN', 1),
(55, 'GURU TK', 1),
(56, 'PRAMUNIAGA', 1),
(57, 'SENIMAN', 1),
(58, 'JURU MASAK', 1),
(59, 'USAHA ROSOKAN', 1),
(60, 'KEPRAS REBU', 1),
(61, 'GURU', 1),
(62, 'TUTUK GEMBRENG', 1),
(63, 'ASISTEN R TANGGA', 1),
(64, 'APOTEKER', 1),
(65, 'TUKANG BATU', 1),
(66, 'POLISI', 1),
(67, 'JUALAN PENTHOL', 1),
(68, 'PENGRAJIN GENTENG', 1),
(69, 'BIDAN', 1),
(70, 'AURI', 1),
(71, 'TUKANG MENDRENG', 1),
(72, 'TUKANG MENDRENG', 1),
(73, 'PERANGKAT DESA', 1),
(74, 'BELUM BEKERJA', 1),
(75, 'IRT', 1),
(76, 'PENATA RIAS', 1),
(77, 'PTT', 1),
(78, 'SWASTA', 1),
(79, 'LAIN-LAIN', 1),
(80, 'PELAJAR', 1),
(81, 'PENSIUNAN', 1),
(82, 'IRT', 1),
(83, 'TUKANG PIJET', 1),
(84, 'DAGANG', 1),
(85, 'BAYI', 1),
(86, 'BAYI', 1),
(87, 'BAYI', 1),
(88, 'BAYI', 1),
(89, 'BAYI', 1),
(90, 'ANAK', 1),
(91, 'BALITA', 1),
(92, 'PETANI', 1),
(93, 'PERANGKAT DESA', 1),
(94, 'BALITA', 1),
(95, 'IBU RUMAH TANGGA', 1),
(96, 'BALITA', 1),
(97, 'BALITA', 1),
(98, 'NOTARIS', 1),
(99, 'BALITA', 1),
(100, 'TERNAK AYAM', 1),
(101, 'TANI', 1),
(102, 'IBU RUMAH TANGGA', 1),
(103, 'KADER POSYANDU', 1),
(104, 'BURUH ANGKAT2', 1),
(105, 'BURUH ANGKAT', 1),
(106, 'LAIN LAIN', 1),
(107, 'DOKTER', 1),
(108, 'PETERNAK', 1),
(109, 'SISWA SD', 1),
(110, 'SECURITY', 1),
(111, 'WIRASWASTA', 1),
(112, 'PENSIUN', 1),
(113, 'PEJAHIT', 1),
(114, 'TANI', 1),
(115, 'PETANI', 1),
(116, 'IRT', 1),
(117, 'PNS', 1),
(118, 'I', 1),
(119, 'PEMBUAT GENTENG', 1),
(120, 'PENDETA', 1),
(121, 'PETANI', 1),
(122, 'SWASTA', 1),
(123, 'TUKANG KAYU', 1),
(124, 'SANTRI', 1),
(125, 'SWASTA', 1),
(126, 'JURU PARKIR', 1),
(127, 'PERANGKAT DESA', 1),
(128, 'SISWA SMP', 1),
(129, 'SISWA SMP', 1),
(130, 'IBU RUMAH TANGGA', 1),
(131, 'TUKANG BECAK', 1),
(132, 'PNS', 1),
(133, 'JUALAN JAMU', 1),
(134, 'TUKANG LAS', 1),
(135, 'TRANSPORTASI', 1),
(136, 'PNS', 1),
(137, 'PENSIUNAN', 1),
(138, 'IRT', 1),
(139, 'SWASTA', 1),
(140, 'KONSTRUKSI', 1),
(141, 'PONKESDES', 1),
(142, 'PELAJAR', 1),
(143, 'BALITA', 1),
(144, 'SWASTA', 1),
(145, 'SISWA SMA', 1),
(146, 'PENGRAJIN GENTENG', 1),
(147, 'KARYAWAN BUMD', 1),
(148, 'SOPIR', 1),
(149, 'BURUH PETERNAKAN', 1);

-- --------------------------------------------------------

--
-- Table structure for table `puskesmas`
--

CREATE TABLE `puskesmas` (
  `id` int(11) NOT NULL,
  `nama` varchar(50) NOT NULL,
  `kode` char(50) NOT NULL,
  `no_puskesmas` char(2) NOT NULL,
  `kodepos` char(5) NOT NULL,
  `wilayah_kecamatan_id` int(2) NOT NULL,
  `wilayah_kabupaten_id` int(2) NOT NULL,
  `wilayah_provinsi_id` int(2) NOT NULL DEFAULT '35',
  `url_server_antrian` varchar(255) NOT NULL,
  `alamat` text,
  `counter_pasien` int(10) DEFAULT '1',
  `counter_kk` int(10) DEFAULT '1',
  `no_antrian` int(5) DEFAULT '1',
  `latitude` varchar(20) DEFAULT '-7.6498599',
  `longitude` varchar(20) DEFAULT '111.3295616',
  `enable_lock` int(1) DEFAULT '1',
  `enable_icdx_filter` int(1) DEFAULT '1',
  `enable_bypass_kasir` int(1) DEFAULT '0',
  `enable_gabung_stok_ugd_ranap` int(1) DEFAULT '0',
  `enable_family_folder` int(1) DEFAULT '0',
  `pattern_kode_pasien` varchar(200) DEFAULT '{2:provinsi}{2:kabupaten}{2:puskesmas}{6:counter_pasien}' COMMENT 'tag yang tersedia : provinsi, kabupaten, puskesmas, counter_pasien, counter_kk, counter_dalam_kk',
  `enable_pasien_full` int(1) DEFAULT '0' COMMENT 'jika aktif, sistem akan berusaha mengisi kode pasien yang kosong',
  `enable_apotek_ganda` int(1) DEFAULT '0',
  `pcare_token` varchar(50) DEFAULT NULL
) ENGINE=MyISAM DEFAULT CHARSET=latin1;

--
-- Dumping data for table `puskesmas`
--

INSERT INTO `puskesmas` (`id`, `nama`, `kode`, `no_puskesmas`, `kodepos`, `wilayah_kecamatan_id`, `wilayah_kabupaten_id`, `wilayah_provinsi_id`, `url_server_antrian`, `alamat`, `counter_pasien`, `counter_kk`, `no_antrian`, `latitude`, `longitude`, `enable_lock`, `enable_icdx_filter`, `enable_bypass_kasir`, `enable_gabung_stok_ugd_ranap`, `enable_family_folder`, `pattern_kode_pasien`, `enable_pasien_full`, `enable_apotek_ganda`, `pcare_token`) VALUES
(1, 'KAWEDANAN', 'P3520050102', '01', '63382', 5, 20, 35, 'http://10.12.76.2', 'Jl. Ahmad Yani No. 372 Kawedanan - Magetan', 18909, 1, 23, '-7.67940', '111.41743', 0, 1, 0, 0, 0, '{2:provinsi}{2:kabupaten}{2:puskesmas}{6:counter_pasien}', 0, 1, NULL),
(2, 'NGUJUNG', 'P3520110202', '02', '63392', 11, 20, 35, 'http://10.12.74.52', 'Ds. Ngujung, Kec. Maospati', 9153, 1, 24, '-7.60030', '111.47142', 0, 1, 0, 0, 0, '{2:provinsi}{2:kabupaten}{2:puskesmas}{6:counter_pasien}', 0, 1, NULL),
(3, 'KARANGREJO', 'P3520120101', '03', '63395', 13, 20, 35, 'http://10.12.75.3', 'Jl. Raya Maospati - Ngawi No. 42 Kel. Karangrejo, Kec. Karangrejo', 19835, 1, 19, '-7.56597', '111.42418', 0, 1, 0, 0, 0, '{2:provinsi}{2:kabupaten}{2:puskesmas}{6:counter_pasien}', 0, 1, NULL),
(4, 'CANDIREJO', 'P3520060201', '04', '63351', 6, 20, 35, 'http://10.12.63.2', 'Jl. Raya Sarangan Kel.Candirejo, Kec. Magetan', 14195, 1, 31, '-7.65434', '111.31153', 0, 1, 1, 0, 0, '{2:provinsi}{2:kabupaten}{2:puskesmas}{6:counter_pasien}', 1, 1, NULL),
(5, 'NGARIBOYO', 'P3520061201', '05', '63351', 16, 20, 35, 'http://10.12.62.10', 'Jl. Raya Magetan - Parang No. 49 Kel.Ngariboyo, Kec. Ngariboyo', 31790, 1, 37, '-7.68516', '111.20635', 0, 1, 0, 0, 0, '{2:provinsi}{2:kabupaten}{2:puskesmas}{6:counter_pasien}', 0, 1, NULL),
(6, 'TAKERAN', 'P3520040101', '06', '63383', 4, 20, 35, 'http://10.12.78.3', 'Jl. Srikandi Nop. 1 Kel.Takeran, Kec. Takeran', 16353, 1, 20, '-7.68362', '111.47095', 0, 1, 0, 0, 0, '{2:provinsi}{2:kabupaten}{2:puskesmas}{6:counter_pasien}', 0, 1, NULL),
(7, 'MAOSPATI', 'P3520110101', '07', '63392', 11, 20, 35, 'http://10.12.73.3', 'Jl. Raya Maospati No. 148 Kel. Maospati, Kec. Maospati', 17815, 1, 21, '-7.59724', '111.42993', 0, 1, 0, 0, 0, '{2:provinsi}{2:kabupaten}{2:puskesmas}{6:counter_pasien}', 0, 1, NULL),
(8, 'PLAOSAN', 'P3520070101', '08', '63361', 7, 20, 35, 'http://10.12.71.2', 'Jl. Raya Sarangan No. 138 Kel. Plaosan, Kec. Plaosan', 21030, 1, 50, '-7.68346', '111.25267', 0, 1, 0, 0, 0, '{2:provinsi}{2:kabupaten}{2:puskesmas}{6:counter_pasien}', 0, 1, NULL),
(9, 'PANEKAN', 'P3520080101', '09', '63352', 8, 20, 35, 'http://10.12.67.2', 'Jl. Raya Panekan No. 08 Kel.Panekan, Kec. Panekan', 23874, 1, 17, '-7.61945', '111.29864', 0, 1, 0, 0, 0, '{2:provinsi}{2:kabupaten}{2:puskesmas}{6:counter_pasien}', 0, 1, NULL),
(10, 'SUKOMORO', 'P3520090201', '10', '63391', 9, 20, 35, 'http://10.12.61.194', 'Jl. Raya Maospati - Magetan Ds. Bulu, Kec. Sukomoro', 17502, 1, 16, '-7.62499', '111.37926', 0, 1, 1, 0, 0, '{2:provinsi}{2:kabupaten}{2:puskesmas}{6:counter_pasien}', 0, 1, NULL),
(99, 'Virtual', 'P897678368', '89', '60216', 2, 76, 35, 'http://192.168.1.33', 'Jalan Raya Magersari', 1119, 1, 1, '-7.43409', '112.47140', 0, 0, 0, 0, 0, '{2:provinsi}{2:kabupaten}{2:puskesmas}{6:counter_pasien}', 1, 1, NULL),
(11, 'KARTOHARJO', 'P3520131101', '11', '63395', 15, 20, 35, 'http://localhost/antrian_puskesmas/', 'Jl. Raya Kartoharjo No. 02 Kel. Kartoharjo, Kec. Kartoharjo', 1, 1, 1, '-7.55662', '111.50717', 1, 1, 1, 0, 0, '{2:provinsi}{2:kabupaten}{2:puskesmas}{6:counter_pasien}', 0, 0, NULL),
(12, 'TAJI', 'P3520121101', '12', '63395', 14, 20, 35, 'http://10.12.80.80', 'Jl. Raya Glodok - Kendal No. 9 Ds. Taji, Kec. Karas', 13404, 1, 28, '-7.58189', '111.36954', 0, 1, 0, 0, 0, '{2:provinsi}{2:kabupaten}{2:puskesmas}{6:counter_pasien}', 0, 1, NULL),
(13, 'BENDO', 'P3520100101', '13', '12345', 10, 20, 35, 'http://10.12.81.3', 'Jl. Raya Bendo No. 116 Kel.Bendo, Kec. Bendo', 13221, 1, 21, '-7.6498599', '111.3295616', 0, 1, 0, 0, 0, '{2:provinsi}{2:kabupaten}{2:puskesmas}{6:counter_pasien}', 0, 1, NULL),
(14, 'PONCOL', 'P3520010101', '14', '12345', 1, 20, 35, 'http://localhost/antrian_puskesmas/', 'Jl. Raya Parang - Poncol Kel. Alastuwo, Kec. Poncol', 1, 1, 1, '-7.71587', '111.26433', 1, 1, 0, 0, 0, '{2:provinsi}{2:kabupaten}{2:puskesmas}{6:counter_pasien}', 0, 0, NULL),
(15, 'PARANG', 'P3520020101', '15', '12345', 2, 20, 35, 'http://localhost/antrian_puskesmas/', 'Jl. Blego Raya Kel.Parang, Kec. Parang', 1, 1, 1, '-7.6498599', '111.3295616', 1, 1, 0, 0, 0, '{2:provinsi}{2:kabupaten}{2:puskesmas}{6:counter_pasien}', 0, 0, NULL),
(16, 'LEMBEYAN', 'P3520030101', '16', '12345', 3, 20, 35, 'http://localhost/antrian_puskesmas/', 'Jl. Parang - Lambeyan Kel. Lambeyan, Kec. Lambeyan', 1, 1, 1, '-7.75668', '111.40674', 1, 1, 0, 0, 0, '{2:provinsi}{2:kabupaten}{2:puskesmas}{6:counter_pasien}', 0, 0, NULL),
(17, 'GORANG GARENG TAJI', 'P3520041101', '17', '12345', 17, 20, 35, 'http://localhost/antrian_puskesmas/', 'Jl. Ds. Gorang Gareng Taji, Kec. Nguntoronadi', 1, 1, 1, '-7.6498599', '111.3295616', 1, 1, 0, 0, 0, '{2:provinsi}{2:kabupaten}{2:puskesmas}{6:counter_pasien}', 0, 0, NULL),
(18, 'TLADAN', 'P3520050101', '18', '12345', 5, 20, 35, 'http://localhost/antrian_puskesmas/', 'Jl. Jend. Sudirman Ds. Tladan, Kec. Kawedanan', 1, 1, 1, '-7.6498599', '111.3295616', 1, 1, 0, 0, 0, '{2:provinsi}{2:kabupaten}{2:puskesmas}{6:counter_pasien}', 0, 0, NULL),
(19, 'SUMBERAGUNG', 'P3520070102', '19', '12345', 7, 20, 35, 'http://localhost/antrian_puskesmas/', 'Jl. Raya Sumber Agung- Plaosan Ds. Sumber Agung, Kec. Plaosan', 1, 1, 1, '-7.67997', '111.28748', 1, 1, 0, 0, 0, '{2:provinsi}{2:kabupaten}{2:puskesmas}{6:counter_pasien}', 0, 0, NULL),
(20, 'SIDOREJO', 'P3520071201', '20', '12345', 18, 20, 35, 'http://localhost/antrian_puskesmas/', 'Jl. Raya Lingkar Utara Ds. Sidokerto, Kec. Sidorejo', 1, 1, 1, '-7.6498599', '111.3295616', 1, 1, 0, 0, 0, '{2:provinsi}{2:kabupaten}{2:puskesmas}{6:counter_pasien}', 0, 0, NULL),
(21, 'TEBON', 'P3520130101', '21', '12345', 12, 20, 35, 'http://localhost/antrian_puskesmas/', 'Jl. Slamet No. 5 Kel. Tebon, Kec. Barat', 1, 1, 1, '-7.6498599', '111.3295616', 1, 1, 0, 0, 0, '{2:provinsi}{2:kabupaten}{2:puskesmas}{6:counter_pasien}', 0, 0, NULL),
(22, 'REJOMULYO', 'P3520130102', '22', '12345', 12, 20, 35, 'http://localhost/antrian_puskesmas/', 'Ds. Rejomulyo, Kec. Barat', 1, 1, 1, '-7.6498599', '111.3295616', 1, 1, 0, 0, 0, '{2:provinsi}{2:kabupaten}{2:puskesmas}{6:counter_pasien}', 0, 0, NULL);

-- --------------------------------------------------------

--
-- Table structure for table `puskesmas_wilayah`
--

CREATE TABLE `puskesmas_wilayah` (
  `id` int(11) NOT NULL,
  `puskesmas_id` int(11) NOT NULL,
  `desa_id` int(11) NOT NULL
) ENGINE=MyISAM DEFAULT CHARSET=latin1;

--
-- Dumping data for table `puskesmas_wilayah`
--

INSERT INTO `puskesmas_wilayah` (`id`, `puskesmas_id`, `desa_id`) VALUES
(29, 1, 1068),
(31, 1, 7972),
(24, 1, 4864),
(46, 3, 3698),
(28, 1, 8309),
(33, 1, 6312),
(32, 1, 8121),
(30, 1, 3690),
(26, 1, 2388),
(25, 1, 7582),
(23, 1, 4297),
(27, 1, 5875),
(34, 5, 1079),
(35, 5, 1739),
(36, 5, 6323),
(37, 5, 2399),
(38, 5, 3701),
(39, 5, 4308),
(40, 5, 3058),
(41, 5, 4875),
(42, 5, 5886),
(43, 5, 6713),
(44, 5, 419),
(45, 5, 5396),
(47, 3, 6711),
(48, 3, 6320),
(52, 3, 1076),
(50, 3, 416),
(51, 3, 1736),
(55, 3, 5883),
(54, 3, 5393),
(56, 3, 4305),
(57, 3, 7050),
(58, 3, 3055),
(59, 3, 2396),
(60, 3, 4872),
(61, 4, 1729),
(62, 2, 5391),
(63, 2, 1074),
(64, 2, 7048),
(65, 2, 7337),
(66, 2, 4870),
(67, 2, 5881),
(68, 4, 409),
(69, 4, 1069),
(70, 4, 5386),
(71, 4, 6704),
(72, 4, 7043),
(73, 4, 4298),
(74, 4, 2389),
(75, 4, 3048),
(76, 4, 7332),
(77, 4, 4865),
(78, 4, 5876),
(79, 4, 6313),
(80, 4, 3691),
(81, 6, 5874),
(82, 6, 4296),
(83, 6, 1727),
(84, 6, 407),
(85, 6, 3046),
(86, 6, 1067),
(87, 6, 6702),
(88, 6, 2387),
(89, 6, 3689),
(90, 6, 5384),
(91, 6, 4863),
(92, 6, 6311),
(93, 7, 3053),
(94, 8, 4866),
(95, 10, 5879),
(96, 9, 4867),
(97, 10, 5389),
(98, 10, 2392),
(99, 10, 4301),
(100, 10, 412),
(101, 10, 6316),
(102, 10, 3694),
(103, 10, 1072),
(104, 10, 1732),
(105, 10, 7335),
(106, 10, 6707),
(107, 10, 3051),
(108, 10, 4868),
(109, 10, 7046),
(110, 7, 7586),
(111, 7, 6709),
(112, 7, 414),
(113, 7, 2394),
(114, 7, 6318),
(115, 7, 3696),
(116, 7, 1734),
(117, 9, 411),
(118, 9, 4300),
(119, 9, 6706),
(120, 9, 1731),
(121, 9, 3693),
(122, 9, 3050),
(123, 9, 5388),
(124, 9, 7045),
(125, 9, 7334),
(126, 9, 6315),
(127, 9, 1071),
(128, 9, 7791),
(129, 9, 5878),
(130, 99, 627),
(131, 8, 3049),
(132, 8, 6705),
(133, 8, 2390),
(134, 8, 1070),
(135, 8, 5877),
(136, 8, 5387),
(137, 8, 4299),
(138, 9, 7584),
(139, 9, 2391),
(140, 9, 7973),
(141, 3, 6320),
(142, 99, 4504),
(143, 2, 4303),
(145, 11, 4307),
(146, 11, 1078),
(147, 11, 1738),
(148, 11, 5395),
(149, 11, 2398),
(150, 11, 3057),
(151, 11, 6322),
(152, 11, 3700),
(153, 12, 5394),
(154, 12, 2397),
(155, 12, 1737),
(156, 12, 5884),
(157, 12, 4306),
(158, 12, 3056),
(159, 12, 4873),
(160, 12, 3699),
(161, 12, 417),
(162, 12, 1077),
(163, 12, 6321),
(164, 11, 5885),
(165, 11, 6712),
(166, 11, 4874),
(167, 11, 1078),
(168, 13, 1073),
(169, 13, 6708),
(170, 13, 7585),
(171, 13, 4869),
(172, 13, 3695),
(173, 13, 7047),
(174, 13, 4302),
(175, 13, 413),
(176, 13, 7336),
(177, 13, 1733),
(178, 13, 2393),
(179, 13, 7792),
(180, 13, 6317),
(181, 13, 3052),
(182, 13, 5880),
(183, 13, 5390),
(184, 14, 4293),
(185, 14, 404),
(186, 15, 4861),
(187, 16, 3688),
(188, 16, 3045),
(189, 17, 1080),
(190, 19, 7583),
(191, 20, 3703),
(192, 21, 7338),
(193, 18, 8231),
(194, 22, 5388),
(195, 20, 4877),
(196, 20, 5887),
(197, 20, 4310),
(198, 20, 1741),
(199, 20, 5398),
(200, 20, 1081),
(201, 20, 2401),
(202, 20, 421);

-- --------------------------------------------------------

--
-- Table structure for table `role`
--

CREATE TABLE `role` (
  `id` int(11) NOT NULL,
  `name` varchar(50) NOT NULL
) ENGINE=InnoDB DEFAULT CHARSET=latin1;

--
-- Dumping data for table `role`
--

INSERT INTO `role` (`id`, `name`) VALUES
(1, 'Super Administrator'),
(2, 'Administrator'),
(3, 'Regular User');

-- --------------------------------------------------------

--
-- Table structure for table `role_action`
--

CREATE TABLE `role_action` (
  `id` int(11) NOT NULL,
  `role_id` int(11) NOT NULL,
  `action_id` int(11) NOT NULL
) ENGINE=InnoDB DEFAULT CHARSET=latin1;

--
-- Dumping data for table `role_action`
--

INSERT INTO `role_action` (`id`, `role_id`, `action_id`) VALUES
(12, 1, 12),
(13, 1, 13),
(14, 1, 14),
(15, 1, 15),
(16, 1, 17),
(17, 1, 18),
(18, 1, 19),
(19, 1, 20),
(20, 1, 21),
(21, 1, 22),
(22, 1, 23),
(23, 1, 24),
(24, 1, 25),
(25, 1, 26),
(26, 1, 27),
(27, 1, 28),
(28, 1, 29),
(29, 1, 30),
(30, 1, 31),
(31, 1, 32),
(32, 1, 33),
(33, 2, 12),
(34, 2, 13),
(35, 2, 14),
(36, 2, 15),
(37, 2, 16),
(38, 2, 17),
(39, 2, 18),
(40, 2, 19),
(41, 2, 20),
(42, 2, 21),
(43, 2, 22),
(44, 2, 23),
(45, 2, 24),
(46, 2, 25),
(47, 2, 26),
(48, 2, 27),
(49, 2, 28),
(50, 2, 29),
(51, 2, 30),
(52, 2, 31),
(53, 2, 32),
(54, 2, 33),
(98, 3, 12),
(99, 3, 13),
(100, 3, 14),
(101, 3, 15),
(102, 3, 16),
(103, 3, 17),
(104, 3, 18),
(105, 3, 19),
(106, 3, 20),
(107, 3, 21),
(108, 3, 22),
(109, 3, 23),
(110, 3, 24),
(111, 3, 25),
(112, 3, 26),
(113, 3, 27),
(114, 3, 28),
(115, 3, 29),
(116, 3, 30),
(117, 3, 31),
(118, 3, 32),
(119, 3, 33);

-- --------------------------------------------------------

--
-- Table structure for table `role_menu`
--

CREATE TABLE `role_menu` (
  `id` int(11) NOT NULL,
  `role_id` int(11) NOT NULL,
  `menu_id` int(11) NOT NULL
) ENGINE=InnoDB DEFAULT CHARSET=latin1;

--
-- Dumping data for table `role_menu`
--

INSERT INTO `role_menu` (`id`, `role_id`, `menu_id`) VALUES
(51, 1, 1),
(52, 1, 2),
(53, 1, 3),
(54, 1, 4),
(55, 1, 5),
(56, 2, 1),
(57, 2, 2),
(58, 2, 3),
(59, 2, 4),
(60, 2, 5),
(71, 3, 1),
(72, 3, 2),
(73, 3, 3),
(74, 3, 4),
(75, 3, 5);

-- --------------------------------------------------------

--
-- Table structure for table `rumah_sakit`
--

CREATE TABLE `rumah_sakit` (
  `id` int(11) NOT NULL,
  `nama` varchar(50) NOT NULL,
  `alamat` varchar(200) NOT NULL
) ENGINE=InnoDB DEFAULT CHARSET=latin1;

--
-- Dumping data for table `rumah_sakit`
--

INSERT INTO `rumah_sakit` (`id`, `nama`, `alamat`) VALUES
(1, 'RSUD Dr. Sayidiman, Magetan', 'Jalan Pahlawan No. 2, Tambran Magetan, Jawa Timur. No. Telp.: 0351-895023, 0351-895067, 0351-895267, 0351-896380'),
(2, 'RS TNI AU Iswahyudi, Magetan', 'Lanud Iswahyudi, Maospati Magetan, Jawa Timur. No. Telp.: 0351-869705'),
(3, 'RSUD Dr. Soedono, Madiun', 'Jalan Dr. Soetomo No. 59, Kartoharjo Madiun, Jawa Timur. No. Telp.: 0351-464325, 0351-464326, 0351-496333'),
(4, 'RSUD. Dr. Soetomo, Surabaya', 'Jl.Mayjend. Prof.Dr.Moestopo 6-8 Sby Telp. 031 - 5340061'),
(5, 'RSD Kota Madiun, Madiun', 'Jl. Campursari, Sogaten, Madiun Telp :0351-481314'),
(6, 'RSI Siti Aisyah, Madiun', 'Jalan Mayjen Sungkono. 38-40, Madiun, Telp : 0351-464822'),
(7, 'RSJ Surakarta, Surakarta', 'Jl. Ki Hajar Dewantara No.80, Jebres, Kota Surakarta, Jawa Tengah, Kodepos : 57126, Telp : 0271-641442'),
(8, 'RSUD dr. Soeroto, Ngawi', 'Jl. Dr Wahidin Sudirohusodo No.27, Ngawi, Telp : 0351-749023'),
(9, 'RS Paru Mangunharjo, Madiun', ''),
(10, 'RS Paru Dungus, Madiun', ''),
(11, 'RSJ Menur, Surabaya', ''),
(12, 'RSUD dr. Moewardi, Surakarta', ''),
(13, 'RSU Widodo, Ngawi', '');

-- --------------------------------------------------------

--
-- Table structure for table `session`
--

CREATE TABLE `session` (
  `id` int(11) NOT NULL,
  `time` datetime NOT NULL,
  `ip_address` varchar(15) NOT NULL,
  `user_agent` text NOT NULL,
  `username` varchar(20) NOT NULL,
  `activity` varchar(50) NOT NULL
) ENGINE=MyISAM DEFAULT CHARSET=latin1;

--
-- Dumping data for table `session`
--

INSERT INTO `session` (`id`, `time`, `ip_address`, `user_agent`, `username`, `activity`) VALUES
(1, '2013-11-03 08:43:09', '::1', 'Mozilla/5.0 (Macintosh; Intel Mac OS X 10_9_0) AppleWebKit/537.36 (KHTML, like Gecko) Chrome/30.0.1599.101 Safari/537.36', 'admin', 'Login'),
(2, '2013-11-04 04:59:00', '::1', 'Mozilla/5.0 (Macintosh; Intel Mac OS X 10_9_0) AppleWebKit/537.36 (KHTML, like Gecko) Chrome/30.0.1599.101 Safari/537.36', 'admin', 'Login'),
(3, '2013-11-05 04:49:45', '::1', 'Mozilla/5.0 (Macintosh; Intel Mac OS X 10_9_0) AppleWebKit/537.36 (KHTML, like Gecko) Chrome/30.0.1599.101 Safari/537.36', 'admin', 'Login'),
(4, '2013-11-11 03:50:51', '::1', 'Mozilla/5.0 (Macintosh; Intel Mac OS X 10_9_0) AppleWebKit/537.36 (KHTML, like Gecko) Chrome/30.0.1599.101 Safari/537.36', 'admin', 'Login'),
(5, '2013-11-15 17:23:56', '::1', 'Mozilla/5.0 (Macintosh; Intel Mac OS X 10_9_0) AppleWebKit/537.36 (KHTML, like Gecko) Chrome/31.0.1650.57 Safari/537.36', 'admin', 'Login'),
(6, '2013-11-17 10:36:43', '::1', 'Mozilla/5.0 (Macintosh; Intel Mac OS X 10_9_0) AppleWebKit/537.36 (KHTML, like Gecko) Chrome/31.0.1650.57 Safari/537.36', 'admin', 'Login'),
(7, '2013-11-18 09:18:20', '::1', 'Mozilla/5.0 (Macintosh; Intel Mac OS X 10_9_0) AppleWebKit/537.36 (KHTML, like Gecko) Chrome/31.0.1650.57 Safari/537.36', 'admin', 'Login'),
(8, '2013-11-18 10:34:56', '::1', 'Mozilla/5.0 (Macintosh; Intel Mac OS X 10_9_0) AppleWebKit/537.36 (KHTML, like Gecko) Chrome/31.0.1650.57 Safari/537.36', 'admin', 'Login'),
(9, '2013-11-19 04:27:54', '::1', 'Mozilla/5.0 (Macintosh; Intel Mac OS X 10_9_0) AppleWebKit/537.36 (KHTML, like Gecko) Chrome/31.0.1650.57 Safari/537.36', 'admin', 'Login'),
(10, '2013-11-19 14:23:37', '::1', 'Mozilla/5.0 (Macintosh; Intel Mac OS X 10_9_0) AppleWebKit/537.36 (KHTML, like Gecko) Chrome/31.0.1650.57 Safari/537.36', 'admin', 'Login'),
(11, '2013-11-19 17:47:44', '::1', 'Mozilla/5.0 (Macintosh; Intel Mac OS X 10_9_0) AppleWebKit/537.36 (KHTML, like Gecko) Chrome/31.0.1650.57 Safari/537.36', 'admin', 'Login'),
(12, '2013-11-28 04:21:37', '::1', 'Mozilla/5.0 (Macintosh; Intel Mac OS X 10_9_0) AppleWebKit/537.36 (KHTML, like Gecko) Chrome/31.0.1650.57 Safari/537.36', 'admin', 'Login'),
(13, '2013-12-01 00:58:59', '::1', 'Mozilla/5.0 (Macintosh; Intel Mac OS X 10_9_0) AppleWebKit/537.36 (KHTML, like Gecko) Chrome/31.0.1650.57 Safari/537.36', 'admin', 'Login'),
(14, '2013-12-01 10:02:19', '::1', 'Mozilla/5.0 (Macintosh; Intel Mac OS X 10_9_0) AppleWebKit/537.36 (KHTML, like Gecko) Chrome/31.0.1650.57 Safari/537.36', 'admin', 'Login'),
(15, '2013-12-02 03:11:58', '::1', 'Mozilla/5.0 (Macintosh; Intel Mac OS X 10_9_0) AppleWebKit/537.36 (KHTML, like Gecko) Chrome/31.0.1650.57 Safari/537.36', 'admin', 'Login'),
(16, '2013-12-02 07:05:38', '192.168.1.16', 'Mozilla/5.0 (Windows NT 6.1) AppleWebKit/537.36 (KHTML, like Gecko) Chrome/31.0.1650.57 Safari/537.36', 'admin', 'Login'),
(17, '2013-12-02 07:59:08', '192.168.1.16', 'Mozilla/5.0 (Windows NT 6.1; rv:25.0) Gecko/20100101 Firefox/25.0', 'admin', 'Login'),
(18, '2013-12-02 10:47:55', '192.168.1.16', 'Mozilla/5.0 (Windows NT 6.1; rv:25.0) Gecko/20100101 Firefox/25.0', 'admin', 'Login'),
(19, '2013-12-03 03:10:02', '::1', 'Mozilla/5.0 (Macintosh; Intel Mac OS X 10_9_0) AppleWebKit/537.36 (KHTML, like Gecko) Chrome/31.0.1650.57 Safari/537.36', 'admin', 'Login'),
(20, '2013-12-03 03:16:17', '10.1.42.251', 'Mozilla/5.0 (Windows NT 6.1; rv:11.0) Gecko/20100101 Firefox/11.0', 'admin', 'Login'),
(21, '2013-12-03 03:16:22', '10.1.42.248', 'Mozilla/5.0 (Windows NT 5.1; rv:10.0.2) Gecko/20100101 Firefox/10.0.2', 'admin', 'Login'),
(22, '2013-12-03 03:16:41', '10.1.42.250', 'Mozilla/5.0 (Windows NT 6.1) AppleWebKit/537.36 (KHTML, like Gecko) Chrome/31.0.1650.57 Safari/537.36', 'admin', 'Login'),
(23, '2013-12-03 03:17:02', '10.1.42.240', 'Mozilla/4.0 (compatible; MSIE 8.0; Windows NT 6.1; Trident/4.0; SLCC2; .NET CLR 2.0.50727; .NET CLR 3.5.30729; .NET CLR 3.0.30729; Media Center PC 6.0)', 'admin', 'Login'),
(24, '2013-12-03 03:17:21', '10.1.42.241', 'Mozilla/5.0 (Windows NT 6.1; rv:25.0) Gecko/20100101 Firefox/25.0', 'admin', 'Login'),
(25, '2013-12-03 03:17:30', '10.1.42.239', 'Mozilla/5.0 (Windows NT 6.2; WOW64; rv:25.0) Gecko/20100101 Firefox/25.0', 'admin', 'Login'),
(26, '2013-12-03 03:21:44', '10.1.42.238', 'Mozilla/5.0 (Android; Mobile; rv:25.0) Gecko/25.0 Firefox/25.0', 'admin', 'Login'),
(27, '2013-12-03 03:22:55', '10.1.42.254', 'Mozilla/5.0 (Macintosh; Intel Mac OS X 10_9_0) AppleWebKit/537.36 (KHTML, like Gecko) Chrome/31.0.1650.57 Safari/537.36', 'admin', 'Login'),
(28, '2013-12-03 03:49:33', '10.1.42.240', 'Mozilla/5.0 (Windows NT 6.1) AppleWebKit/537.4 (KHTML, like Gecko) Chrome/22.0.1229.2 Safari/537.4', 'admin', 'Login'),
(29, '2013-12-03 03:50:42', '10.1.42.153', 'Mozilla/5.0 (Windows; U; Windows NT 6.1; en-US; rv:1.9.2.28) Gecko/20120306 Firefox/3.6.28', 'admin', 'Login'),
(30, '2013-12-03 04:25:15', '10.1.42.237', 'Mozilla/5.0 (Windows; U; Windows NT 6.1; en-US; rv:1.9.0.5) Gecko/2008120122 Firefox/3.0.5', 'admin', 'Login'),
(31, '2013-12-03 23:13:33', '::1', 'Mozilla/5.0 (Macintosh; Intel Mac OS X 10_9_0) AppleWebKit/537.36 (KHTML, like Gecko) Chrome/31.0.1650.57 Safari/537.36', 'admin', 'Login'),
(32, '2013-12-05 00:05:27', '::1', 'Mozilla/5.0 (Macintosh; Intel Mac OS X 10_9_0) AppleWebKit/537.36 (KHTML, like Gecko) Chrome/31.0.1650.57 Safari/537.36', 'admin', 'Login'),
(33, '2013-12-05 06:51:18', '::1', 'Mozilla/5.0 (Macintosh; Intel Mac OS X 10_9_0) AppleWebKit/537.36 (KHTML, like Gecko) Chrome/31.0.1650.63 Safari/537.36', 'admin', 'Login'),
(34, '2013-12-10 01:25:06', '::1', 'Mozilla/5.0 (Macintosh; Intel Mac OS X 10_9_0) AppleWebKit/537.36 (KHTML, like Gecko) Chrome/31.0.1650.63 Safari/537.36', 'admin', 'Login'),
(35, '2013-12-10 07:13:52', '::1', 'Mozilla/5.0 (Macintosh; Intel Mac OS X 10_9_0) AppleWebKit/537.36 (KHTML, like Gecko) Chrome/31.0.1650.63 Safari/537.36', 'admin', 'Login'),
(36, '2013-12-11 06:42:52', '::1', 'Mozilla/5.0 (Macintosh; Intel Mac OS X 10_9_0) AppleWebKit/537.36 (KHTML, like Gecko) Chrome/31.0.1650.63 Safari/537.36', 'admin', 'Login'),
(37, '2013-12-12 14:37:47', '::1', 'Mozilla/5.0 (Macintosh; Intel Mac OS X 10_9_0) AppleWebKit/537.36 (KHTML, like Gecko) Chrome/31.0.1650.63 Safari/537.36', 'admin', 'Login'),
(38, '2013-12-30 00:48:39', '::1', 'Mozilla/5.0 (Macintosh; Intel Mac OS X 10_9_0) AppleWebKit/537.36 (KHTML, like Gecko) Chrome/31.0.1650.63 Safari/537.36', 'admin', 'Login'),
(39, '2014-02-08 04:14:15', '::1', 'Mozilla/5.0 (Macintosh; Intel Mac OS X 10_9_0) AppleWebKit/537.36 (KHTML, like Gecko) Chrome/32.0.1700.107 Safari/537.36', 'admin', 'Login'),
(40, '2014-02-11 05:51:52', '::1', 'Mozilla/5.0 (Macintosh; Intel Mac OS X 10_9_0) AppleWebKit/537.36 (KHTML, like Gecko) Chrome/32.0.1700.107 Safari/537.36', 'admin', 'Login'),
(41, '2014-02-17 02:52:32', '::1', 'Mozilla/5.0 (Macintosh; Intel Mac OS X 10_9_0) AppleWebKit/537.36 (KHTML, like Gecko) Chrome/32.0.1700.107 Safari/537.36', 'admin', 'Login'),
(42, '2014-03-10 04:39:20', '::1', 'Mozilla/5.0 (Macintosh; Intel Mac OS X 10_9_2) AppleWebKit/537.36 (KHTML, like Gecko) Chrome/33.0.1750.146 Safari/537.36', 'admin', 'Login'),
(43, '2014-03-31 13:07:56', '::1', 'Mozilla/5.0 (Macintosh; Intel Mac OS X 10_9_2) AppleWebKit/537.36 (KHTML, like Gecko) Chrome/33.0.1750.152 Safari/537.36', 'admin', 'Login'),
(44, '2014-04-17 03:53:50', '::1', 'Mozilla/5.0 (Macintosh; Intel Mac OS X 10_9_2) AppleWebKit/537.36 (KHTML, like Gecko) Chrome/34.0.1847.116 Safari/537.36', 'admin', 'Login'),
(45, '2014-04-24 15:08:45', '::1', 'Mozilla/5.0 (Macintosh; Intel Mac OS X 10_9_2) AppleWebKit/537.36 (KHTML, like Gecko) Chrome/34.0.1847.116 Safari/537.36', 'admin', 'Login'),
(46, '2014-04-25 00:59:42', '::1', 'Mozilla/5.0 (Macintosh; Intel Mac OS X 10_9_2) AppleWebKit/537.36 (KHTML, like Gecko) Chrome/34.0.1847.116 Safari/537.36', 'loket', 'Login'),
(47, '2014-04-25 01:18:05', '169.254.143.97', 'Mozilla/5.0 (Windows NT 6.1) AppleWebKit/537.36 (KHTML, like Gecko) Chrome/34.0.1847.116 Safari/537.36', 'poliumum', 'Login'),
(48, '2014-04-25 01:23:04', '::1', 'Mozilla/5.0 (Macintosh; Intel Mac OS X 10_9_2) AppleWebKit/537.36 (KHTML, like Gecko) Chrome/34.0.1847.116 Safari/537.36', 'loket', 'Logout'),
(49, '2014-04-25 01:23:10', '::1', 'Mozilla/5.0 (Macintosh; Intel Mac OS X 10_9_2) AppleWebKit/537.36 (KHTML, like Gecko) Chrome/34.0.1847.116 Safari/537.36', 'poliumum', 'Login'),
(50, '2014-04-25 01:24:21', '::1', 'Mozilla/5.0 (Macintosh; Intel Mac OS X 10_9_2) AppleWebKit/537.36 (KHTML, like Gecko) Chrome/34.0.1847.116 Safari/537.36', 'poliumum', 'Logout'),
(51, '2014-04-25 01:24:25', '::1', 'Mozilla/5.0 (Macintosh; Intel Mac OS X 10_9_2) AppleWebKit/537.36 (KHTML, like Gecko) Chrome/34.0.1847.116 Safari/537.36', 'loket', 'Login'),
(52, '2014-04-25 01:25:56', '::1', 'Mozilla/5.0 (Macintosh; Intel Mac OS X 10_9_2) AppleWebKit/537.36 (KHTML, like Gecko) Chrome/34.0.1847.116 Safari/537.36', 'loket', 'Logout'),
(53, '2014-04-25 01:26:02', '::1', 'Mozilla/5.0 (Macintosh; Intel Mac OS X 10_9_2) AppleWebKit/537.36 (KHTML, like Gecko) Chrome/34.0.1847.116 Safari/537.36', 'kasir', 'Login'),
(54, '2014-04-25 01:26:25', '::1', 'Mozilla/5.0 (Macintosh; Intel Mac OS X 10_9_2) AppleWebKit/537.36 (KHTML, like Gecko) Chrome/34.0.1847.116 Safari/537.36', 'kasir', 'Logout'),
(55, '2014-04-25 01:26:33', '169.254.143.97', 'Mozilla/5.0 (Windows NT 6.1) AppleWebKit/537.36 (KHTML, like Gecko) Chrome/34.0.1847.116 Safari/537.36', 'poliumum', 'Logout'),
(56, '2014-04-25 01:26:41', '169.254.143.97', 'Mozilla/5.0 (Windows NT 6.1) AppleWebKit/537.36 (KHTML, like Gecko) Chrome/34.0.1847.116 Safari/537.36', 'apotek', 'Login'),
(57, '2014-04-25 01:31:34', '169.254.143.97', 'Mozilla/5.0 (Windows NT 6.1) AppleWebKit/537.36 (KHTML, like Gecko) Chrome/34.0.1847.116 Safari/537.36', 'apotek', 'Logout'),
(58, '2014-04-25 06:10:27', '::1', 'Mozilla/5.0 (Macintosh; Intel Mac OS X 10_9_2) AppleWebKit/537.36 (KHTML, like Gecko) Chrome/34.0.1847.116 Safari/537.36', 'loket', 'Login'),
(59, '2014-04-25 06:12:37', '::1', 'Mozilla/5.0 (Macintosh; Intel Mac OS X 10_9_2) AppleWebKit/537.36 (KHTML, like Gecko) Chrome/34.0.1847.116 Safari/537.36', 'poliumum', 'Login'),
(60, '2014-04-25 06:14:51', '::1', 'Mozilla/5.0 (Macintosh; Intel Mac OS X 10_9_2) AppleWebKit/537.36 (KHTML, like Gecko) Chrome/34.0.1847.116 Safari/537.36', 'poliumum', 'Logout'),
(61, '2014-04-25 06:14:54', '::1', 'Mozilla/5.0 (Macintosh; Intel Mac OS X 10_9_2) AppleWebKit/537.36 (KHTML, like Gecko) Chrome/34.0.1847.116 Safari/537.36', 'admin', 'Login'),
(62, '2014-04-25 06:15:01', '169.254.143.97', 'Mozilla/5.0 (Windows NT 6.1) AppleWebKit/537.36 (KHTML, like Gecko) Chrome/34.0.1847.116 Safari/537.36', 'poliumum', 'Login');

-- --------------------------------------------------------

--
-- Table structure for table `setting_farmasi`
--

CREATE TABLE `setting_farmasi` (
  `id` int(11) NOT NULL,
  `puskesmas_id` int(11) NOT NULL,
  `obat_poli` int(11) NOT NULL DEFAULT '3' COMMENT '1=Poli, 2=Kasir, 3=Apotek',
  `injeksi_poli` int(11) NOT NULL DEFAULT '1' COMMENT '1=Poli, 2=Kasir, 3=Apotek',
  `obat_ugd` int(11) NOT NULL DEFAULT '4' COMMENT '4=UGD, 3=Apotek',
  `injeksi_ugd` int(11) NOT NULL DEFAULT '4' COMMENT '4=UGD, 3=Apotek',
  `obat_ranap` int(11) NOT NULL DEFAULT '5' COMMENT '5=Ranap, 3=Apotek',
  `injeksi_ranap` int(11) NOT NULL DEFAULT '5' COMMENT '5=Ranap, 3=Apotek',
  `obat_poned` int(11) NOT NULL DEFAULT '6' COMMENT '6=Poned, 3=Apotek',
  `injeksi_poned` int(11) NOT NULL DEFAULT '6' COMMENT '6=Poned, 3=Apotek',
  `status_simpan` int(1) NOT NULL DEFAULT '0'
) ENGINE=InnoDB DEFAULT CHARSET=latin1;

--
-- Dumping data for table `setting_farmasi`
--

INSERT INTO `setting_farmasi` (`id`, `puskesmas_id`, `obat_poli`, `injeksi_poli`, `obat_ugd`, `injeksi_ugd`, `obat_ranap`, `injeksi_ranap`, `obat_poned`, `injeksi_poned`, `status_simpan`) VALUES
(1, 1, 3, 1, 4, 4, 5, 5, 6, 6, 1),
(2, 6, 3, 3, 4, 4, 5, 5, 6, 6, 1),
(3, 8, 3, 1, 4, 4, 5, 5, 6, 6, 0),
(4, 13, 3, 1, 4, 4, 5, 5, 6, 6, 1),
(5, 2, 3, 1, 4, 4, 5, 5, 6, 6, 1),
(6, 4, 3, 1, 4, 4, 5, 5, 6, 6, 0),
(7, 7, 3, 1, 4, 4, 5, 5, 6, 6, 1),
(8, 10, 3, 1, 4, 4, 5, 5, 6, 6, 1),
(9, 12, 3, 1, 4, 4, 5, 5, 6, 6, 1),
(10, 5, 3, 1, 4, 4, 5, 5, 6, 6, 1),
(11, 9, 3, 3, 4, 4, 5, 5, 6, 6, 1),
(12, 3, 3, 1, 4, 4, 5, 5, 6, 6, 0),
(13, 99, 3, 1, 4, 4, 5, 5, 6, 6, 0);

-- --------------------------------------------------------

--
-- Table structure for table `status_dilayani`
--

CREATE TABLE `status_dilayani` (
  `id` int(11) NOT NULL,
  `nama` varchar(30) NOT NULL
) ENGINE=MyISAM DEFAULT CHARSET=latin1;

--
-- Dumping data for table `status_dilayani`
--

INSERT INTO `status_dilayani` (`id`, `nama`) VALUES
(0, 'Belum Dilayani'),
(1, 'Sedang Dilayani'),
(2, 'Sedang Rujuk & Belum Kembali'),
(3, 'Sedang Rawat Inap'),
(9, 'Sudah Dilayani');

-- --------------------------------------------------------

--
-- Table structure for table `stock_opname_obat`
--

CREATE TABLE `stock_opname_obat` (
  `id` int(11) NOT NULL,
  `waktu` datetime NOT NULL,
  `obat_id` int(11) NOT NULL,
  `departemen_id` int(11) NOT NULL,
  `distribusi_obat_tujuan_id` int(11) NOT NULL,
  `puskesmas_id` int(11) NOT NULL,
  `jumlah_masuk` int(11) NOT NULL DEFAULT '0',
  `jumlah_keluar` int(11) NOT NULL DEFAULT '0',
  `user_id` int(11) NOT NULL
) ENGINE=MyISAM DEFAULT CHARSET=latin1;

-- --------------------------------------------------------

--
-- Table structure for table `stok_awal`
--

CREATE TABLE `stok_awal` (
  `id` int(11) NOT NULL,
  `tanggal` date NOT NULL,
  `puskesmas_id` int(11) NOT NULL
) ENGINE=MyISAM DEFAULT CHARSET=latin1;

-- --------------------------------------------------------

--
-- Table structure for table `stok_awal_detail`
--

CREATE TABLE `stok_awal_detail` (
  `id` int(11) NOT NULL,
  `stok_awal_id` int(11) NOT NULL,
  `obat_id` int(11) NOT NULL,
  `jumlah` int(11) NOT NULL
) ENGINE=MyISAM DEFAULT CHARSET=latin1;

-- --------------------------------------------------------

--
-- Table structure for table `supplier`
--

CREATE TABLE `supplier` (
  `id` int(11) NOT NULL,
  `nama` text NOT NULL,
  `alamat` text NOT NULL,
  `telepon` varchar(15) NOT NULL,
  `status` int(1) NOT NULL DEFAULT '1',
  `puskesmas_id` int(10) NOT NULL
) ENGINE=MyISAM DEFAULT CHARSET=latin1;

--
-- Dumping data for table `supplier`
--

INSERT INTO `supplier` (`id`, `nama`, `alamat`, `telepon`, `status`, `puskesmas_id`) VALUES
(1, 'Apotik Hidayat', 'Gresik', '8899877', 1, 0),
(2, 'Apotik Rungkut Farma', 'Gresik', '8899777', 1, 0),
(3, 'Apotik Sunan Drajad', 'Gresik', '6558787', 1, 0);

-- --------------------------------------------------------

--
-- Table structure for table `tindakan`
--

CREATE TABLE `tindakan` (
  `id` int(11) NOT NULL,
  `kode` varchar(6) NOT NULL DEFAULT '',
  `nama` varchar(70) DEFAULT NULL,
  `kategori_id` int(11) DEFAULT NULL,
  `harga_satuan` double DEFAULT NULL,
  `jenis_bayar` int(1) DEFAULT '1' COMMENT '1=Subsidi, 2=Non Subsidi',
  `status` int(1) NOT NULL DEFAULT '1',
  `puskesmas_id` int(11) NOT NULL DEFAULT '1'
) ENGINE=MyISAM DEFAULT CHARSET=utf8;

--
-- Dumping data for table `tindakan`
--

INSERT INTO `tindakan` (`id`, `kode`, `nama`, `kategori_id`, `harga_satuan`, `jenis_bayar`, `status`, `puskesmas_id`) VALUES
(1, 'a1', 'RAWAT LUKA', 1, 15000, 1, 1, 1),
(2, 'a2', 'INJEKSI KB', 1, 15000, 1, 1, 1),
(3, 'a3', 'INJEKSI IV (INTRA VENA)', 1, 15000, 1, 1, 1),
(4, 'a4', 'IVA (INSPEKSI VISUAL ASAM ASETAT)', 1, 15000, 1, 1, 1),
(5, 'a5', 'PELEPASAN INFUS', 1, 15000, 1, 1, 1),
(6, 'a6', 'PELEPASAN KATETER', 1, 15000, 1, 1, 1),
(7, 'a7', 'EKSTRAKSI SERUMEN', 1, 15000, 1, 1, 1),
(8, 'b1', 'TINDIK', 2, 30000, 1, 1, 1),
(9, 'b2', 'INCISI ABSES', 2, 30000, 1, 1, 1),
(10, 'b3', 'PENGANGKATAN CORPUS ALIENUM TELINGA, HIDUNG', 2, 30000, 1, 1, 1),
(11, 'b4', 'PELEPASAN KATETER URIN', 2, 30000, 1, 1, 1),
(12, 'b5', 'PEMASANGAN INFUS', 2, 30000, 1, 1, 1),
(13, 'c1', 'PENJAHITAN / HEACTING LUKA', 3, 50000, 1, 1, 1),
(14, 'c2', 'PASANG KATETER URIN', 3, 50000, 1, 1, 1),
(15, 'c3', 'EKSTERPASI KUKU', 3, 50000, 1, 1, 1),
(16, 'c4', 'PEMASANGAN IMPLAN', 3, 50000, 1, 1, 1),
(17, 'c5', 'PENCABUTAN IMPLAN', 3, 50000, 1, 1, 1),
(18, 'c6', 'PEMASANGAN DAN PENCABUTAN IUD', 3, 50000, 1, 1, 1),
(19, 'c7', 'SIRKUMSISI', 3, 50000, 1, 1, 1),
(20, 'd1', 'PENCABUTAN GIGI PERMANEN DENGAN PENYULIT (FRAKTUR ', 4, 25000, 1, 1, 1),
(21, 'd2', 'PENAMBALAN GIGI PERMANEN', 4, 25000, 1, 1, 1),
(22, 'd3', 'INCISI ABSES GIGI', 4, 25000, 1, 1, 1),
(23, 'd4', 'SCALING PER RAHANG', 4, 25000, 1, 1, 1),
(24, 'e1', 'PELAYANAN RAWAT JALAN', 5, 10000, 1, 1, 1),
(25, 'f1', 'PELAYANAN AKOMODASI RAWAT INAP', 6, 50000, 1, 1, 1),
(26, 'f2', 'VISITE DOKTER UMUM PER PASIEN PER HARI', 6, 10000, 1, 1, 1),
(27, 'g1', 'PELAYANAN GAWAT DARURAT', 7, 20000, 1, 1, 1),
(28, 'h1', 'KONSULTASI DOKTER SPESIALIS', 8, 15000, 1, 1, 1),
(29, 'h2', 'PELAYANAN DOKTER SPESIALIS DI RAWAT JALAN PER PASIEN', 8, 20000, 1, 1, 1),
(30, 'h3', 'PELAYANAN VISITE DOKTER SPESIALIS DI RAWAT INAP PER HARI', 8, 40000, 1, 1, 1),
(31, 'i1', 'PERSALINAN NORMAL (FISIOLOGIS)', 9, 500000, 1, 1, 1),
(32, 'i2', 'PERSALINAN DENGAN PENYULIT (PATOLOGIS)', 9, 650000, 1, 1, 1),
(33, 'j1', 'PELAYANAN CRYO THERAPI', 10, 100000, 1, 1, 1),
(34, 'k1', 'PELAYANAN KUNJUNGAN RUMAH', 11, 30000, 1, 1, 1),
(35, 'l1', 'PELAYANAN PERAWATAN DI RUMAH', 12, 50000, 1, 1, 1),
(36, 'm1', 'PELAYANAN VISUM ET REPERTUM', 13, 50000, 1, 1, 1),
(37, 'n1', 'AMBULAN 10 KM PERTAMA', 14, 100000, 1, 1, 1),
(38, 'n2', 'AMBULAN SETIAP 10 KM BERIKUTNYA', 14, 10000, 1, 1, 1),
(39, 'd5', 'PENAMBALAN GIGI SULUNG', NULL, 0, 1, 1, 1),
(40, 'd6', 'PENCABUTAN GIGI SULUNG', 4, 25000, 1, 1, 1),
(41, 'd7', 'PENAMBALAN SEMENTARA', NULL, 0, 1, 1, 1),
(42, 'o1', 'PEMBERIAN OKSIGEN', NULL, 0, 1, 1, 1),
(43, 'c8', 'TINDAKAN OPERATIF SEDANG', 3, 50000, 1, 1, 1);

-- --------------------------------------------------------

--
-- Table structure for table `tindakan_harga`
--

CREATE TABLE `tindakan_harga` (
  `id` int(11) NOT NULL,
  `tindakan_id` int(11) NOT NULL,
  `jenis_pembayaran_id` int(11) NOT NULL,
  `harga` int(11) NOT NULL
) ENGINE=MyISAM DEFAULT CHARSET=latin1;

--
-- Dumping data for table `tindakan_harga`
--

INSERT INTO `tindakan_harga` (`id`, `tindakan_id`, `jenis_pembayaran_id`, `harga`) VALUES
(1, 1, 1, 15000),
(2, 1, 2, 0),
(3, 2, 3, 0),
(4, 1, 3, 0),
(5, 1, 4, 0),
(6, 2, 1, 15000),
(7, 2, 2, 0),
(8, 2, 4, 0),
(9, 1, 5, 0),
(10, 2, 5, 0),
(11, 3, 5, 0),
(12, 3, 3, 0),
(13, 3, 2, 0),
(14, 3, 4, 0),
(15, 3, 1, 10000),
(16, 4, 1, 15000),
(17, 4, 2, 0),
(18, 4, 3, 0),
(19, 4, 4, 0),
(20, 4, 5, 0),
(21, 5, 1, 15000),
(22, 5, 2, 0),
(23, 5, 3, 0),
(24, 5, 4, 0),
(25, 5, 5, 0),
(26, 1, 6, 0),
(27, 2, 6, 0),
(28, 4, 6, 0),
(29, 5, 6, 0),
(30, 6, 1, 15000),
(31, 7, 1, 15000),
(32, 8, 1, 30000),
(33, 9, 1, 30000),
(34, 10, 1, 30000),
(35, 11, 1, 30000),
(36, 12, 1, 30000),
(37, 13, 1, 50000),
(38, 14, 1, 50000),
(39, 15, 1, 50000),
(40, 16, 1, 50000),
(41, 17, 1, 50000),
(42, 18, 1, 50000),
(43, 19, 1, 50000),
(44, 20, 1, 25000),
(45, 21, 1, 25000),
(46, 22, 1, 25000),
(47, 23, 1, 25000),
(48, 24, 1, 0),
(49, 25, 1, 50000),
(50, 26, 1, 10000),
(51, 27, 1, 20000),
(52, 28, 1, 15000),
(53, 29, 1, 20000),
(54, 30, 1, 40000),
(55, 31, 1, 500000),
(56, 32, 1, 650000),
(57, 33, 1, 100000),
(58, 34, 1, 30000),
(59, 35, 1, 50000),
(60, 36, 1, 50000),
(61, 37, 1, 100000),
(62, 38, 1, 10000),
(63, 37, 5, 100000),
(64, 6, 4, 0),
(65, 6, 3, 0),
(66, 6, 5, 0),
(67, 7, 3, 0),
(68, 7, 4, 0),
(69, 7, 5, 0),
(70, 8, 5, 0),
(71, 8, 3, 0),
(72, 8, 4, 0),
(73, 9, 5, 0),
(74, 9, 4, 0),
(75, 9, 3, 0),
(76, 9, 2, 0),
(77, 10, 3, 0),
(78, 10, 4, 0),
(79, 10, 5, 0),
(80, 11, 3, 0),
(81, 11, 4, 0),
(82, 11, 5, 0),
(83, 12, 3, 0),
(84, 12, 4, 0),
(85, 12, 5, 0),
(86, 14, 4, 0),
(87, 13, 3, 0),
(88, 13, 4, 0),
(89, 13, 5, 0),
(90, 14, 3, 0),
(91, 14, 5, 0),
(92, 15, 5, 0),
(93, 15, 4, 0),
(94, 15, 3, 0),
(95, 16, 3, 0),
(96, 16, 4, 0),
(97, 16, 5, 0),
(98, 17, 4, 0),
(99, 17, 5, 0),
(100, 17, 3, 0),
(101, 18, 5, 0),
(102, 18, 4, 0),
(103, 19, 3, 0),
(104, 19, 4, 0),
(105, 19, 5, 0),
(106, 20, 5, 0),
(107, 20, 4, 0),
(108, 18, 3, 0),
(109, 20, 3, 0),
(110, 21, 3, 0),
(111, 21, 4, 0),
(112, 21, 5, 0),
(113, 22, 3, 25000),
(114, 22, 5, 25000),
(115, 22, 4, 25000),
(116, 23, 3, 25000),
(117, 23, 4, 25000),
(118, 23, 5, 25000),
(119, 24, 3, 0),
(120, 24, 4, 0),
(121, 24, 5, 0),
(122, 25, 3, 0),
(123, 25, 4, 0),
(124, 26, 3, 0),
(125, 26, 4, 0),
(126, 25, 5, 0),
(127, 26, 5, 0),
(128, 27, 3, 0),
(129, 27, 4, 0),
(130, 27, 5, 0),
(131, 29, 3, 20000),
(132, 29, 4, 20000),
(133, 29, 5, 20000),
(134, 28, 3, 15000),
(135, 28, 4, 15000),
(136, 28, 5, 15000),
(137, 30, 3, 40000),
(138, 30, 4, 40000),
(139, 30, 6, 0),
(140, 30, 5, 40000),
(141, 31, 3, 500000),
(142, 31, 4, 500000),
(143, 31, 5, 500000),
(144, 32, 4, 650000),
(145, 32, 5, 650000),
(146, 32, 3, 650000),
(147, 33, 3, 100000),
(148, 33, 4, 100000),
(149, 33, 5, 100000),
(150, 34, 3, 30000),
(151, 34, 4, 30000),
(152, 34, 5, 30000),
(153, 35, 3, 50000),
(154, 35, 4, 50000),
(155, 35, 5, 50000),
(156, 36, 3, 50000),
(157, 36, 4, 50000),
(158, 36, 5, 50000),
(159, 37, 3, 100000),
(160, 37, 4, 100000),
(161, 38, 5, 10000),
(162, 38, 4, 10000),
(163, 38, 3, 10000),
(164, 35, 6, 0),
(165, 24, 6, 0),
(166, 31, 2, 0),
(167, 8, 2, 0),
(168, 7, 2, 0),
(169, 39, 1, 0),
(170, 40, 1, 25000),
(171, 24, 2, 0),
(172, 25, 6, 0),
(173, 38, 8, 0),
(174, 42, 1, 0),
(175, 43, 1, 50000);

-- --------------------------------------------------------

--
-- Table structure for table `tindakan_kategori`
--

CREATE TABLE `tindakan_kategori` (
  `id` int(11) NOT NULL,
  `nama` varchar(30) NOT NULL
) ENGINE=MyISAM DEFAULT CHARSET=latin1;

--
-- Dumping data for table `tindakan_kategori`
--

INSERT INTO `tindakan_kategori` (`id`, `nama`) VALUES
(1, 'Tindakan Medik Non-Operatif'),
(2, 'Tindakan Medik Operatif'),
(3, 'Tindakan Medik Operatif Sedang'),
(4, 'Tindakan Medik Gigi & Mulut'),
(5, 'Pelayanan Rawat Jalan'),
(6, 'Pelayanan Rawat lnap'),
(7, 'Pelayanan Gawat Darurat'),
(8, 'Pelayanan Spesialis'),
(9, 'Pelayanan Persalinan'),
(10, 'Pelayanan Cryo Therapi'),
(11, 'Pelayanan Kunjungan Rumah'),
(12, 'Pelayanan Perawatan di Rumah'),
(13, 'Pelayanan Visum et Repertum'),
(14, 'Pelayanan Mobil Ambulan');

-- --------------------------------------------------------

--
-- Table structure for table `transaksi_antrian`
--

CREATE TABLE `transaksi_antrian` (
  `id` int(10) NOT NULL,
  `poli_asal` int(2) NOT NULL,
  `poli_tujuan` int(2) NOT NULL,
  `waktu` datetime NOT NULL,
  `pasien_id` int(11) NOT NULL,
  `kunjungan_id` int(10) NOT NULL,
  `status_dilayani` tinyint(1) NOT NULL DEFAULT '0' COMMENT '0 - belum, 1 - proses, 2 - rujuk & belum kembali, 9 = selesai',
  `nomor_antrian` int(11) NOT NULL,
  `medical_record_id` int(10) DEFAULT NULL,
  `data` varchar(30) DEFAULT NULL,
  `status` int(1) DEFAULT '1',
  `user_id` int(10) DEFAULT NULL,
  `departemen_id` int(10) DEFAULT NULL,
  `puskesmas_id` int(10) DEFAULT NULL
) ENGINE=InnoDB DEFAULT CHARSET=latin1;

-- --------------------------------------------------------

--
-- Table structure for table `transaksi_diagnosa`
--

CREATE TABLE `transaksi_diagnosa` (
  `id` int(10) NOT NULL,
  `penyakit_id` int(11) NOT NULL,
  `jenis_kasus` varchar(1) NOT NULL COMMENT 'L = lama, B = Baru',
  `is_dirujuk` int(1) NOT NULL DEFAULT '0' COMMENT '0 = tidak, 1 = dirujuk',
  `waktu` timestamp NOT NULL DEFAULT CURRENT_TIMESTAMP ON UPDATE CURRENT_TIMESTAMP,
  `medical_record_id` int(10) NOT NULL,
  `user_id` int(11) DEFAULT NULL,
  `departemen_id` int(11) DEFAULT NULL,
  `puskesmas_id` int(10) NOT NULL
) ENGINE=InnoDB DEFAULT CHARSET=latin1;

-- --------------------------------------------------------

--
-- Table structure for table `transaksi_kehamilan`
--

CREATE TABLE `transaksi_kehamilan` (
  `id` int(11) NOT NULL,
  `waktu` datetime NOT NULL,
  `hamil_ke` int(3) NOT NULL,
  `hpht` date DEFAULT NULL COMMENT 'hari pertama haid terakhir',
  `htp` date DEFAULT NULL COMMENT 'hari taksiran persalinan',
  `lingkar_lengan_atas` varchar(3) DEFAULT NULL,
  `tinggi_badan` varchar(3) DEFAULT NULL,
  `kontrasepsi_sebelum` text,
  `riwayat_penyakit` text,
  `riwayat_alergi` text,
  `jml_persalinan` int(3) DEFAULT NULL,
  `jml_keguguran` int(3) DEFAULT NULL,
  `jml_anak_hidup` int(3) DEFAULT NULL,
  `jml_lahir_mati` int(3) DEFAULT NULL,
  `jml_anak_prematur` int(3) DEFAULT NULL,
  `jarak_dgn_persalinan_terakhir` int(3) DEFAULT NULL,
  `penolong_persalinan_terakhir` varchar(50) DEFAULT NULL,
  `cara_persalinan_terakhir` varchar(50) DEFAULT NULL,
  `pasien_id` int(11) NOT NULL,
  `puskesmas_id` int(11) NOT NULL
) ENGINE=InnoDB DEFAULT CHARSET=latin1;

-- --------------------------------------------------------

--
-- Table structure for table `transaksi_kunjungan`
--

CREATE TABLE `transaksi_kunjungan` (
  `id` int(10) NOT NULL,
  `pasien_id` int(11) NOT NULL,
  `perujuk_id` int(2) NOT NULL,
  `poli_tujuan` int(2) NOT NULL,
  `jenis_pembayaran_id` int(2) NOT NULL,
  `keperluan_id` int(2) NOT NULL,
  `waktu` timestamp NOT NULL DEFAULT '0000-00-00 00:00:00' ON UPDATE CURRENT_TIMESTAMP,
  `jenis_kunjungan` char(1) NOT NULL DEFAULT 'B' COMMENT 'B = baru, L = lama',
  `no_antrian` int(8) NOT NULL,
  `kode_asuransi` varchar(30) DEFAULT NULL,
  `no_ktp` varchar(30) DEFAULT NULL,
  `status` int(1) NOT NULL DEFAULT '1',
  `departemen_id` int(10) DEFAULT NULL,
  `user_id` int(10) DEFAULT NULL,
  `puskesmas_id` int(10) NOT NULL,
  `rujukan_rs` varchar(50) DEFAULT NULL,
  `rujukan_rs_poli` varchar(50) DEFAULT NULL,
  `diagnosa_array` varchar(100) DEFAULT NULL,
  `obat_array` varchar(100) DEFAULT NULL,
  `injeksi_array` varchar(100) DEFAULT NULL,
  `tindakan_array` varchar(100) DEFAULT NULL,
  `laborat_array` varchar(100) DEFAULT NULL,
  `poli_array` varchar(100) DEFAULT NULL,
  `medical_record_array` varchar(100) DEFAULT NULL,
  `dokter_array` varchar(100) DEFAULT NULL
) ENGINE=InnoDB DEFAULT CHARSET=latin1;

-- --------------------------------------------------------

--
-- Table structure for table `transaksi_laborat`
--

CREATE TABLE `transaksi_laborat` (
  `id` int(10) NOT NULL,
  `laborat_id` int(11) NOT NULL,
  `waktu` timestamp NOT NULL DEFAULT CURRENT_TIMESTAMP ON UPDATE CURRENT_TIMESTAMP,
  `jenis` int(1) NOT NULL DEFAULT '1' COMMENT '1 = master, 2 = detail',
  `hasil` text,
  `nilai_normal` text,
  `total_harga` decimal(15,2) NOT NULL DEFAULT '0.00',
  `status_dilayani` int(1) NOT NULL DEFAULT '0' COMMENT '0 = belum, 1 = sudah',
  `medical_record_id` int(10) NOT NULL,
  `status_pembayaran` int(1) NOT NULL DEFAULT '0',
  `status` int(1) NOT NULL DEFAULT '1',
  `user_id` int(10) NOT NULL,
  `departemen_id` int(10) NOT NULL,
  `puskesmas_id` int(10) NOT NULL
) ENGINE=InnoDB DEFAULT CHARSET=latin1;

-- --------------------------------------------------------

--
-- Table structure for table `transaksi_luar_gedung`
--

CREATE TABLE `transaksi_luar_gedung` (
  `id` int(11) NOT NULL,
  `pasien_id` int(11) NOT NULL,
  `status_dilayani` int(11) NOT NULL,
  `poli_id` int(11) NOT NULL,
  `puskesmas_id` int(11) NOT NULL
) ENGINE=InnoDB DEFAULT CHARSET=latin1;

-- --------------------------------------------------------

--
-- Table structure for table `transaksi_medical_record`
--

CREATE TABLE `transaksi_medical_record` (
  `id` int(10) NOT NULL,
  `waktu_periksa` timestamp NULL DEFAULT NULL ON UPDATE CURRENT_TIMESTAMP,
  `keluhan_utama` text,
  `berat_badan` varchar(5) DEFAULT NULL,
  `tinggi_badan` int(5) DEFAULT NULL,
  `tekanan_darah` varchar(7) DEFAULT NULL,
  `denyut_nadi` varchar(10) DEFAULT NULL,
  `pernafasan` int(5) DEFAULT NULL,
  `suhu_tubuh` decimal(5,2) DEFAULT NULL,
  `hasil_pemeriksaan` text,
  `catatan_obat` varchar(100) DEFAULT NULL,
  `kriteria_penyakit_id` int(10) NOT NULL,
  `keadaan_akhir_id` int(10) NOT NULL,
  `rujuk_tujuan` varchar(50) DEFAULT NULL,
  `keterangan` varchar(200) DEFAULT NULL,
  `jenis_rawat` int(1) DEFAULT '1' COMMENT '1 = rawat jalan, 2 = rawat inap, 3 = ugd',
  `rawat_inap_jumlah_hari` int(5) DEFAULT '0',
  `waktu_keluar_inap` datetime DEFAULT NULL,
  `pasien_id` int(11) NOT NULL,
  `kunjungan_id` int(10) NOT NULL,
  `dokter_id` int(10) NOT NULL DEFAULT '0',
  `user_id` int(11) DEFAULT NULL,
  `departemen_id` int(11) DEFAULT NULL,
  `puskesmas_id` int(10) NOT NULL
) ENGINE=InnoDB DEFAULT CHARSET=latin1;

-- --------------------------------------------------------

--
-- Table structure for table `transaksi_obat_injeksi`
--

CREATE TABLE `transaksi_obat_injeksi` (
  `id` int(10) NOT NULL,
  `obat_id` int(11) NOT NULL,
  `volume` int(6) NOT NULL,
  `harga_satuan` decimal(15,2) NOT NULL,
  `total_harga` decimal(15,2) NOT NULL,
  `waktu` timestamp NOT NULL DEFAULT CURRENT_TIMESTAMP ON UPDATE CURRENT_TIMESTAMP,
  `medical_record_id` int(10) NOT NULL,
  `status_pembayaran` int(1) NOT NULL DEFAULT '0',
  `status_dilayani` int(1) NOT NULL DEFAULT '0',
  `status` int(1) NOT NULL DEFAULT '1',
  `user_id` int(10) NOT NULL,
  `departemen_id` int(10) NOT NULL,
  `puskesmas_id` int(10) NOT NULL
) ENGINE=InnoDB DEFAULT CHARSET=latin1;

-- --------------------------------------------------------

--
-- Table structure for table `transaksi_obat_non_injeksi`
--

CREATE TABLE `transaksi_obat_non_injeksi` (
  `id` int(10) NOT NULL,
  `obat_id` int(11) NOT NULL,
  `dosis` varchar(10) NOT NULL,
  `jumlah` int(5) NOT NULL,
  `harga_satuan` decimal(15,2) NOT NULL,
  `total_harga` decimal(15,2) NOT NULL,
  `waktu` timestamp NOT NULL DEFAULT CURRENT_TIMESTAMP ON UPDATE CURRENT_TIMESTAMP,
  `medical_record_id` int(10) NOT NULL,
  `status_pembayaran` int(1) NOT NULL DEFAULT '0',
  `status_dilayani` int(1) NOT NULL DEFAULT '0',
  `status` int(1) NOT NULL DEFAULT '1',
  `user_id` int(10) NOT NULL,
  `departemen_id` int(10) NOT NULL,
  `puskesmas_id` int(10) NOT NULL
) ENGINE=InnoDB DEFAULT CHARSET=latin1;

-- --------------------------------------------------------

--
-- Table structure for table `transaksi_pemeriksaan_kehamilan`
--

CREATE TABLE `transaksi_pemeriksaan_kehamilan` (
  `id` int(11) NOT NULL,
  `waktu` datetime NOT NULL,
  `keluhan` text,
  `tekanan_darah` varchar(7) DEFAULT NULL,
  `berat_badan` varchar(3) DEFAULT NULL,
  `umur_kehamilan` varchar(3) DEFAULT NULL,
  `tinggi_fundus` varchar(3) DEFAULT NULL,
  `letak_janin` varchar(10) DEFAULT NULL COMMENT 'kep, su, li',
  `denyut_jantung_janin` int(3) DEFAULT NULL,
  `kaki_bengkak` int(1) DEFAULT NULL COMMENT '0 = Tidak, 1 = Ya',
  `nasehat` text,
  `waktu_kembali` date DEFAULT NULL,
  `kehamilan_id` int(11) NOT NULL,
  `pasien_id` int(11) NOT NULL,
  `kunjungan_id` int(11) NOT NULL,
  `medical_record_id` int(11) NOT NULL,
  `user_id` int(11) NOT NULL,
  `departemen_id` int(11) NOT NULL,
  `puskesmas_id` int(11) NOT NULL
) ENGINE=InnoDB DEFAULT CHARSET=latin1;

-- --------------------------------------------------------

--
-- Table structure for table `transaksi_penjualan`
--

CREATE TABLE `transaksi_penjualan` (
  `id` int(10) NOT NULL,
  `waktu` timestamp NOT NULL DEFAULT '0000-00-00 00:00:00' ON UPDATE CURRENT_TIMESTAMP,
  `pasien_id` int(10) NOT NULL,
  `kunjungan_id` int(10) NOT NULL,
  `status_pembayaran` int(1) NOT NULL,
  `jenis_pembayaran_id` int(2) NOT NULL,
  `total` int(10) NOT NULL DEFAULT '0',
  `bayar` int(10) NOT NULL DEFAULT '0',
  `diskon` int(10) NOT NULL DEFAULT '0',
  `status` int(1) NOT NULL DEFAULT '1',
  `puskesmas_id` int(10) NOT NULL
) ENGINE=InnoDB DEFAULT CHARSET=latin1;

-- --------------------------------------------------------

--
-- Table structure for table `transaksi_penjualan_detail`
--

CREATE TABLE `transaksi_penjualan_detail` (
  `id` int(10) NOT NULL,
  `penjualan_id` int(10) NOT NULL,
  `jenis` int(1) NOT NULL COMMENT '1 = obat, 2 = injeksi, 3 = tindakan, 4 = laborat',
  `barang_id` char(15) NOT NULL,
  `jumlah` int(10) NOT NULL,
  `harga` int(15) NOT NULL,
  `sub_total` int(15) NOT NULL,
  `puskesmas_id` int(10) NOT NULL
) ENGINE=InnoDB DEFAULT CHARSET=latin1;

-- --------------------------------------------------------

--
-- Table structure for table `transaksi_poned`
--

CREATE TABLE `transaksi_poned` (
  `id` int(10) NOT NULL,
  `waktu_periksa` timestamp NULL DEFAULT NULL ON UPDATE CURRENT_TIMESTAMP,
  `keluhan_utama` varchar(255) DEFAULT NULL,
  `berat_badan` int(5) DEFAULT NULL,
  `tinggi_badan` int(5) DEFAULT NULL,
  `tekanan_darah` varchar(7) DEFAULT NULL,
  `denyut_nadi` varchar(10) DEFAULT NULL,
  `pernafasan` int(5) DEFAULT NULL,
  `suhu_tubuh` decimal(5,2) DEFAULT NULL,
  `keterangan` varchar(200) DEFAULT NULL,
  `pasien_id` int(11) NOT NULL,
  `medical_record_id` int(10) NOT NULL,
  `user_id` int(11) NOT NULL,
  `departemen_id` int(11) NOT NULL,
  `puskesmas_id` int(10) NOT NULL
) ENGINE=InnoDB DEFAULT CHARSET=latin1;

-- --------------------------------------------------------

--
-- Table structure for table `transaksi_rawat_inap`
--

CREATE TABLE `transaksi_rawat_inap` (
  `id` int(10) NOT NULL,
  `waktu_periksa` timestamp NULL DEFAULT NULL ON UPDATE CURRENT_TIMESTAMP,
  `keluhan_utama` varchar(255) DEFAULT NULL,
  `berat_badan` int(5) DEFAULT NULL,
  `tinggi_badan` int(5) DEFAULT NULL,
  `tekanan_darah` varchar(7) DEFAULT NULL,
  `denyut_nadi` varchar(10) DEFAULT NULL,
  `pernafasan` int(5) DEFAULT NULL,
  `suhu_tubuh` decimal(5,2) DEFAULT NULL,
  `keterangan` varchar(200) DEFAULT NULL,
  `pasien_id` int(11) NOT NULL,
  `medical_record_id` int(10) NOT NULL,
  `user_id` int(11) NOT NULL,
  `departemen_id` int(11) NOT NULL,
  `puskesmas_id` int(10) NOT NULL
) ENGINE=InnoDB DEFAULT CHARSET=latin1;

-- --------------------------------------------------------

--
-- Table structure for table `transaksi_tindakan`
--

CREATE TABLE `transaksi_tindakan` (
  `id` int(10) NOT NULL,
  `tindakan_id` int(11) NOT NULL,
  `waktu` timestamp NOT NULL DEFAULT CURRENT_TIMESTAMP ON UPDATE CURRENT_TIMESTAMP,
  `harga_satuan` int(10) NOT NULL,
  `jumlah` int(10) NOT NULL,
  `total_harga` int(11) NOT NULL,
  `medical_record_id` int(10) NOT NULL,
  `status_pembayaran` int(1) NOT NULL DEFAULT '0' COMMENT '0 = belum lunas, 1 = lunas',
  `status` int(1) NOT NULL DEFAULT '1',
  `user_id` int(10) NOT NULL,
  `departemen_id` int(10) NOT NULL,
  `puskesmas_id` int(10) NOT NULL
) ENGINE=InnoDB DEFAULT CHARSET=latin1;

-- --------------------------------------------------------

--
-- Table structure for table `transaksi_ugd`
--

CREATE TABLE `transaksi_ugd` (
  `id` int(10) NOT NULL,
  `waktu_periksa` timestamp NULL DEFAULT NULL ON UPDATE CURRENT_TIMESTAMP,
  `keluhan_utama` varchar(255) DEFAULT NULL,
  `berat_badan` int(5) DEFAULT NULL,
  `tinggi_badan` int(5) DEFAULT NULL,
  `tekanan_darah` varchar(7) DEFAULT NULL,
  `denyut_nadi` varchar(10) DEFAULT NULL,
  `pernafasan` int(5) DEFAULT NULL,
  `suhu_tubuh` decimal(5,2) DEFAULT NULL,
  `keterangan` varchar(200) DEFAULT NULL,
  `pasien_id` int(11) NOT NULL,
  `medical_record_id` int(10) NOT NULL,
  `user_id` int(11) NOT NULL,
  `departemen_id` int(11) NOT NULL,
  `puskesmas_id` int(10) NOT NULL
) ENGINE=InnoDB DEFAULT CHARSET=latin1;

-- --------------------------------------------------------

--
-- Table structure for table `user`
--

CREATE TABLE `user` (
  `id` int(11) NOT NULL,
  `username` varchar(50) NOT NULL,
  `password` varchar(50) NOT NULL,
  `name` varchar(50) NOT NULL,
  `role_id` int(11) NOT NULL,
  `photo_url` varchar(255) DEFAULT NULL,
  `last_login` datetime DEFAULT NULL,
  `last_logout` datetime DEFAULT NULL
) ENGINE=InnoDB DEFAULT CHARSET=latin1;

--
-- Dumping data for table `user`
--

INSERT INTO `user` (`id`, `username`, `password`, `name`, `role_id`, `photo_url`, `last_login`, `last_logout`) VALUES
(1, 'admin', '21232f297a57a5a743894a0e4a801fc3', 'Administrator', 1, 'default.png', '2016-10-17 16:17:30', '2016-02-25 12:45:17'),
(2, 'user', 'ee11cbb19052e40b07aac0ca060c23ee', 'Regular User', 3, 'default.png', NULL, NULL);

-- --------------------------------------------------------

--
-- Table structure for table `user_log`
--

CREATE TABLE `user_log` (
  `id` int(11) NOT NULL,
  `waktu` datetime NOT NULL,
  `user_id` int(10) NOT NULL,
  `puskesmas_id` int(10) NOT NULL,
  `user_level_id` int(10) NOT NULL,
  `path` char(255) NOT NULL,
  `data` text NOT NULL,
  `is_ajax` int(1) NOT NULL DEFAULT '0'
) ENGINE=MyISAM DEFAULT CHARSET=latin1;

-- --------------------------------------------------------

--
-- Table structure for table `wilayah_desa`
--

CREATE TABLE `wilayah_desa` (
  `id` bigint(20) NOT NULL,
  `propinsi_id` int(2) NOT NULL,
  `kabupaten_id` int(2) NOT NULL,
  `kecamatan_id` int(2) NOT NULL,
  `desa_id` int(2) NOT NULL,
  `kodepos` varchar(6) NOT NULL,
  `kode` varchar(20) NOT NULL,
  `nama` char(50) NOT NULL
) ENGINE=MyISAM DEFAULT CHARSET=latin1;

-- --------------------------------------------------------

--
-- Table structure for table `wilayah_kabupaten`
--

CREATE TABLE `wilayah_kabupaten` (
  `id` int(2) NOT NULL,
  `propinsi_id` int(11) NOT NULL,
  `nama` varchar(50) NOT NULL,
  `keterangan` varchar(45) NOT NULL
) ENGINE=MyISAM DEFAULT CHARSET=latin1;

-- --------------------------------------------------------

--
-- Table structure for table `wilayah_kecamatan`
--

CREATE TABLE `wilayah_kecamatan` (
  `id` int(11) NOT NULL,
  `propinsi_id` int(2) NOT NULL,
  `kabupaten_id` int(2) NOT NULL,
  `kecamatan_id` int(2) NOT NULL,
  `nama` varchar(45) NOT NULL
) ENGINE=MyISAM DEFAULT CHARSET=latin1;

-- --------------------------------------------------------

--
-- Table structure for table `wilayah_propinsi`
--

CREATE TABLE `wilayah_propinsi` (
  `id` int(11) NOT NULL,
  `nama` varchar(40) NOT NULL
) ENGINE=MyISAM DEFAULT CHARSET=latin1;

--
-- Dumping data for table `wilayah_propinsi`
--

INSERT INTO `wilayah_propinsi` (`id`, `nama`) VALUES
(35, 'Jawa Timur');

--
-- Indexes for dumped tables
--

--
-- Indexes for table `action`
--
ALTER TABLE `action`
  ADD PRIMARY KEY (`id`);

--
-- Indexes for table `agama`
--
ALTER TABLE `agama`
  ADD PRIMARY KEY (`id`);

--
-- Indexes for table `data_dasar`
--
ALTER TABLE `data_dasar`
  ADD PRIMARY KEY (`id`);

--
-- Indexes for table `data_gigi`
--
ALTER TABLE `data_gigi`
  ADD PRIMARY KEY (`id`);

--
-- Indexes for table `data_gizi`
--
ALTER TABLE `data_gizi`
  ADD PRIMARY KEY (`id`);

--
-- Indexes for table `data_imunisasi`
--
ALTER TABLE `data_imunisasi`
  ADD PRIMARY KEY (`id`);

--
-- Indexes for table `data_kb`
--
ALTER TABLE `data_kb`
  ADD PRIMARY KEY (`id`);

--
-- Indexes for table `data_keg_puskesmas`
--
ALTER TABLE `data_keg_puskesmas`
  ADD PRIMARY KEY (`id`);

--
-- Indexes for table `data_kematian_bayi`
--
ALTER TABLE `data_kematian_bayi`
  ADD PRIMARY KEY (`id`);

--
-- Indexes for table `data_kematian_ibu`
--
ALTER TABLE `data_kematian_ibu`
  ADD PRIMARY KEY (`id`);

--
-- Indexes for table `data_kesling`
--
ALTER TABLE `data_kesling`
  ADD PRIMARY KEY (`id`);

--
-- Indexes for table `data_kia`
--
ALTER TABLE `data_kia`
  ADD PRIMARY KEY (`id`);

--
-- Indexes for table `data_promkes`
--
ALTER TABLE `data_promkes`
  ADD PRIMARY KEY (`id`);

--
-- Indexes for table `data_uks`
--
ALTER TABLE `data_uks`
  ADD PRIMARY KEY (`id`);

--
-- Indexes for table `departemen`
--
ALTER TABLE `departemen`
  ADD PRIMARY KEY (`id`);

--
-- Indexes for table `departemen_jenis`
--
ALTER TABLE `departemen_jenis`
  ADD PRIMARY KEY (`id`);

--
-- Indexes for table `detail_gigi`
--
ALTER TABLE `detail_gigi`
  ADD PRIMARY KEY (`id`);

--
-- Indexes for table `distribusi_obat`
--
ALTER TABLE `distribusi_obat`
  ADD PRIMARY KEY (`id`);

--
-- Indexes for table `distribusi_obat_detail`
--
ALTER TABLE `distribusi_obat_detail`
  ADD PRIMARY KEY (`id`);

--
-- Indexes for table `distribusi_obat_tujuan`
--
ALTER TABLE `distribusi_obat_tujuan`
  ADD PRIMARY KEY (`id`);

--
-- Indexes for table `dokter_penanggung_jawab`
--
ALTER TABLE `dokter_penanggung_jawab`
  ADD PRIMARY KEY (`id`);

--
-- Indexes for table `error_log`
--
ALTER TABLE `error_log`
  ADD PRIMARY KEY (`id`);

--
-- Indexes for table `execution_time_log`
--
ALTER TABLE `execution_time_log`
  ADD PRIMARY KEY (`id`);

--
-- Indexes for table `hak_akses`
--
ALTER TABLE `hak_akses`
  ADD PRIMARY KEY (`id`),
  ADD KEY `user_level_id` (`user_level_id`),
  ADD KEY `module_id` (`module_id`);

--
-- Indexes for table `hasil_laborat`
--
ALTER TABLE `hasil_laborat`
  ADD PRIMARY KEY (`id`);

--
-- Indexes for table `jenis_pegawai`
--
ALTER TABLE `jenis_pegawai`
  ADD PRIMARY KEY (`id`);

--
-- Indexes for table `jenis_pembayaran`
--
ALTER TABLE `jenis_pembayaran`
  ADD PRIMARY KEY (`id`);

--
-- Indexes for table `jenis_pembayaran_kategori`
--
ALTER TABLE `jenis_pembayaran_kategori`
  ADD PRIMARY KEY (`id`);

--
-- Indexes for table `kartu_stok`
--
ALTER TABLE `kartu_stok`
  ADD PRIMARY KEY (`id`),
  ADD KEY `departemen_id_tujuan_id_obat_id` (`departemen_id`,`tujuan_id`,`obat_id`),
  ADD KEY `departemen_id_obat_id` (`departemen_id`,`obat_id`),
  ADD KEY `id` (`id`),
  ADD KEY `departemen_id_tujuan_id_obat_id_tanggal` (`departemen_id`,`tujuan_id`,`obat_id`,`tanggal`);

--
-- Indexes for table `kasir`
--
ALTER TABLE `kasir`
  ADD PRIMARY KEY (`id`);

--
-- Indexes for table `kategori_penyakit`
--
ALTER TABLE `kategori_penyakit`
  ADD PRIMARY KEY (`id`);

--
-- Indexes for table `keadaan_akhir`
--
ALTER TABLE `keadaan_akhir`
  ADD PRIMARY KEY (`id`);

--
-- Indexes for table `keperluan`
--
ALTER TABLE `keperluan`
  ADD PRIMARY KEY (`id`);

--
-- Indexes for table `kriteria_penyakit`
--
ALTER TABLE `kriteria_penyakit`
  ADD PRIMARY KEY (`id`);

--
-- Indexes for table `laborat`
--
ALTER TABLE `laborat`
  ADD PRIMARY KEY (`id`);

--
-- Indexes for table `laborat_harga`
--
ALTER TABLE `laborat_harga`
  ADD PRIMARY KEY (`id`);

--
-- Indexes for table `laborat_kategori`
--
ALTER TABLE `laborat_kategori`
  ADD PRIMARY KEY (`id`);

--
-- Indexes for table `lb1_jenis_laporan`
--
ALTER TABLE `lb1_jenis_laporan`
  ADD PRIMARY KEY (`id`);

--
-- Indexes for table `lb1_jenis_laporan_detail`
--
ALTER TABLE `lb1_jenis_laporan_detail`
  ADD PRIMARY KEY (`id`);

--
-- Indexes for table `log_brute_force`
--
ALTER TABLE `log_brute_force`
  ADD PRIMARY KEY (`id`);

--
-- Indexes for table `log_ip_blacklist`
--
ALTER TABLE `log_ip_blacklist`
  ADD PRIMARY KEY (`id`);

--
-- Indexes for table `menu`
--
ALTER TABLE `menu`
  ADD PRIMARY KEY (`id`),
  ADD KEY `parent_id` (`parent_id`);

--
-- Indexes for table `module`
--
ALTER TABLE `module`
  ADD PRIMARY KEY (`id`);

--
-- Indexes for table `obat`
--
ALTER TABLE `obat`
  ADD PRIMARY KEY (`id`),
  ADD KEY `nama_jenis_status` (`nama`,`jenis`,`status`);

--
-- Indexes for table `obat_departemen`
--
ALTER TABLE `obat_departemen`
  ADD PRIMARY KEY (`id`);

--
-- Indexes for table `obat_jenis`
--
ALTER TABLE `obat_jenis`
  ADD PRIMARY KEY (`id`);

--
-- Indexes for table `obat_lama`
--
ALTER TABLE `obat_lama`
  ADD PRIMARY KEY (`id`),
  ADD KEY `nama_jenis_status` (`nama`,`jenis`,`status`);

--
-- Indexes for table `obat_lplpo_harian`
--
ALTER TABLE `obat_lplpo_harian`
  ADD PRIMARY KEY (`id`),
  ADD KEY `puskesmas_id_obat_id_tahun_bulan` (`puskesmas_id`,`obat_id`,`tahun`,`bulan`);

--
-- Indexes for table `obat_lplpo_unit`
--
ALTER TABLE `obat_lplpo_unit`
  ADD PRIMARY KEY (`id`),
  ADD KEY `departemen_id_tujuan_id_obat_id_tahun_bulan` (`departemen_id`,`tujuan_id`,`obat_id`,`tahun`,`bulan`),
  ADD KEY `departemen_id_tujuan_id_obat_id` (`departemen_id`,`tujuan_id`,`obat_id`);

--
-- Indexes for table `obat_puskesmas`
--
ALTER TABLE `obat_puskesmas`
  ADD PRIMARY KEY (`id`),
  ADD KEY `id_obat_id_puskesmas_id` (`id`,`obat_id`,`puskesmas_id`);

--
-- Indexes for table `obat_rusak`
--
ALTER TABLE `obat_rusak`
  ADD PRIMARY KEY (`id`);

--
-- Indexes for table `obat_rusak_detail`
--
ALTER TABLE `obat_rusak_detail`
  ADD PRIMARY KEY (`id`);

--
-- Indexes for table `obat_satuan`
--
ALTER TABLE `obat_satuan`
  ADD PRIMARY KEY (`id`);

--
-- Indexes for table `obat_stok_history`
--
ALTER TABLE `obat_stok_history`
  ADD PRIMARY KEY (`id`);

--
-- Indexes for table `pasien`
--
ALTER TABLE `pasien`
  ADD PRIMARY KEY (`id`),
  ADD UNIQUE KEY `id` (`id`),
  ADD KEY `indeks_pasian` (`kode`,`status`,`id`,`puskesmas_id`,`nama`,`nama_kepala_keluarga`,`kode_folder_kk`,`no_indeks_kk`),
  ADD KEY `puskesmas_id_status_kode` (`puskesmas_id`,`status`,`kode`),
  ADD KEY `puskesmas_id_status` (`puskesmas_id`,`status`);

--
-- Indexes for table `pasien_kosong`
--
ALTER TABLE `pasien_kosong`
  ADD PRIMARY KEY (`id`);

--
-- Indexes for table `pemakaian_obat`
--
ALTER TABLE `pemakaian_obat`
  ADD PRIMARY KEY (`id`);

--
-- Indexes for table `pendidikan`
--
ALTER TABLE `pendidikan`
  ADD PRIMARY KEY (`id`);

--
-- Indexes for table `penerimaan_obat`
--
ALTER TABLE `penerimaan_obat`
  ADD PRIMARY KEY (`id`);

--
-- Indexes for table `penerimaan_obat_detail`
--
ALTER TABLE `penerimaan_obat_detail`
  ADD PRIMARY KEY (`id`);

--
-- Indexes for table `penyakit`
--
ALTER TABLE `penyakit`
  ADD PRIMARY KEY (`kode`),
  ADD UNIQUE KEY `id` (`id`);

--
-- Indexes for table `penyakit_jenis`
--
ALTER TABLE `penyakit_jenis`
  ADD PRIMARY KEY (`id`);

--
-- Indexes for table `penyakit_poli_gigi`
--
ALTER TABLE `penyakit_poli_gigi`
  ADD PRIMARY KEY (`id`);

--
-- Indexes for table `permintaan_obat`
--
ALTER TABLE `permintaan_obat`
  ADD PRIMARY KEY (`id`);

--
-- Indexes for table `permintaan_obat_detail`
--
ALTER TABLE `permintaan_obat_detail`
  ADD PRIMARY KEY (`id`);

--
-- Indexes for table `perujuk`
--
ALTER TABLE `perujuk`
  ADD PRIMARY KEY (`id`);

--
-- Indexes for table `poli`
--
ALTER TABLE `poli`
  ADD PRIMARY KEY (`id`);

--
-- Indexes for table `poli_puskesmas`
--
ALTER TABLE `poli_puskesmas`
  ADD PRIMARY KEY (`id`);

--
-- Indexes for table `profesi`
--
ALTER TABLE `profesi`
  ADD PRIMARY KEY (`id`);

--
-- Indexes for table `puskesmas`
--
ALTER TABLE `puskesmas`
  ADD PRIMARY KEY (`id`);

--
-- Indexes for table `puskesmas_wilayah`
--
ALTER TABLE `puskesmas_wilayah`
  ADD PRIMARY KEY (`id`);

--
-- Indexes for table `role`
--
ALTER TABLE `role`
  ADD PRIMARY KEY (`id`);

--
-- Indexes for table `role_action`
--
ALTER TABLE `role_action`
  ADD PRIMARY KEY (`id`),
  ADD KEY `role_id` (`role_id`),
  ADD KEY `action_id` (`action_id`);

--
-- Indexes for table `role_menu`
--
ALTER TABLE `role_menu`
  ADD PRIMARY KEY (`id`),
  ADD KEY `role_id` (`role_id`),
  ADD KEY `menu_id` (`menu_id`);

--
-- Indexes for table `rumah_sakit`
--
ALTER TABLE `rumah_sakit`
  ADD PRIMARY KEY (`id`);

--
-- Indexes for table `session`
--
ALTER TABLE `session`
  ADD PRIMARY KEY (`id`);

--
-- Indexes for table `setting_farmasi`
--
ALTER TABLE `setting_farmasi`
  ADD PRIMARY KEY (`id`);

--
-- Indexes for table `status_dilayani`
--
ALTER TABLE `status_dilayani`
  ADD PRIMARY KEY (`id`);

--
-- Indexes for table `stock_opname_obat`
--
ALTER TABLE `stock_opname_obat`
  ADD PRIMARY KEY (`id`);

--
-- Indexes for table `stok_awal`
--
ALTER TABLE `stok_awal`
  ADD PRIMARY KEY (`id`);

--
-- Indexes for table `stok_awal_detail`
--
ALTER TABLE `stok_awal_detail`
  ADD PRIMARY KEY (`id`);

--
-- Indexes for table `supplier`
--
ALTER TABLE `supplier`
  ADD PRIMARY KEY (`id`);

--
-- Indexes for table `tindakan`
--
ALTER TABLE `tindakan`
  ADD PRIMARY KEY (`id`),
  ADD UNIQUE KEY `kode` (`kode`),
  ADD KEY `IDTINDAKAN` (`kode`);

--
-- Indexes for table `tindakan_harga`
--
ALTER TABLE `tindakan_harga`
  ADD PRIMARY KEY (`id`);

--
-- Indexes for table `tindakan_kategori`
--
ALTER TABLE `tindakan_kategori`
  ADD PRIMARY KEY (`id`);

--
-- Indexes for table `transaksi_antrian`
--
ALTER TABLE `transaksi_antrian`
  ADD PRIMARY KEY (`id`),
  ADD KEY `puskesmas_id_poli_tujuan_waktu_pasien_id_kunjungan_id_status` (`puskesmas_id`,`poli_tujuan`,`waktu`,`pasien_id`,`kunjungan_id`,`status`),
  ADD KEY `kunjungan_id` (`kunjungan_id`),
  ADD KEY `medical_record_id` (`medical_record_id`),
  ADD KEY `id` (`id`);

--
-- Indexes for table `transaksi_diagnosa`
--
ALTER TABLE `transaksi_diagnosa`
  ADD PRIMARY KEY (`id`),
  ADD KEY `penyakit_id_jenis_kasus_medical_record_id` (`penyakit_id`,`jenis_kasus`,`medical_record_id`),
  ADD KEY `medical_record_id` (`medical_record_id`),
  ADD KEY `id` (`id`);

--
-- Indexes for table `transaksi_kehamilan`
--
ALTER TABLE `transaksi_kehamilan`
  ADD PRIMARY KEY (`id`),
  ADD KEY `id` (`id`),
  ADD KEY `pasien_id` (`pasien_id`);

--
-- Indexes for table `transaksi_kunjungan`
--
ALTER TABLE `transaksi_kunjungan`
  ADD PRIMARY KEY (`id`),
  ADD KEY `pasien_id_waktu_puskesmas_id_status` (`pasien_id`,`waktu`,`puskesmas_id`,`status`),
  ADD KEY `waktu_puskesmas_id` (`waktu`,`puskesmas_id`),
  ADD KEY `id` (`id`);

--
-- Indexes for table `transaksi_laborat`
--
ALTER TABLE `transaksi_laborat`
  ADD PRIMARY KEY (`id`),
  ADD KEY `waktu_status_dilayani_status_pembayaran_status` (`waktu`,`status_dilayani`,`status_pembayaran`,`status`),
  ADD KEY `medical_record_id` (`medical_record_id`),
  ADD KEY `id` (`id`);

--
-- Indexes for table `transaksi_luar_gedung`
--
ALTER TABLE `transaksi_luar_gedung`
  ADD PRIMARY KEY (`id`),
  ADD KEY `pasien_id_puskesmas_id` (`pasien_id`,`puskesmas_id`);

--
-- Indexes for table `transaksi_medical_record`
--
ALTER TABLE `transaksi_medical_record`
  ADD PRIMARY KEY (`id`),
  ADD KEY `pasien_id_kunjungan_id` (`pasien_id`,`kunjungan_id`),
  ADD KEY `kunjungan_id` (`kunjungan_id`),
  ADD KEY `pasien_id` (`pasien_id`),
  ADD KEY `id` (`id`);

--
-- Indexes for table `transaksi_obat_injeksi`
--
ALTER TABLE `transaksi_obat_injeksi`
  ADD PRIMARY KEY (`id`),
  ADD KEY `obat_id_status_pembayaran_status` (`obat_id`,`status_pembayaran`,`status`),
  ADD KEY `medical_record_id` (`medical_record_id`),
  ADD KEY `id` (`id`);

--
-- Indexes for table `transaksi_obat_non_injeksi`
--
ALTER TABLE `transaksi_obat_non_injeksi`
  ADD PRIMARY KEY (`id`),
  ADD KEY `medical_record_id` (`medical_record_id`),
  ADD KEY `id` (`id`);

--
-- Indexes for table `transaksi_pemeriksaan_kehamilan`
--
ALTER TABLE `transaksi_pemeriksaan_kehamilan`
  ADD PRIMARY KEY (`id`),
  ADD KEY `medical_record_id` (`medical_record_id`),
  ADD KEY `id` (`id`);

--
-- Indexes for table `transaksi_penjualan`
--
ALTER TABLE `transaksi_penjualan`
  ADD PRIMARY KEY (`id`),
  ADD KEY `kunjungan_id` (`kunjungan_id`),
  ADD KEY `id` (`id`);

--
-- Indexes for table `transaksi_penjualan_detail`
--
ALTER TABLE `transaksi_penjualan_detail`
  ADD PRIMARY KEY (`id`),
  ADD KEY `penjualan_id` (`penjualan_id`);

--
-- Indexes for table `transaksi_poned`
--
ALTER TABLE `transaksi_poned`
  ADD PRIMARY KEY (`id`),
  ADD KEY `pasien_id` (`pasien_id`),
  ADD KEY `medical_record_id` (`medical_record_id`),
  ADD KEY `id` (`id`);

--
-- Indexes for table `transaksi_rawat_inap`
--
ALTER TABLE `transaksi_rawat_inap`
  ADD PRIMARY KEY (`id`),
  ADD KEY `pasien_id` (`pasien_id`),
  ADD KEY `medical_record_id` (`medical_record_id`),
  ADD KEY `id` (`id`);

--
-- Indexes for table `transaksi_tindakan`
--
ALTER TABLE `transaksi_tindakan`
  ADD PRIMARY KEY (`id`),
  ADD KEY `tindakan_id` (`tindakan_id`),
  ADD KEY `medical_record_id` (`medical_record_id`),
  ADD KEY `id` (`id`);

--
-- Indexes for table `transaksi_ugd`
--
ALTER TABLE `transaksi_ugd`
  ADD PRIMARY KEY (`id`),
  ADD KEY `pasien_id` (`pasien_id`),
  ADD KEY `medical_record_id` (`medical_record_id`),
  ADD KEY `id` (`id`);

--
-- Indexes for table `user`
--
ALTER TABLE `user`
  ADD PRIMARY KEY (`id`),
  ADD UNIQUE KEY `username` (`username`),
  ADD KEY `role_id` (`role_id`);

--
-- Indexes for table `user_log`
--
ALTER TABLE `user_log`
  ADD PRIMARY KEY (`id`),
  ADD KEY `waktu_user_id_user_level_id` (`waktu`,`user_id`,`user_level_id`);

--
-- Indexes for table `wilayah_desa`
--
ALTER TABLE `wilayah_desa`
  ADD PRIMARY KEY (`id`),
  ADD KEY `propinsi_id_kabupaten_id_kecamatan_id_desa_id_nama` (`propinsi_id`,`kabupaten_id`,`kecamatan_id`,`desa_id`,`nama`),
  ADD KEY `id` (`id`);

--
-- Indexes for table `wilayah_kabupaten`
--
ALTER TABLE `wilayah_kabupaten`
  ADD PRIMARY KEY (`id`),
  ADD KEY `propinsi_id` (`propinsi_id`);

--
-- Indexes for table `wilayah_kecamatan`
--
ALTER TABLE `wilayah_kecamatan`
  ADD PRIMARY KEY (`id`),
  ADD UNIQUE KEY `id` (`id`),
  ADD KEY `propinsi_id_kabupaten_id_kecamatan_id` (`propinsi_id`,`kabupaten_id`,`kecamatan_id`);

--
-- Indexes for table `wilayah_propinsi`
--
ALTER TABLE `wilayah_propinsi`
  ADD PRIMARY KEY (`id`);

--
-- AUTO_INCREMENT for dumped tables
--

--
-- AUTO_INCREMENT for table `action`
--
ALTER TABLE `action`
  MODIFY `id` int(11) NOT NULL AUTO_INCREMENT, AUTO_INCREMENT=36;
--
-- AUTO_INCREMENT for table `agama`
--
ALTER TABLE `agama`
  MODIFY `id` int(11) NOT NULL AUTO_INCREMENT, AUTO_INCREMENT=7;
--
-- AUTO_INCREMENT for table `data_dasar`
--
ALTER TABLE `data_dasar`
  MODIFY `id` int(11) NOT NULL AUTO_INCREMENT, AUTO_INCREMENT=2;
--
-- AUTO_INCREMENT for table `data_gigi`
--
ALTER TABLE `data_gigi`
  MODIFY `id` int(11) NOT NULL AUTO_INCREMENT, AUTO_INCREMENT=2;
--
-- AUTO_INCREMENT for table `data_gizi`
--
ALTER TABLE `data_gizi`
  MODIFY `id` int(11) NOT NULL AUTO_INCREMENT;
--
-- AUTO_INCREMENT for table `data_imunisasi`
--
ALTER TABLE `data_imunisasi`
  MODIFY `id` int(11) NOT NULL AUTO_INCREMENT;
--
-- AUTO_INCREMENT for table `data_kb`
--
ALTER TABLE `data_kb`
  MODIFY `id` int(11) NOT NULL AUTO_INCREMENT;
--
-- AUTO_INCREMENT for table `data_keg_puskesmas`
--
ALTER TABLE `data_keg_puskesmas`
  MODIFY `id` int(11) NOT NULL AUTO_INCREMENT;
--
-- AUTO_INCREMENT for table `data_kematian_bayi`
--
ALTER TABLE `data_kematian_bayi`
  MODIFY `id` int(11) NOT NULL AUTO_INCREMENT;
--
-- AUTO_INCREMENT for table `data_kematian_ibu`
--
ALTER TABLE `data_kematian_ibu`
  MODIFY `id` int(11) NOT NULL AUTO_INCREMENT;
--
-- AUTO_INCREMENT for table `data_kesling`
--
ALTER TABLE `data_kesling`
  MODIFY `id` int(11) NOT NULL AUTO_INCREMENT;
--
-- AUTO_INCREMENT for table `data_kia`
--
ALTER TABLE `data_kia`
  MODIFY `id` int(11) NOT NULL AUTO_INCREMENT;
--
-- AUTO_INCREMENT for table `data_promkes`
--
ALTER TABLE `data_promkes`
  MODIFY `id` int(11) NOT NULL AUTO_INCREMENT;
--
-- AUTO_INCREMENT for table `data_uks`
--
ALTER TABLE `data_uks`
  MODIFY `id` int(11) NOT NULL AUTO_INCREMENT;
--
-- AUTO_INCREMENT for table `departemen`
--
ALTER TABLE `departemen`
  MODIFY `id` int(11) NOT NULL AUTO_INCREMENT, AUTO_INCREMENT=178;
--
-- AUTO_INCREMENT for table `departemen_jenis`
--
ALTER TABLE `departemen_jenis`
  MODIFY `id` int(11) NOT NULL AUTO_INCREMENT, AUTO_INCREMENT=5;
--
-- AUTO_INCREMENT for table `detail_gigi`
--
ALTER TABLE `detail_gigi`
  MODIFY `id` int(10) NOT NULL AUTO_INCREMENT;
--
-- AUTO_INCREMENT for table `distribusi_obat`
--
ALTER TABLE `distribusi_obat`
  MODIFY `id` int(11) NOT NULL AUTO_INCREMENT;
--
-- AUTO_INCREMENT for table `distribusi_obat_detail`
--
ALTER TABLE `distribusi_obat_detail`
  MODIFY `id` int(11) NOT NULL AUTO_INCREMENT;
--
-- AUTO_INCREMENT for table `distribusi_obat_tujuan`
--
ALTER TABLE `distribusi_obat_tujuan`
  MODIFY `id` int(11) NOT NULL AUTO_INCREMENT, AUTO_INCREMENT=38;
--
-- AUTO_INCREMENT for table `dokter_penanggung_jawab`
--
ALTER TABLE `dokter_penanggung_jawab`
  MODIFY `id` int(11) NOT NULL AUTO_INCREMENT, AUTO_INCREMENT=41;
--
-- AUTO_INCREMENT for table `error_log`
--
ALTER TABLE `error_log`
  MODIFY `id` int(11) NOT NULL AUTO_INCREMENT;
--
-- AUTO_INCREMENT for table `execution_time_log`
--
ALTER TABLE `execution_time_log`
  MODIFY `id` int(11) NOT NULL AUTO_INCREMENT;
--
-- AUTO_INCREMENT for table `hak_akses`
--
ALTER TABLE `hak_akses`
  MODIFY `id` int(11) NOT NULL AUTO_INCREMENT, AUTO_INCREMENT=4815;
--
-- AUTO_INCREMENT for table `hasil_laborat`
--
ALTER TABLE `hasil_laborat`
  MODIFY `id` int(5) NOT NULL AUTO_INCREMENT, AUTO_INCREMENT=68;
--
-- AUTO_INCREMENT for table `jenis_pegawai`
--
ALTER TABLE `jenis_pegawai`
  MODIFY `id` int(11) NOT NULL AUTO_INCREMENT, AUTO_INCREMENT=6;
--
-- AUTO_INCREMENT for table `jenis_pembayaran`
--
ALTER TABLE `jenis_pembayaran`
  MODIFY `id` int(11) NOT NULL AUTO_INCREMENT, AUTO_INCREMENT=14;
--
-- AUTO_INCREMENT for table `jenis_pembayaran_kategori`
--
ALTER TABLE `jenis_pembayaran_kategori`
  MODIFY `id` int(11) NOT NULL AUTO_INCREMENT, AUTO_INCREMENT=4;
--
-- AUTO_INCREMENT for table `kartu_stok`
--
ALTER TABLE `kartu_stok`
  MODIFY `id` int(11) NOT NULL AUTO_INCREMENT;
--
-- AUTO_INCREMENT for table `kasir`
--
ALTER TABLE `kasir`
  MODIFY `id` int(10) NOT NULL AUTO_INCREMENT;
--
-- AUTO_INCREMENT for table `keadaan_akhir`
--
ALTER TABLE `keadaan_akhir`
  MODIFY `id` int(2) NOT NULL AUTO_INCREMENT, AUTO_INCREMENT=20;
--
-- AUTO_INCREMENT for table `keperluan`
--
ALTER TABLE `keperluan`
  MODIFY `id` int(2) NOT NULL AUTO_INCREMENT, AUTO_INCREMENT=9;
--
-- AUTO_INCREMENT for table `kriteria_penyakit`
--
ALTER TABLE `kriteria_penyakit`
  MODIFY `id` int(2) NOT NULL AUTO_INCREMENT, AUTO_INCREMENT=5;
--
-- AUTO_INCREMENT for table `laborat`
--
ALTER TABLE `laborat`
  MODIFY `id` int(11) NOT NULL AUTO_INCREMENT, AUTO_INCREMENT=38;
--
-- AUTO_INCREMENT for table `laborat_harga`
--
ALTER TABLE `laborat_harga`
  MODIFY `id` int(11) NOT NULL AUTO_INCREMENT, AUTO_INCREMENT=160;
--
-- AUTO_INCREMENT for table `laborat_kategori`
--
ALTER TABLE `laborat_kategori`
  MODIFY `id` int(11) NOT NULL AUTO_INCREMENT, AUTO_INCREMENT=11;
--
-- AUTO_INCREMENT for table `lb1_jenis_laporan`
--
ALTER TABLE `lb1_jenis_laporan`
  MODIFY `id` int(11) NOT NULL AUTO_INCREMENT, AUTO_INCREMENT=18;
--
-- AUTO_INCREMENT for table `lb1_jenis_laporan_detail`
--
ALTER TABLE `lb1_jenis_laporan_detail`
  MODIFY `id` int(11) NOT NULL AUTO_INCREMENT, AUTO_INCREMENT=490;
--
-- AUTO_INCREMENT for table `log_brute_force`
--
ALTER TABLE `log_brute_force`
  MODIFY `id` int(11) NOT NULL AUTO_INCREMENT;
--
-- AUTO_INCREMENT for table `log_ip_blacklist`
--
ALTER TABLE `log_ip_blacklist`
  MODIFY `id` int(11) NOT NULL AUTO_INCREMENT, AUTO_INCREMENT=727;
--
-- AUTO_INCREMENT for table `menu`
--
ALTER TABLE `menu`
  MODIFY `id` int(11) NOT NULL AUTO_INCREMENT, AUTO_INCREMENT=6;
--
-- AUTO_INCREMENT for table `module`
--
ALTER TABLE `module`
  MODIFY `id` int(5) NOT NULL AUTO_INCREMENT, AUTO_INCREMENT=103;
--
-- AUTO_INCREMENT for table `obat`
--
ALTER TABLE `obat`
  MODIFY `id` int(11) NOT NULL AUTO_INCREMENT, AUTO_INCREMENT=455;
--
-- AUTO_INCREMENT for table `obat_departemen`
--
ALTER TABLE `obat_departemen`
  MODIFY `id` int(11) NOT NULL AUTO_INCREMENT;
--
-- AUTO_INCREMENT for table `obat_jenis`
--
ALTER TABLE `obat_jenis`
  MODIFY `id` int(11) NOT NULL AUTO_INCREMENT, AUTO_INCREMENT=7;
--
-- AUTO_INCREMENT for table `obat_lama`
--
ALTER TABLE `obat_lama`
  MODIFY `id` int(11) NOT NULL AUTO_INCREMENT, AUTO_INCREMENT=424;
--
-- AUTO_INCREMENT for table `obat_lplpo_harian`
--
ALTER TABLE `obat_lplpo_harian`
  MODIFY `id` int(11) NOT NULL AUTO_INCREMENT;
--
-- AUTO_INCREMENT for table `obat_lplpo_unit`
--
ALTER TABLE `obat_lplpo_unit`
  MODIFY `id` int(11) NOT NULL AUTO_INCREMENT;
--
-- AUTO_INCREMENT for table `obat_puskesmas`
--
ALTER TABLE `obat_puskesmas`
  MODIFY `id` int(11) NOT NULL AUTO_INCREMENT, AUTO_INCREMENT=3;
--
-- AUTO_INCREMENT for table `obat_rusak`
--
ALTER TABLE `obat_rusak`
  MODIFY `id` int(11) NOT NULL AUTO_INCREMENT, AUTO_INCREMENT=6;
--
-- AUTO_INCREMENT for table `obat_rusak_detail`
--
ALTER TABLE `obat_rusak_detail`
  MODIFY `id` int(11) NOT NULL AUTO_INCREMENT, AUTO_INCREMENT=17;
--
-- AUTO_INCREMENT for table `obat_satuan`
--
ALTER TABLE `obat_satuan`
  MODIFY `id` int(11) NOT NULL AUTO_INCREMENT, AUTO_INCREMENT=28;
--
-- AUTO_INCREMENT for table `obat_stok_history`
--
ALTER TABLE `obat_stok_history`
  MODIFY `id` int(11) NOT NULL AUTO_INCREMENT, AUTO_INCREMENT=373;
--
-- AUTO_INCREMENT for table `pasien`
--
ALTER TABLE `pasien`
  MODIFY `id` int(11) NOT NULL AUTO_INCREMENT;
--
-- AUTO_INCREMENT for table `pasien_kosong`
--
ALTER TABLE `pasien_kosong`
  MODIFY `id` int(11) NOT NULL AUTO_INCREMENT;
--
-- AUTO_INCREMENT for table `pemakaian_obat`
--
ALTER TABLE `pemakaian_obat`
  MODIFY `id` int(11) NOT NULL AUTO_INCREMENT;
--
-- AUTO_INCREMENT for table `pendidikan`
--
ALTER TABLE `pendidikan`
  MODIFY `id` int(2) NOT NULL AUTO_INCREMENT, AUTO_INCREMENT=8;
--
-- AUTO_INCREMENT for table `penerimaan_obat`
--
ALTER TABLE `penerimaan_obat`
  MODIFY `id` int(11) NOT NULL AUTO_INCREMENT;
--
-- AUTO_INCREMENT for table `penerimaan_obat_detail`
--
ALTER TABLE `penerimaan_obat_detail`
  MODIFY `id` int(11) NOT NULL AUTO_INCREMENT;
--
-- AUTO_INCREMENT for table `penyakit`
--
ALTER TABLE `penyakit`
  MODIFY `id` int(11) NOT NULL AUTO_INCREMENT;
--
-- AUTO_INCREMENT for table `penyakit_jenis`
--
ALTER TABLE `penyakit_jenis`
  MODIFY `id` int(11) NOT NULL AUTO_INCREMENT, AUTO_INCREMENT=3;
--
-- AUTO_INCREMENT for table `penyakit_poli_gigi`
--
ALTER TABLE `penyakit_poli_gigi`
  MODIFY `id` int(3) NOT NULL AUTO_INCREMENT, AUTO_INCREMENT=6;
--
-- AUTO_INCREMENT for table `permintaan_obat`
--
ALTER TABLE `permintaan_obat`
  MODIFY `id` int(11) NOT NULL AUTO_INCREMENT, AUTO_INCREMENT=14;
--
-- AUTO_INCREMENT for table `permintaan_obat_detail`
--
ALTER TABLE `permintaan_obat_detail`
  MODIFY `id` int(11) NOT NULL AUTO_INCREMENT, AUTO_INCREMENT=67;
--
-- AUTO_INCREMENT for table `perujuk`
--
ALTER TABLE `perujuk`
  MODIFY `id` int(2) NOT NULL AUTO_INCREMENT, AUTO_INCREMENT=9;
--
-- AUTO_INCREMENT for table `poli`
--
ALTER TABLE `poli`
  MODIFY `id` int(2) NOT NULL AUTO_INCREMENT, AUTO_INCREMENT=28;
--
-- AUTO_INCREMENT for table `poli_puskesmas`
--
ALTER TABLE `poli_puskesmas`
  MODIFY `id` int(11) NOT NULL AUTO_INCREMENT, AUTO_INCREMENT=1103;
--
-- AUTO_INCREMENT for table `profesi`
--
ALTER TABLE `profesi`
  MODIFY `id` int(2) NOT NULL AUTO_INCREMENT, AUTO_INCREMENT=150;
--
-- AUTO_INCREMENT for table `puskesmas`
--
ALTER TABLE `puskesmas`
  MODIFY `id` int(11) NOT NULL AUTO_INCREMENT, AUTO_INCREMENT=100;
--
-- AUTO_INCREMENT for table `puskesmas_wilayah`
--
ALTER TABLE `puskesmas_wilayah`
  MODIFY `id` int(11) NOT NULL AUTO_INCREMENT, AUTO_INCREMENT=203;
--
-- AUTO_INCREMENT for table `role`
--
ALTER TABLE `role`
  MODIFY `id` int(11) NOT NULL AUTO_INCREMENT, AUTO_INCREMENT=4;
--
-- AUTO_INCREMENT for table `role_action`
--
ALTER TABLE `role_action`
  MODIFY `id` int(11) NOT NULL AUTO_INCREMENT, AUTO_INCREMENT=120;
--
-- AUTO_INCREMENT for table `role_menu`
--
ALTER TABLE `role_menu`
  MODIFY `id` int(11) NOT NULL AUTO_INCREMENT, AUTO_INCREMENT=76;
--
-- AUTO_INCREMENT for table `rumah_sakit`
--
ALTER TABLE `rumah_sakit`
  MODIFY `id` int(11) NOT NULL AUTO_INCREMENT, AUTO_INCREMENT=14;
--
-- AUTO_INCREMENT for table `session`
--
ALTER TABLE `session`
  MODIFY `id` int(11) NOT NULL AUTO_INCREMENT, AUTO_INCREMENT=63;
--
-- AUTO_INCREMENT for table `setting_farmasi`
--
ALTER TABLE `setting_farmasi`
  MODIFY `id` int(11) NOT NULL AUTO_INCREMENT, AUTO_INCREMENT=14;
--
-- AUTO_INCREMENT for table `stock_opname_obat`
--
ALTER TABLE `stock_opname_obat`
  MODIFY `id` int(11) NOT NULL AUTO_INCREMENT;
--
-- AUTO_INCREMENT for table `stok_awal`
--
ALTER TABLE `stok_awal`
  MODIFY `id` int(11) NOT NULL AUTO_INCREMENT;
--
-- AUTO_INCREMENT for table `stok_awal_detail`
--
ALTER TABLE `stok_awal_detail`
  MODIFY `id` int(11) NOT NULL AUTO_INCREMENT;
--
-- AUTO_INCREMENT for table `supplier`
--
ALTER TABLE `supplier`
  MODIFY `id` int(11) NOT NULL AUTO_INCREMENT, AUTO_INCREMENT=4;
--
-- AUTO_INCREMENT for table `tindakan`
--
ALTER TABLE `tindakan`
  MODIFY `id` int(11) NOT NULL AUTO_INCREMENT, AUTO_INCREMENT=44;
--
-- AUTO_INCREMENT for table `tindakan_harga`
--
ALTER TABLE `tindakan_harga`
  MODIFY `id` int(11) NOT NULL AUTO_INCREMENT, AUTO_INCREMENT=176;
--
-- AUTO_INCREMENT for table `tindakan_kategori`
--
ALTER TABLE `tindakan_kategori`
  MODIFY `id` int(11) NOT NULL AUTO_INCREMENT, AUTO_INCREMENT=15;
--
-- AUTO_INCREMENT for table `transaksi_antrian`
--
ALTER TABLE `transaksi_antrian`
  MODIFY `id` int(10) NOT NULL AUTO_INCREMENT;
--
-- AUTO_INCREMENT for table `transaksi_diagnosa`
--
ALTER TABLE `transaksi_diagnosa`
  MODIFY `id` int(10) NOT NULL AUTO_INCREMENT;
--
-- AUTO_INCREMENT for table `transaksi_kehamilan`
--
ALTER TABLE `transaksi_kehamilan`
  MODIFY `id` int(11) NOT NULL AUTO_INCREMENT;
--
-- AUTO_INCREMENT for table `transaksi_kunjungan`
--
ALTER TABLE `transaksi_kunjungan`
  MODIFY `id` int(10) NOT NULL AUTO_INCREMENT;
--
-- AUTO_INCREMENT for table `transaksi_laborat`
--
ALTER TABLE `transaksi_laborat`
  MODIFY `id` int(10) NOT NULL AUTO_INCREMENT;
--
-- AUTO_INCREMENT for table `transaksi_luar_gedung`
--
ALTER TABLE `transaksi_luar_gedung`
  MODIFY `id` int(11) NOT NULL AUTO_INCREMENT;
--
-- AUTO_INCREMENT for table `transaksi_medical_record`
--
ALTER TABLE `transaksi_medical_record`
  MODIFY `id` int(10) NOT NULL AUTO_INCREMENT;
--
-- AUTO_INCREMENT for table `transaksi_obat_injeksi`
--
ALTER TABLE `transaksi_obat_injeksi`
  MODIFY `id` int(10) NOT NULL AUTO_INCREMENT;
--
-- AUTO_INCREMENT for table `transaksi_obat_non_injeksi`
--
ALTER TABLE `transaksi_obat_non_injeksi`
  MODIFY `id` int(10) NOT NULL AUTO_INCREMENT;
--
-- AUTO_INCREMENT for table `transaksi_pemeriksaan_kehamilan`
--
ALTER TABLE `transaksi_pemeriksaan_kehamilan`
  MODIFY `id` int(11) NOT NULL AUTO_INCREMENT;
--
-- AUTO_INCREMENT for table `transaksi_penjualan`
--
ALTER TABLE `transaksi_penjualan`
  MODIFY `id` int(10) NOT NULL AUTO_INCREMENT;
--
-- AUTO_INCREMENT for table `transaksi_penjualan_detail`
--
ALTER TABLE `transaksi_penjualan_detail`
  MODIFY `id` int(10) NOT NULL AUTO_INCREMENT;
--
-- AUTO_INCREMENT for table `transaksi_poned`
--
ALTER TABLE `transaksi_poned`
  MODIFY `id` int(10) NOT NULL AUTO_INCREMENT;
--
-- AUTO_INCREMENT for table `transaksi_rawat_inap`
--
ALTER TABLE `transaksi_rawat_inap`
  MODIFY `id` int(10) NOT NULL AUTO_INCREMENT;
--
-- AUTO_INCREMENT for table `transaksi_tindakan`
--
ALTER TABLE `transaksi_tindakan`
  MODIFY `id` int(10) NOT NULL AUTO_INCREMENT;
--
-- AUTO_INCREMENT for table `transaksi_ugd`
--
ALTER TABLE `transaksi_ugd`
  MODIFY `id` int(10) NOT NULL AUTO_INCREMENT;
--
-- AUTO_INCREMENT for table `user`
--
ALTER TABLE `user`
  MODIFY `id` int(11) NOT NULL AUTO_INCREMENT, AUTO_INCREMENT=3;
--
-- AUTO_INCREMENT for table `user_log`
--
ALTER TABLE `user_log`
  MODIFY `id` int(11) NOT NULL AUTO_INCREMENT;
--
-- AUTO_INCREMENT for table `wilayah_desa`
--
ALTER TABLE `wilayah_desa`
  MODIFY `id` bigint(20) NOT NULL AUTO_INCREMENT;
--
-- AUTO_INCREMENT for table `wilayah_kecamatan`
--
ALTER TABLE `wilayah_kecamatan`
  MODIFY `id` int(11) NOT NULL AUTO_INCREMENT;
--
-- Constraints for dumped tables
--

--
-- Constraints for table `menu`
--
ALTER TABLE `menu`
  ADD CONSTRAINT `menu_ibfk_1` FOREIGN KEY (`parent_id`) REFERENCES `menu` (`id`);

--
-- Constraints for table `role_action`
--
ALTER TABLE `role_action`
  ADD CONSTRAINT `role_action_ibfk_1` FOREIGN KEY (`role_id`) REFERENCES `role` (`id`),
  ADD CONSTRAINT `role_action_ibfk_2` FOREIGN KEY (`action_id`) REFERENCES `action` (`id`);

--
-- Constraints for table `role_menu`
--
ALTER TABLE `role_menu`
  ADD CONSTRAINT `role_menu_ibfk_1` FOREIGN KEY (`role_id`) REFERENCES `role` (`id`),
  ADD CONSTRAINT `role_menu_ibfk_2` FOREIGN KEY (`menu_id`) REFERENCES `menu` (`id`);

--
-- Constraints for table `user`
--
ALTER TABLE `user`
  ADD CONSTRAINT `user_ibfk_1` FOREIGN KEY (`role_id`) REFERENCES `role` (`id`);

/*!40101 SET CHARACTER_SET_CLIENT=@OLD_CHARACTER_SET_CLIENT */;
/*!40101 SET CHARACTER_SET_RESULTS=@OLD_CHARACTER_SET_RESULTS */;
/*!40101 SET COLLATION_CONNECTION=@OLD_COLLATION_CONNECTION */;
